-- MySQL dump 10.13  Distrib 8.0.20, for Win64 (x86_64)
--
-- Host: localhost    Database: vk
-- ------------------------------------------------------
-- Server version	8.0.20

/*!40101 SET @OLD_CHARACTER_SET_CLIENT=@@CHARACTER_SET_CLIENT */;
/*!40101 SET @OLD_CHARACTER_SET_RESULTS=@@CHARACTER_SET_RESULTS */;
/*!40101 SET @OLD_COLLATION_CONNECTION=@@COLLATION_CONNECTION */;
/*!50503 SET NAMES utf8mb4 */;
/*!40103 SET @OLD_TIME_ZONE=@@TIME_ZONE */;
/*!40103 SET TIME_ZONE='+00:00' */;
/*!40014 SET @OLD_UNIQUE_CHECKS=@@UNIQUE_CHECKS, UNIQUE_CHECKS=0 */;
/*!40014 SET @OLD_FOREIGN_KEY_CHECKS=@@FOREIGN_KEY_CHECKS, FOREIGN_KEY_CHECKS=0 */;
/*!40101 SET @OLD_SQL_MODE=@@SQL_MODE, SQL_MODE='NO_AUTO_VALUE_ON_ZERO' */;
/*!40111 SET @OLD_SQL_NOTES=@@SQL_NOTES, SQL_NOTES=0 */;

--
-- Table structure for table `communities`
--

DROP TABLE IF EXISTS `communities`;
/*!40101 SET @saved_cs_client     = @@character_set_client */;
/*!50503 SET character_set_client = utf8mb4 */;
CREATE TABLE `communities` (
  `id` int unsigned NOT NULL AUTO_INCREMENT,
  `name` varchar(150) CHARACTER SET utf8 COLLATE utf8_unicode_ci NOT NULL,
  PRIMARY KEY (`id`),
  UNIQUE KEY `name` (`name`)
) ENGINE=InnoDB AUTO_INCREMENT=201 DEFAULT CHARSET=utf8 COLLATE=utf8_unicode_ci;
/*!40101 SET character_set_client = @saved_cs_client */;

--
-- Dumping data for table `communities`
--

LOCK TABLES `communities` WRITE;
/*!40000 ALTER TABLE `communities` DISABLE KEYS */;
INSERT INTO `communities` VALUES (140,'a'),(182,'accusantium'),(127,'adipisci'),(125,'aliquam'),(105,'animi'),(170,'aperiam'),(196,'asperiores'),(128,'aspernatur'),(114,'at'),(117,'aut'),(116,'autem'),(137,'beatae'),(176,'commodi'),(162,'corporis'),(149,'corrupti'),(107,'cumque'),(124,'cupiditate'),(191,'deleniti'),(174,'dignissimos'),(199,'dolor'),(154,'dolore'),(177,'doloremque'),(123,'dolores'),(120,'doloribus'),(144,'ducimus'),(121,'ea'),(171,'earum'),(111,'eius'),(134,'est'),(119,'et'),(151,'eum'),(139,'eveniet'),(181,'excepturi'),(189,'explicabo'),(185,'facere'),(188,'facilis'),(192,'fuga'),(106,'fugiat'),(172,'fugit'),(150,'hic'),(156,'id'),(195,'illum'),(113,'in'),(175,'ipsa'),(110,'ipsam'),(135,'ipsum'),(160,'itaque'),(142,'labore'),(122,'laborum'),(143,'libero'),(193,'magni'),(184,'maiores'),(164,'minus'),(155,'natus'),(194,'necessitatibus'),(200,'nesciunt'),(133,'nihil'),(159,'nisi'),(187,'non'),(197,'nostrum'),(190,'officia'),(161,'omnis'),(136,'pariatur'),(138,'perferendis'),(147,'perspiciatis'),(165,'placeat'),(186,'porro'),(183,'praesentium'),(173,'provident'),(148,'quaerat'),(179,'quam'),(108,'qui'),(145,'quia'),(102,'quibusdam'),(153,'quidem'),(198,'quis'),(169,'quisquam'),(163,'quo'),(180,'quos'),(101,'recusandae'),(129,'reiciendis'),(103,'repellat'),(109,'repudiandae'),(168,'rerum'),(141,'saepe'),(158,'sapiente'),(132,'sed'),(178,'sint'),(126,'sit'),(166,'soluta'),(146,'sunt'),(152,'tempora'),(131,'tenetur'),(118,'unde'),(112,'ut'),(167,'vel'),(130,'vero'),(104,'voluptas'),(115,'voluptatem'),(157,'voluptatibus');
/*!40000 ALTER TABLE `communities` ENABLE KEYS */;
UNLOCK TABLES;

--
-- Table structure for table `communities_users`
--

DROP TABLE IF EXISTS `communities_users`;
/*!40101 SET @saved_cs_client     = @@character_set_client */;
/*!50503 SET character_set_client = utf8mb4 */;
CREATE TABLE `communities_users` (
  `community_id` int unsigned NOT NULL,
  `user_id` int unsigned NOT NULL,
  PRIMARY KEY (`community_id`,`user_id`)
) ENGINE=InnoDB DEFAULT CHARSET=utf8 COLLATE=utf8_unicode_ci;
/*!40101 SET character_set_client = @saved_cs_client */;

--
-- Dumping data for table `communities_users`
--

LOCK TABLES `communities_users` WRITE;
/*!40000 ALTER TABLE `communities_users` DISABLE KEYS */;
INSERT INTO `communities_users` VALUES (101,153),(102,175),(103,189),(104,176),(105,102),(106,137),(107,172),(108,172),(109,121),(110,151),(111,163),(112,107),(113,128),(114,188),(115,182),(116,134),(117,155),(118,112),(119,129),(120,119),(121,136),(122,173),(123,129),(124,193),(125,168),(126,160),(127,104),(128,119),(129,109),(130,117),(131,110),(132,161),(133,191),(134,199),(135,137),(136,193),(137,135),(138,108),(139,164),(140,156),(141,158),(142,126),(143,163),(144,186),(145,114),(146,145),(147,119),(148,168),(149,156),(150,147),(151,187),(152,192),(153,119),(154,115),(155,184),(156,187),(157,174),(158,188),(159,105),(160,183),(161,104),(162,115),(163,143),(164,195),(165,113),(166,180),(167,187),(168,148),(169,187),(170,150),(171,104),(172,145),(173,176),(174,166),(175,130),(176,189),(177,111),(178,148),(179,157),(180,167),(181,194),(182,143),(183,158),(184,113),(185,158),(186,142),(187,199),(188,131),(189,129),(190,104),(191,113),(192,132),(193,118),(194,156),(195,126),(196,130),(197,135),(198,112),(199,178),(200,121);
/*!40000 ALTER TABLE `communities_users` ENABLE KEYS */;
UNLOCK TABLES;

--
-- Table structure for table `friendship`
--

DROP TABLE IF EXISTS `friendship`;
/*!40101 SET @saved_cs_client     = @@character_set_client */;
/*!50503 SET character_set_client = utf8mb4 */;
CREATE TABLE `friendship` (
  `user_id` int unsigned NOT NULL COMMENT 'Ссылка на инициатора дружеских отношений',
  `friend_id` int unsigned NOT NULL COMMENT 'Ссылка на получателя приглашения дружить',
  `status_id` int unsigned NOT NULL COMMENT 'Ссылка на статус (текущее состояние) отношений',
  `requested_at` datetime DEFAULT CURRENT_TIMESTAMP COMMENT 'Время отправления приглашения дружить',
  `confirmed_at` datetime DEFAULT NULL COMMENT 'Время подтверждения приглашения',
  `created_at` datetime DEFAULT CURRENT_TIMESTAMP COMMENT 'Время создания строки',
  `updated_at` datetime DEFAULT CURRENT_TIMESTAMP ON UPDATE CURRENT_TIMESTAMP COMMENT 'Время обновления строки',
  PRIMARY KEY (`user_id`,`friend_id`) COMMENT 'Составной первичный ключ'
) ENGINE=InnoDB DEFAULT CHARSET=utf8mb4 COLLATE=utf8mb4_0900_ai_ci COMMENT='Таблица дружбы';
/*!40101 SET character_set_client = @saved_cs_client */;

--
-- Dumping data for table `friendship`
--

LOCK TABLES `friendship` WRITE;
/*!40000 ALTER TABLE `friendship` DISABLE KEYS */;
/*!40000 ALTER TABLE `friendship` ENABLE KEYS */;
UNLOCK TABLES;

--
-- Table structure for table `friendship_statuses`
--

DROP TABLE IF EXISTS `friendship_statuses`;
/*!40101 SET @saved_cs_client     = @@character_set_client */;
/*!50503 SET character_set_client = utf8mb4 */;
CREATE TABLE `friendship_statuses` (
  `id` int unsigned NOT NULL AUTO_INCREMENT,
  `name` varchar(150) CHARACTER SET utf8 COLLATE utf8_unicode_ci NOT NULL,
  PRIMARY KEY (`id`),
  UNIQUE KEY `name` (`name`)
) ENGINE=InnoDB AUTO_INCREMENT=15 DEFAULT CHARSET=utf8 COLLATE=utf8_unicode_ci;
/*!40101 SET character_set_client = @saved_cs_client */;

--
-- Dumping data for table `friendship_statuses`
--

LOCK TABLES `friendship_statuses` WRITE;
/*!40000 ALTER TABLE `friendship_statuses` DISABLE KEYS */;
INSERT INTO `friendship_statuses` VALUES (10,'ea'),(13,'excepturi'),(14,'molestiae'),(11,'qui'),(12,'rem');
/*!40000 ALTER TABLE `friendship_statuses` ENABLE KEYS */;
UNLOCK TABLES;

--
-- Table structure for table `media`
--

DROP TABLE IF EXISTS `media`;
/*!40101 SET @saved_cs_client     = @@character_set_client */;
/*!50503 SET character_set_client = utf8mb4 */;
CREATE TABLE `media` (
  `id` int unsigned NOT NULL AUTO_INCREMENT,
  `user_id` int unsigned NOT NULL,
  `filename` varchar(255) CHARACTER SET utf8 COLLATE utf8_unicode_ci NOT NULL,
  `size` int NOT NULL,
  `metadata` longtext CHARACTER SET utf8mb4 COLLATE utf8mb4_bin,
  `media_type_id` int unsigned NOT NULL,
  `created_at` datetime DEFAULT CURRENT_TIMESTAMP,
  `updated_at` datetime DEFAULT CURRENT_TIMESTAMP ON UPDATE CURRENT_TIMESTAMP,
  PRIMARY KEY (`id`)
) ENGINE=InnoDB AUTO_INCREMENT=101 DEFAULT CHARSET=utf8 COLLATE=utf8_unicode_ci;
/*!40101 SET character_set_client = @saved_cs_client */;

--
-- Dumping data for table `media`
--

LOCK TABLES `media` WRITE;
/*!40000 ALTER TABLE `media` DISABLE KEYS */;
INSERT INTO `media` VALUES (1,177,'possimus',476579,NULL,1,'1982-06-03 19:48:35','2018-10-18 05:32:11'),(2,129,'consectetur',43468,NULL,2,'1998-10-22 18:40:54','1984-08-13 03:55:18'),(3,149,'rerum',960,NULL,3,'2009-04-18 23:41:50','1995-11-16 02:37:03'),(4,105,'ut',30259,NULL,4,'1984-04-06 20:22:43','2018-04-24 17:32:42'),(5,180,'ut',251,NULL,5,'2001-10-20 00:21:08','2018-09-13 13:06:37'),(6,147,'qui',174057556,NULL,1,'1999-12-17 00:45:11','1987-10-31 15:17:14'),(7,127,'aut',5886888,NULL,2,'1986-04-17 19:21:07','1971-01-25 05:18:48'),(8,154,'totam',333,NULL,3,'1995-05-25 15:58:30','1991-04-16 02:38:20'),(9,116,'quod',8,NULL,4,'1999-03-08 12:18:58','1974-03-16 03:30:56'),(10,200,'enim',721845,NULL,5,'2017-06-30 05:48:13','2010-03-30 14:05:17'),(11,171,'hic',805888,NULL,1,'1988-11-02 08:27:11','1975-03-31 16:58:11'),(12,119,'ut',53005857,NULL,2,'1973-07-17 03:05:35','1982-04-03 00:52:43'),(13,168,'quis',9490,NULL,3,'1980-05-29 16:25:14','1999-09-20 04:06:26'),(14,153,'quo',9,NULL,4,'2002-08-08 16:54:17','1987-03-30 00:07:31'),(15,124,'aut',58737,NULL,5,'1984-02-06 21:07:21','2003-07-01 00:50:08'),(16,161,'neque',33760759,NULL,1,'2008-06-17 02:23:15','1999-03-05 12:55:07'),(17,178,'perferendis',6,NULL,2,'2011-03-31 18:18:25','1995-09-01 16:47:09'),(18,134,'cupiditate',971,NULL,3,'2000-09-11 05:40:12','1998-03-31 21:17:09'),(19,172,'voluptas',76832719,NULL,4,'1991-07-26 21:51:35','2017-09-01 12:59:45'),(20,156,'a',4821,NULL,5,'2004-03-08 16:44:04','1993-06-19 01:03:12'),(21,102,'sint',8656,NULL,1,'1985-03-22 03:09:39','1979-10-04 20:40:47'),(22,176,'commodi',3575,NULL,2,'2014-03-03 05:18:35','1983-06-15 05:17:32'),(23,175,'et',947,NULL,3,'1994-06-03 15:12:46','1972-04-29 07:54:24'),(24,152,'unde',92553,NULL,4,'1989-12-02 23:11:53','1993-05-27 11:33:27'),(25,181,'molestiae',9453322,NULL,5,'2004-08-25 00:54:55','2013-04-02 13:41:37'),(26,126,'sunt',895,NULL,1,'2015-06-24 15:24:08','2010-04-11 21:49:50'),(27,137,'culpa',0,NULL,2,'1973-08-28 01:59:44','1980-03-02 07:29:56'),(28,148,'similique',34,NULL,3,'2009-09-10 19:36:09','1996-12-19 05:47:51'),(29,116,'sunt',25,NULL,4,'1976-11-04 00:27:42','1974-05-19 14:33:53'),(30,153,'est',3,NULL,5,'1983-07-25 11:13:20','1989-11-06 06:16:37'),(31,162,'provident',55685288,NULL,1,'1988-07-06 06:17:41','2012-03-13 17:32:00'),(32,192,'accusantium',8174,NULL,2,'2011-03-28 12:04:58','1977-01-23 13:25:41'),(33,182,'illo',517,NULL,3,'1972-06-07 21:40:38','1991-01-27 06:25:42'),(34,111,'quis',4590,NULL,4,'1990-03-16 00:21:33','1978-11-15 10:52:26'),(35,196,'facere',14071978,NULL,5,'1992-12-22 02:44:01','2007-11-21 19:07:40'),(36,161,'voluptatem',83805531,NULL,1,'2006-04-19 02:24:09','1982-10-02 23:59:46'),(37,158,'harum',90511231,NULL,2,'1992-07-27 01:41:28','2001-12-01 19:52:41'),(38,123,'omnis',7,NULL,3,'2012-03-20 13:06:27','2004-02-22 09:14:45'),(39,114,'labore',415445,NULL,4,'1999-10-17 13:57:56','1976-06-27 15:50:19'),(40,173,'incidunt',35510734,NULL,5,'1997-03-27 04:05:26','2015-12-29 20:12:09'),(41,122,'ut',719,NULL,1,'2015-11-24 22:07:40','2005-01-29 14:39:09'),(42,185,'quisquam',81201,NULL,2,'2019-04-11 21:31:41','1995-02-20 00:41:55'),(43,192,'beatae',553644049,NULL,3,'1987-01-14 11:38:23','1980-01-31 04:49:31'),(44,190,'ea',579426730,NULL,4,'1992-06-20 14:05:32','2009-08-05 23:18:58'),(45,138,'adipisci',19848262,NULL,5,'1973-09-06 07:56:29','1975-01-26 07:42:24'),(46,115,'ratione',6904,NULL,1,'2014-02-13 03:54:06','2014-12-24 04:30:17'),(47,151,'quas',19499037,NULL,2,'2018-05-21 06:22:01','1990-11-17 21:53:11'),(48,115,'autem',245954,NULL,3,'2001-01-27 08:18:27','2012-11-29 01:14:19'),(49,149,'laudantium',306153403,NULL,4,'1980-01-27 05:44:59','2008-05-09 11:20:45'),(50,122,'voluptatem',26,NULL,5,'1983-05-23 18:40:37','1989-02-06 15:35:20'),(51,171,'laboriosam',8,NULL,1,'2013-10-14 19:15:34','1996-11-25 03:06:03'),(52,150,'eos',96,NULL,2,'2012-03-03 00:54:39','2012-07-21 20:08:45'),(53,197,'amet',58,NULL,3,'1982-01-10 18:49:56','1977-03-01 08:17:10'),(54,145,'rerum',38009500,NULL,4,'2008-12-05 05:34:30','1992-10-29 06:53:43'),(55,102,'et',718,NULL,5,'1979-12-05 00:56:59','1971-05-17 09:09:27'),(56,178,'blanditiis',79222,NULL,1,'2017-10-18 22:54:01','2010-03-19 10:05:35'),(57,171,'expedita',6,NULL,2,'1987-05-09 04:36:37','2009-08-18 22:07:50'),(58,138,'dolorum',883,NULL,3,'1976-05-29 21:44:07','1978-01-03 05:50:45'),(59,125,'voluptas',383377343,NULL,4,'1976-05-23 15:00:33','1980-04-11 17:04:00'),(60,186,'et',38,NULL,5,'1970-03-07 00:37:44','1984-07-03 21:40:51'),(61,191,'quibusdam',893259,NULL,1,'1980-03-19 16:06:41','2007-11-24 04:40:28'),(62,187,'necessitatibus',0,NULL,2,'2003-07-25 20:05:15','2000-09-12 12:13:18'),(63,178,'necessitatibus',0,NULL,3,'1994-01-21 12:05:54','1974-06-02 14:31:51'),(64,172,'exercitationem',994,NULL,4,'2009-04-20 21:53:50','2020-04-11 16:48:15'),(65,197,'alias',2497,NULL,5,'2013-05-12 22:43:53','1989-02-01 22:08:44'),(66,174,'ipsum',5,NULL,1,'2002-12-01 09:46:04','1997-04-21 05:13:55'),(67,133,'unde',165,NULL,2,'2000-06-21 11:47:36','1985-02-27 00:19:04'),(68,154,'et',41,NULL,3,'2003-11-19 02:20:00','2015-01-05 19:30:46'),(69,196,'distinctio',6,NULL,4,'1989-03-03 10:48:32','1980-05-10 13:58:48'),(70,146,'et',135148,NULL,5,'2011-07-27 19:55:31','1973-03-09 17:03:24'),(71,127,'commodi',2690,NULL,1,'1982-08-05 10:11:02','2014-12-30 10:51:27'),(72,117,'et',4,NULL,2,'1995-01-04 03:16:41','1988-03-24 23:02:29'),(73,131,'qui',175011401,NULL,3,'1980-11-27 01:39:15','1993-02-08 22:50:55'),(74,119,'ut',74,NULL,4,'2018-06-02 20:42:47','2016-06-01 17:12:54'),(75,107,'velit',19,NULL,5,'2006-08-27 18:58:01','1977-03-26 22:02:46'),(76,168,'omnis',8794,NULL,1,'1979-06-14 20:03:58','1997-05-14 19:07:38'),(77,133,'qui',386158,NULL,2,'1996-01-15 03:06:03','2012-09-18 15:50:05'),(78,157,'ut',72545220,NULL,3,'2007-08-19 05:37:50','1979-09-02 00:54:49'),(79,183,'et',0,NULL,4,'1992-05-01 15:24:02','1989-05-10 23:35:35'),(80,181,'voluptas',0,NULL,5,'1998-12-17 21:04:00','2001-03-08 19:12:43'),(81,178,'sed',70024,NULL,1,'1990-11-24 10:04:40','1983-09-03 08:35:52'),(82,153,'dolorem',545290,NULL,2,'2005-03-31 19:59:49','1974-03-04 19:41:29'),(83,131,'voluptatibus',51279924,NULL,3,'2011-08-19 16:12:22','1989-12-10 13:19:12'),(84,175,'ut',118,NULL,4,'1971-10-14 00:30:02','1985-09-30 12:14:05'),(85,198,'ducimus',8,NULL,5,'1980-04-18 18:20:18','1995-07-26 20:44:07'),(86,133,'necessitatibus',263925,NULL,1,'1993-01-24 13:44:22','2001-09-06 09:12:03'),(87,152,'iste',6051672,NULL,2,'1976-06-01 17:02:28','2019-08-13 00:27:59'),(88,169,'qui',5,NULL,3,'1991-05-27 15:31:26','2000-11-11 23:55:05'),(89,170,'ipsam',4,NULL,4,'1976-04-06 09:44:32','1986-02-28 14:07:44'),(90,176,'vitae',0,NULL,5,'1971-01-17 22:55:49','2011-10-25 06:25:55'),(91,154,'qui',599,NULL,1,'1989-12-14 18:01:04','1977-09-12 16:06:39'),(92,161,'et',1,NULL,2,'1992-06-15 00:33:50','1996-05-28 02:20:41'),(93,162,'iure',89,NULL,3,'1971-07-17 06:47:57','1972-09-16 13:37:33'),(94,132,'autem',761418,NULL,4,'1981-02-03 14:45:21','2011-09-14 03:15:15'),(95,132,'maiores',1,NULL,5,'1974-04-02 16:55:22','1990-08-16 18:56:22'),(96,159,'omnis',3,NULL,1,'2013-07-21 16:28:31','1983-07-25 11:46:15'),(97,105,'at',68,NULL,2,'1988-10-09 17:58:13','2017-06-02 22:01:52'),(98,164,'consectetur',626,NULL,3,'2015-09-25 08:29:28','2007-05-23 04:47:27'),(99,113,'et',342677,NULL,4,'1972-04-20 04:18:13','1982-02-03 21:33:39'),(100,200,'ipsum',0,NULL,5,'2011-06-12 16:30:41','1990-08-23 03:06:19');
/*!40000 ALTER TABLE `media` ENABLE KEYS */;
UNLOCK TABLES;

--
-- Table structure for table `media_types`
--

DROP TABLE IF EXISTS `media_types`;
/*!40101 SET @saved_cs_client     = @@character_set_client */;
/*!50503 SET character_set_client = utf8mb4 */;
CREATE TABLE `media_types` (
  `id` int unsigned NOT NULL AUTO_INCREMENT,
  `name` varchar(255) CHARACTER SET utf8 COLLATE utf8_unicode_ci NOT NULL,
  PRIMARY KEY (`id`),
  UNIQUE KEY `name` (`name`)
) ENGINE=InnoDB AUTO_INCREMENT=6 DEFAULT CHARSET=utf8 COLLATE=utf8_unicode_ci;
/*!40101 SET character_set_client = @saved_cs_client */;

--
-- Dumping data for table `media_types`
--

LOCK TABLES `media_types` WRITE;
/*!40000 ALTER TABLE `media_types` DISABLE KEYS */;
INSERT INTO `media_types` VALUES (2,'aliquid'),(3,'aut'),(1,'corrupti'),(4,'suscipit'),(5,'tempore');
/*!40000 ALTER TABLE `media_types` ENABLE KEYS */;
UNLOCK TABLES;

--
-- Table structure for table `messages`
--

DROP TABLE IF EXISTS `messages`;
/*!40101 SET @saved_cs_client     = @@character_set_client */;
/*!50503 SET character_set_client = utf8mb4 */;
CREATE TABLE `messages` (
  `id` int unsigned NOT NULL AUTO_INCREMENT,
  `from_user_id` int unsigned NOT NULL,
  `to_user_id` int unsigned NOT NULL,
  `body` text CHARACTER SET utf8 COLLATE utf8_unicode_ci NOT NULL,
  `is_important` tinyint(1) DEFAULT NULL,
  `is_delivered` tinyint(1) DEFAULT NULL,
  `created_at` datetime DEFAULT CURRENT_TIMESTAMP,
  PRIMARY KEY (`id`)
) ENGINE=InnoDB AUTO_INCREMENT=1001 DEFAULT CHARSET=utf8 COLLATE=utf8_unicode_ci;
/*!40101 SET character_set_client = @saved_cs_client */;

--
-- Dumping data for table `messages`
--

LOCK TABLES `messages` WRITE;
/*!40000 ALTER TABLE `messages` DISABLE KEYS */;
INSERT INTO `messages` VALUES (1,185,184,'Sit consectetur odit consequatur et. Reprehenderit expedita velit deleniti labore impedit unde. Quis vel numquam molestiae aliquam libero asperiores aut voluptatem.',1,0,'1971-10-16 09:38:16'),(2,109,189,'Harum perferendis illo aperiam excepturi eum earum. Vitae sunt harum reiciendis nobis et et id velit.',0,0,'1990-05-28 22:20:57'),(3,102,113,'Voluptas quasi repellendus nisi porro nisi aut. In ducimus recusandae totam. Est ut beatae iure mollitia dolores maxime. Laudantium temporibus odio doloribus veritatis perferendis. Omnis nulla ipsum culpa in velit.',1,0,'2015-03-11 09:45:57'),(4,185,200,'Et odio in ut dolores. Blanditiis provident eligendi dolores aut. Labore et dolorum ut doloribus quia repellat cumque sunt. Et quis blanditiis soluta voluptatem libero deleniti dolor.',1,0,'1985-10-01 23:00:20'),(5,139,114,'Eius temporibus voluptatum nisi ut rerum et. Sint mollitia eaque consequatur eum eos totam. Ipsam id repellendus at. Consequuntur corporis aut voluptas dolorem delectus magnam.',0,1,'1981-12-13 19:09:29'),(6,196,145,'Necessitatibus illum consequatur magni qui adipisci. Nihil quasi accusantium ut aperiam. Autem consequuntur labore illo repellat. Alias voluptatibus tempore est iste molestiae numquam. Nulla nisi omnis harum praesentium sint et neque.',0,1,'1987-10-13 09:31:28'),(7,130,149,'Est occaecati maiores accusantium provident qui molestiae vel. Minima et numquam aut ut.',1,1,'1990-12-13 09:18:43'),(8,160,167,'Et consequatur ea quia cum nisi sed. Consequatur occaecati quia tempora accusamus rerum magni. Repellendus amet inventore consequatur ipsa porro odio.',0,0,'1999-05-05 10:39:58'),(9,132,120,'Aut ipsam et sint voluptatem animi in et. Et et vero beatae qui libero sit. Doloribus aut ratione amet maiores harum. Et architecto rerum accusamus expedita dolorem qui voluptatem ut.',1,0,'2014-08-10 10:46:56'),(10,193,163,'Dolorem doloribus commodi minus reiciendis voluptatem. Sed odio fugit laborum nam voluptatem corrupti quas. Quae aspernatur quibusdam qui quis fugit et. Perspiciatis numquam laudantium ab architecto neque sunt.',1,1,'1984-08-04 23:01:35'),(11,126,139,'Eaque maxime quos esse labore unde aut. Temporibus tempora maiores suscipit delectus. Nostrum minus fuga possimus.',1,0,'1984-01-27 17:40:36'),(12,165,120,'Quis vel sed officia est. Voluptatem dolorem maiores recusandae deleniti deserunt sunt et placeat. Tempora nesciunt cum magni rerum illum.',1,1,'2018-03-03 17:32:31'),(13,168,156,'Ut odit consequatur quia et. Delectus fuga provident adipisci et et beatae sint.',0,0,'1997-04-07 21:18:05'),(14,130,144,'Id architecto quae magnam. Odit magnam omnis voluptas deserunt commodi vel et voluptatibus. In voluptatem optio harum doloribus temporibus aliquid aut.',1,1,'1996-11-26 22:07:44'),(15,143,133,'Quos optio quia magni id est earum. Itaque aut ab nihil est soluta minima ducimus. Eius ab in in quis autem ex beatae. Id omnis deleniti dolor dolor nulla quis corporis.',0,1,'1983-09-19 23:54:59'),(16,116,128,'Et consectetur suscipit enim. Odit in non debitis exercitationem distinctio aut quia.',1,0,'1997-02-14 22:10:06'),(17,116,124,'Dolor et laborum quo ut dolor tenetur est. Ea aut reprehenderit minima voluptatem eligendi autem qui. Cupiditate exercitationem at earum accusantium enim non odit.',1,0,'1983-02-02 21:15:43'),(18,116,118,'Perspiciatis non tempore cumque rerum tempore enim accusantium. Dolor et ipsam tempora. Maiores quidem recusandae at iure voluptatem illo. Non totam sunt soluta velit culpa repellendus velit.',0,1,'2003-07-03 07:46:08'),(19,137,101,'Ipsum vitae quos officiis harum. Et quia voluptatem repudiandae quidem. Minima quibusdam et aperiam cum. Culpa exercitationem id nostrum ipsum animi enim officia.',1,0,'1993-06-21 14:24:55'),(20,118,175,'Rerum veritatis sit voluptas ut earum earum. Molestias libero laboriosam amet inventore. Iusto exercitationem in doloribus sunt.',0,0,'1987-09-12 15:45:11'),(21,115,113,'Et maiores tenetur unde atque et. Fugiat vel optio non blanditiis ea in velit. Et officiis vero non quis doloremque est. Rem consequatur officia ut deleniti exercitationem quas. Sit hic consequuntur facilis incidunt quae assumenda delectus in.',0,0,'1986-01-01 16:28:16'),(22,120,145,'Molestiae ad officia qui voluptas aperiam. Alias dolores doloremque soluta aut voluptatem. Quidem hic porro quidem ea. Veniam velit quae error ipsam est quia placeat impedit.',1,0,'1980-07-14 18:30:33'),(23,162,179,'Nulla nulla quasi non. Minus cumque ipsum dolor blanditiis quis. Amet quibusdam ut omnis quis sint et. Vero aut id sed ea sunt sit. Quisquam error eveniet et sit ipsa.',0,1,'2011-05-17 00:50:10'),(24,111,194,'Nihil molestiae voluptatum est ut corporis rerum voluptate. Aut est molestiae recusandae. Aut laudantium sed similique asperiores ut vitae. Dolor dolorem ut exercitationem.',0,0,'2003-05-11 06:02:37'),(25,198,104,'Repudiandae ipsa aut at minima. Est illo qui vitae sed quia nostrum ipsa. Natus officia cum explicabo non quas. Adipisci est ducimus atque adipisci ducimus.',0,1,'2015-07-08 04:55:55'),(26,156,124,'Id hic reiciendis voluptates qui fugiat et. Rerum et eum pariatur quos assumenda sed. Dolores quam voluptates numquam veritatis. Autem odio molestias aut saepe quia tenetur.',0,0,'1981-05-09 05:11:35'),(27,142,120,'Pariatur iure animi quasi consequuntur vitae in est. Eum a ex dolores blanditiis qui. Et molestiae ipsam sit vero non consequatur. Tempora beatae earum quasi ea.',0,1,'1972-01-01 21:40:56'),(28,144,110,'Sequi voluptatem voluptatem ea maiores doloremque reprehenderit. Iure repudiandae reprehenderit nihil voluptatem quod sunt inventore. Temporibus nesciunt enim iure.',1,1,'2013-05-10 23:28:33'),(29,176,173,'Expedita amet sint error non. Aliquid est dolor quam amet fugit. Ducimus fugiat numquam incidunt sed.',1,0,'2004-11-07 00:13:56'),(30,153,118,'Earum sit hic laudantium debitis. Sint et iste veritatis delectus est. Occaecati repudiandae molestias et omnis.',0,1,'1984-03-15 01:47:05'),(31,106,169,'Vero et ut eos consequatur similique eius. Repellat odit omnis impedit architecto quo tempore est qui. Ipsum et est et saepe sit.',0,1,'1977-11-11 23:57:51'),(32,146,121,'Voluptas et et omnis. Ab illum ab velit aut non ipsum repudiandae in. Ullam adipisci dolores alias repellendus voluptas dolores rerum voluptate. Voluptatum dolores consequatur dolores et voluptatem officia nemo quam.',1,1,'1991-04-29 03:07:27'),(33,192,162,'Quo quibusdam molestiae exercitationem non velit velit et. Harum est in ex voluptatum omnis quasi optio voluptatem. Et veniam quia itaque est ipsum. Dolores eligendi sit corrupti omnis.',0,0,'1990-01-09 09:59:58'),(34,139,129,'Voluptas ut recusandae rem excepturi fugiat quo rem. Debitis dolores nostrum quaerat dignissimos. Id quia dolores consequatur autem quibusdam et animi ullam. Expedita tempora repudiandae perspiciatis voluptas eaque.',1,0,'2006-04-15 02:30:18'),(35,162,156,'Aut dicta omnis quasi. Omnis ut saepe nam eligendi. Ea ducimus nihil numquam quaerat velit. Eaque est aut est ratione perferendis consequatur.',0,0,'1995-07-29 09:37:18'),(36,104,177,'Et et voluptatem tempora alias odio id. Dolorum veniam velit aut debitis.',1,0,'2020-02-08 20:14:26'),(37,169,123,'Dolor quo velit id aut. Voluptatem vero eaque alias expedita labore ad. Consequatur possimus officiis illo eum non in mollitia eos. Et sapiente dolores magni iusto consequatur repellat molestias.',1,0,'2009-02-22 17:05:25'),(38,121,130,'Voluptates aspernatur sequi eaque maxime sunt aperiam architecto. Asperiores id dolore consequatur vel accusamus dolorem nisi id. Consectetur perspiciatis qui nostrum voluptatem et. Libero soluta atque unde sint porro.',1,0,'1971-10-22 01:12:51'),(39,101,132,'Repellendus perspiciatis reprehenderit rerum quam. Commodi nemo unde optio.',0,0,'1973-05-20 10:35:18'),(40,123,198,'Velit consequuntur excepturi quibusdam quos libero omnis. Ut delectus qui facere. Quia ducimus aut temporibus commodi non quod qui. Repellendus perferendis placeat laudantium a. Eius consectetur ut ipsum natus.',1,0,'1986-04-09 22:28:03'),(41,135,178,'Consequatur autem nam explicabo natus dolor illo mollitia. Voluptatum dolorem iure ea. Ea aut qui sequi est.',1,0,'1974-05-03 02:51:30'),(42,121,177,'Autem corrupti qui recusandae optio. Aut eos velit et repellendus omnis rerum. Aspernatur iure ad illo ut aut ea. Ut aut eligendi cum aut. Et perferendis eos harum magni.',1,1,'1981-01-06 15:47:25'),(43,198,165,'Quos voluptatem sed iste ea vel enim consequatur. Recusandae exercitationem et dicta laboriosam facere. Nisi sunt alias earum excepturi voluptatibus. Explicabo ex numquam eius quos vero.',0,0,'1992-04-07 16:42:17'),(44,186,173,'Aliquam consequatur quasi ab ducimus odit. Voluptate necessitatibus qui voluptatem eos maiores eos perferendis iste. Consequatur ad facere error at et. Rerum amet rerum et quia aperiam ut.',1,1,'1977-03-17 10:33:58'),(45,137,139,'Qui magnam odit excepturi similique saepe quas et. Qui molestias repudiandae explicabo quia quia itaque ullam. Repellendus officia explicabo perspiciatis nisi.',0,1,'1972-10-10 17:30:53'),(46,191,143,'Ipsam iusto aperiam alias dolor labore incidunt. Aut quia ducimus distinctio nulla. Omnis voluptate explicabo sed. Quisquam harum fugiat alias magni dolorem.',1,0,'1985-03-31 00:56:26'),(47,107,136,'Nihil sed quo aspernatur facilis temporibus. Ea molestias quia modi nam alias ut. Qui in qui quibusdam dignissimos deleniti dolore sint. Nihil nisi perspiciatis quidem ex maiores cupiditate inventore.',1,1,'1997-05-19 01:58:55'),(48,164,198,'Maxime rerum molestiae et laborum hic et. Inventore et deleniti quo blanditiis. In repellendus repellat quo repellat dolore. Saepe harum at accusantium nobis commodi.',1,0,'1983-09-20 04:21:36'),(49,198,102,'Exercitationem officiis quis est fugiat nam. Placeat dolorum dolores recusandae qui sed aut natus. Vel qui veniam provident itaque consequuntur. Distinctio reprehenderit nam quis omnis.',0,0,'1985-01-11 06:24:28'),(50,127,160,'Quia autem est odit ipsum dignissimos voluptas qui. Quod nihil qui ratione distinctio hic consequatur. Alias consequatur sequi delectus nemo officia.',0,1,'1999-03-21 18:33:15'),(51,157,130,'Et aut id eveniet repudiandae. Qui aut excepturi quaerat. Eligendi labore sit neque quidem.',1,0,'1995-01-03 01:32:26'),(52,136,125,'Necessitatibus vel distinctio quae ut sed quia. Repellendus rerum dolores atque adipisci. Soluta odio aut eum id quasi atque.',1,0,'1978-03-21 13:14:09'),(53,152,157,'Commodi quod impedit est ut dicta quo ut qui. Provident aut et nam amet. Rerum provident delectus non magni et.',1,0,'1981-03-05 03:05:41'),(54,154,153,'Molestiae ut vero voluptas. Earum reiciendis non accusantium veniam necessitatibus. Et voluptatem fugiat odit rem quasi.',1,1,'1980-10-04 08:42:20'),(55,188,177,'Neque neque tempora ex veritatis delectus et occaecati. Quis facere repellendus nihil aperiam voluptas. Pariatur qui qui architecto voluptas aut et nemo totam.',1,0,'2017-07-31 11:55:09'),(56,150,122,'Voluptatum ex magnam autem molestiae tenetur fugit et. Molestiae recusandae ut veritatis eligendi voluptatem est error. Ut quaerat mollitia repellat quo nam qui autem.',0,0,'1992-08-18 14:51:41'),(57,154,171,'Voluptas dolores ut debitis. Ad ab consectetur maiores. Nobis ex doloremque quam non eum deleniti consequatur. Deleniti assumenda facilis deserunt aliquid ut.',0,0,'2000-06-06 00:20:21'),(58,199,152,'Voluptatem corrupti quas voluptatem voluptatem magni. Quia sapiente praesentium tempore sint recusandae porro. Suscipit nisi accusamus alias illum tempora iure laudantium.',0,1,'2012-10-12 00:32:32'),(59,136,184,'Cupiditate ipsam enim quas laudantium. Et in numquam molestiae aut omnis velit. Qui sequi laudantium sit repellendus quasi. Quia est aspernatur quis accusamus.',1,1,'2013-12-29 15:36:19'),(60,124,172,'Non debitis qui itaque voluptatibus suscipit suscipit consequatur. Hic aut aut quibusdam. Quam et harum quia odit suscipit et omnis. Quo id culpa in magnam itaque.',0,1,'1984-08-18 00:41:07'),(61,122,114,'Voluptas a ab voluptatem incidunt vero nesciunt. Ipsum omnis doloremque et eos ut dolore eum.',1,0,'2012-06-21 00:53:25'),(62,114,128,'Quasi voluptates repudiandae aperiam minus. Totam qui eius laudantium quod et.',1,1,'1976-10-07 16:02:16'),(63,150,178,'Rerum et est delectus sint et qui rerum id. Occaecati autem perferendis occaecati eos est. Velit necessitatibus omnis accusantium dolorem minus aut et.',0,1,'1975-03-05 09:14:57'),(64,126,148,'Reprehenderit placeat quo corrupti ea. Blanditiis nulla sint quidem dolorum. Accusamus porro a impedit aliquid modi itaque dolor blanditiis. Hic saepe animi culpa sed aut illum.',0,1,'2003-10-29 13:10:34'),(65,179,152,'Incidunt dolorem animi mollitia quo voluptatibus. Dolorem natus in et ipsa et ipsa corporis. Assumenda in non et qui voluptates.',1,0,'1977-07-27 07:16:27'),(66,107,135,'Earum dolore omnis dolorem porro ad ducimus earum eligendi. Quis sit porro et necessitatibus cupiditate iusto. Soluta voluptatem sunt non accusamus ad voluptates accusamus.',1,0,'2016-05-19 10:51:24'),(67,182,142,'Esse nam consequatur facilis eligendi voluptates dolorum. Ut quo eos voluptates quo eum. Voluptas enim sunt officiis velit reiciendis quia tempore. Aliquid perferendis dolores sequi illum atque reiciendis.',1,0,'1993-04-26 04:57:46'),(68,160,133,'Natus ea aliquid labore aut incidunt. Odit eius animi expedita unde. Id nihil quidem sit reprehenderit.',0,0,'2008-02-10 20:59:18'),(69,198,114,'Deleniti sint esse id temporibus libero possimus porro. Numquam et sit sapiente aut saepe laboriosam iusto. Voluptates alias hic commodi voluptas eos ut. Aspernatur est ipsa laboriosam ex quo error illum.',0,1,'2007-10-13 16:27:23'),(70,186,186,'Qui porro temporibus magnam aut est explicabo eum sunt. Pariatur deleniti ipsa sequi rerum voluptatem velit. Dolore nihil eum odit. Molestias eius vel sit esse veniam fugiat.',1,0,'1971-02-06 01:20:49'),(71,190,136,'Sunt explicabo voluptatibus velit provident blanditiis. Minus ut et doloremque qui ex porro. Dolor est voluptas mollitia iste facere.',1,1,'2001-01-03 11:12:10'),(72,108,144,'Aut aspernatur nostrum ipsum. Quo dolore quae nisi qui voluptatem sit. Illum quidem deserunt quas qui nobis veniam. Accusamus possimus voluptatem sequi in minus dolorum rem.',1,1,'1986-07-27 07:19:05'),(73,106,106,'Accusantium unde et accusantium voluptatem ipsum omnis. Fugiat aut in qui possimus molestias sed. Ut eligendi perspiciatis corrupti nulla. Eos sed veritatis explicabo non rerum voluptas ut.',1,1,'1971-01-06 12:41:15'),(74,195,142,'Sit in at quo ut. Itaque ab laboriosam perferendis ipsa. Aut ut voluptatem nemo optio dolor qui. Porro in qui unde veniam sed accusamus.',1,1,'1997-07-30 14:33:08'),(75,189,119,'Autem laudantium nostrum eaque ut rerum et aut. Atque doloribus sed molestiae accusamus consectetur et. Aut a enim deserunt nihil sapiente qui.',1,0,'1999-03-21 11:46:07'),(76,113,110,'Rem dolor tempore architecto debitis laboriosam illum quibusdam quod. Ducimus officia omnis non aperiam sed tempora. Sit sed sit voluptatum culpa quia. Deserunt autem placeat eos asperiores illo dicta aut.',0,1,'1978-06-05 12:15:55'),(77,133,127,'Rerum tempore et doloribus quia sint sed ducimus cupiditate. Numquam similique repudiandae culpa quae. Facilis quibusdam ut minus aut at assumenda.',1,1,'2013-07-25 04:32:36'),(78,138,183,'Veniam voluptatem ipsam voluptates et vel nisi. Vel autem quam sed quibusdam fugit. Vitae culpa nobis voluptatem necessitatibus est magni.',0,1,'2012-09-01 06:35:31'),(79,104,163,'Sunt veniam nam quo sapiente dolor quia. Iure dolore magnam voluptatem odio veritatis distinctio. Quasi nisi veniam et accusamus recusandae. Qui dicta possimus enim aut porro.',0,0,'1979-04-15 07:32:20'),(80,130,183,'Repudiandae natus autem quisquam et repellendus enim. Amet autem nisi autem quibusdam. Est ipsam eum quaerat quia dolor placeat facere. Cum quo aut temporibus molestias.',0,0,'2013-06-14 00:39:45'),(81,115,136,'Voluptas est aut totam a quia. Qui quasi accusantium fugiat exercitationem expedita. Deserunt rerum eius qui dolores a at. Laboriosam architecto ratione ea dolor est consequuntur rerum. Voluptas nam cumque nobis reiciendis fugit aperiam.',0,1,'2010-01-12 14:59:33'),(82,118,196,'Distinctio est dolorem voluptatibus ipsam voluptatum voluptatum. Sequi aut assumenda ex recusandae. Sit repudiandae cumque quibusdam vel. Voluptates nisi rerum nostrum libero.',1,0,'1990-10-05 10:58:53'),(83,178,177,'Cupiditate id ut asperiores. Ullam autem eos et. Illo consequatur esse maxime est.',0,1,'1988-11-18 15:31:11'),(84,129,176,'Consequuntur id optio sed non consequuntur eius eaque. Voluptates earum ut voluptas nostrum eos. Harum corporis ab velit aliquam aspernatur. Harum maiores et eius odio ratione et placeat.',0,0,'1985-07-25 06:12:55'),(85,191,114,'Adipisci doloremque cumque qui quidem. Ullam dolor fugiat ducimus consequuntur. Ipsum magnam sunt est vitae consectetur.',0,0,'2014-10-16 08:53:11'),(86,162,181,'Enim et est deleniti voluptas. A veniam soluta in. Quis dolor laborum qui eum aut fuga omnis.',1,0,'2006-02-09 20:47:37'),(87,149,169,'Voluptatem corporis omnis est facilis dignissimos saepe. Tempora totam quae animi autem molestias porro. Consectetur exercitationem porro quae iure rerum aut sunt.',1,1,'1997-03-14 09:15:42'),(88,124,155,'Et doloremque animi consequuntur corporis assumenda. Debitis molestiae magnam natus doloribus nisi fugiat deserunt. Culpa eos veniam enim et.',0,0,'1981-03-07 22:55:25'),(89,174,119,'Veniam autem sequi autem error ipsam. Rerum et inventore at omnis. Eum quo eos nesciunt omnis quasi impedit. Eveniet consequatur magni est est quidem.',1,1,'2006-05-01 21:26:39'),(90,196,162,'Tempore inventore nisi quas earum. Ut voluptatibus sequi pariatur sequi culpa. Eum voluptatem iure dicta fugiat. Expedita qui et nam eos consequatur ipsam.',0,1,'1976-03-21 21:21:06'),(91,137,109,'Ea quas sunt est et culpa. Quia sint dolores est enim veniam delectus. Et officiis minima non nobis necessitatibus aliquam modi tenetur.',0,0,'1976-05-10 01:18:04'),(92,172,170,'Quia voluptatem et ex nemo ut quo beatae. Ipsam omnis non dolore et error. Corporis soluta aut sit itaque expedita. Et est recusandae voluptas dolores exercitationem. Impedit deleniti omnis eveniet ipsa.',1,1,'1975-12-19 10:23:17'),(93,136,109,'Porro deleniti eveniet ut. Est quasi ab odio et in doloribus. Culpa nemo rem quia laborum voluptate sapiente.',0,1,'2019-01-10 16:34:50'),(94,152,140,'Dolores aspernatur iusto et. Praesentium aut libero possimus et facilis aspernatur. Officiis deserunt quis deserunt a voluptatem est odit. Modi dolores nihil suscipit iusto ut consequuntur itaque sint.',0,0,'1997-07-11 20:47:44'),(95,172,181,'Recusandae at nihil at alias reprehenderit maiores. Consectetur inventore excepturi et dolorum est nesciunt. Soluta sit voluptas fugiat corrupti sit necessitatibus.',0,1,'1988-08-08 09:57:23'),(96,122,187,'Aut nihil et optio debitis saepe quis consequatur possimus. Velit delectus illo nobis iure ea aut autem. Debitis ut in itaque. Dignissimos autem dolorem tempore quis blanditiis.',1,0,'2019-08-27 16:00:32'),(97,117,139,'Culpa rerum nihil ratione eum consequatur. Voluptatem ut et voluptas sit iste architecto. Corrupti repudiandae excepturi fugit.',0,1,'1994-07-26 00:50:04'),(98,182,195,'Aliquid hic corrupti voluptas cupiditate qui porro. Fugiat nemo alias doloribus quae omnis. Rerum rerum eligendi et ratione. Maxime ut eum odit doloremque.',0,0,'2013-10-27 12:34:39'),(99,116,111,'Molestias sit quos occaecati voluptatem. Enim esse excepturi suscipit omnis quis aliquid excepturi facere. Non aut corrupti quo error. Aliquam voluptatem facilis rerum voluptatum dolor.',1,1,'2018-06-28 00:12:49'),(100,170,106,'Labore hic possimus fugiat et. Aliquid tenetur et qui numquam harum. Deleniti velit et animi corrupti est consequatur dignissimos. Nihil ab aut tempora qui voluptatem.',1,1,'2006-08-14 18:53:47'),(101,125,131,'Voluptatem et accusantium non est dolores repellat. Nemo minima deleniti est laudantium quaerat optio velit. Sunt porro quia repellat in voluptatem saepe facilis quia.',1,0,'1994-10-09 09:15:29'),(102,186,173,'Aliquid voluptatem quas et nam earum voluptatem. Eius itaque qui atque fugit. Ut delectus doloremque pariatur animi.',0,1,'2013-01-10 04:01:50'),(103,199,110,'Ut adipisci sunt quia reiciendis. Commodi ex officia culpa sapiente nulla. Qui accusamus autem illo cupiditate dolores sapiente aut sed. Doloremque voluptatibus autem molestiae hic aspernatur recusandae enim ipsum.',1,1,'2007-03-06 21:56:54'),(104,128,173,'Odit et velit ducimus. Voluptatem quis eum saepe ut. Odio sunt rerum architecto vero excepturi aut. Aliquam corrupti quia est eligendi quidem impedit sint.',0,0,'2001-12-12 10:51:40'),(105,129,123,'Consequatur aut architecto dolores nihil dolor pariatur aut. Non cum illum architecto sed. Exercitationem perferendis autem molestias inventore est minima architecto. Atque sunt ut deleniti nostrum quas.',1,1,'1994-03-25 15:31:09'),(106,134,165,'Sint dicta ea est esse. Maiores debitis porro officia debitis. Dignissimos tempore consectetur repellendus est ipsum numquam. Placeat molestiae beatae assumenda molestias qui dolore doloribus saepe.',1,0,'1986-05-19 17:18:55'),(107,132,106,'Ipsum illo sit dolorem soluta. Sequi quia aut necessitatibus iure. Nemo itaque corporis distinctio dicta. Omnis aspernatur sint nesciunt magnam quaerat praesentium.',0,0,'1970-01-01 01:13:46'),(108,134,168,'Sequi suscipit aperiam asperiores labore itaque non reprehenderit facilis. Aperiam sunt natus harum quos rem. Quia sint quidem quia velit ut nostrum. Et dolores voluptatem modi doloribus nam quo nam. Libero amet ut nihil nihil harum suscipit praesentium.',1,0,'2013-05-23 16:35:37'),(109,115,186,'Id non beatae error libero est quibusdam voluptatibus. Voluptates molestiae maxime rem et unde iusto. Quia illo dolor et voluptate. Aut quidem accusamus repellendus beatae asperiores aut tempore ut.',0,1,'2012-01-25 22:51:47'),(110,107,186,'Ut dolor quos soluta occaecati. Omnis dolor architecto quia repudiandae veniam. Aperiam iusto necessitatibus quibusdam ut sit harum sint. Vel et minima amet voluptas voluptatibus exercitationem.',1,1,'1971-05-07 10:30:39'),(111,166,129,'Velit maxime voluptatem omnis aut consequatur. Libero qui error accusantium qui suscipit rerum rem.',1,1,'2017-10-24 20:54:57'),(112,173,182,'Perspiciatis rerum et eius qui. Nesciunt eveniet nam culpa quos. Illo qui commodi molestiae aut consequatur totam laborum.',1,0,'1980-08-19 04:12:48'),(113,168,155,'Voluptas minus quasi dolorem quo voluptas nihil. Voluptas voluptates eveniet rerum omnis expedita. Doloribus voluptas error temporibus consequatur.',1,1,'1987-03-09 15:34:27'),(114,176,183,'Quibusdam explicabo et nemo dolore debitis accusamus nobis itaque. Beatae et tenetur et voluptatibus atque. Deserunt expedita aut voluptas quo fugiat quaerat nesciunt.',1,1,'1995-06-06 11:24:25'),(115,165,146,'Qui quibusdam sapiente ut autem. Cumque saepe nulla laborum adipisci aperiam. Omnis odit est officia quia quos. Reiciendis ut ipsam qui est quasi perspiciatis.',1,1,'1975-09-03 12:02:14'),(116,189,189,'Eos amet aut qui excepturi dolorem eos autem. Qui omnis ipsam ratione est sunt. Ipsa libero ipsam ut.',0,0,'1978-01-06 17:19:59'),(117,177,175,'Vel ea in debitis neque numquam. Vero sit ut vitae recusandae. Amet excepturi sunt doloremque molestias.',1,1,'1986-02-08 12:27:21'),(118,162,176,'Velit commodi maxime et illum ut. Omnis et porro ut numquam repudiandae. Nihil porro dolorem excepturi sint qui enim voluptas optio. Fugiat deleniti totam enim ratione ipsum et aut nemo.',1,0,'2004-05-15 09:03:25'),(119,184,189,'Est dolores sed qui beatae aliquid. Pariatur nemo sapiente facere saepe tempora est. Eum harum culpa ut tenetur.',0,1,'1985-01-13 12:45:52'),(120,148,112,'Provident ad rerum pariatur voluptatum repellendus. Voluptate dolorum ea facilis aut dolorem occaecati. Ea in porro illo minus porro est. Velit neque nisi suscipit hic qui placeat.',0,1,'1982-12-22 13:00:00'),(121,112,181,'Aut qui quis doloremque incidunt alias repellat itaque maiores. Quis dolore tempora aperiam numquam sit adipisci. Repellat quos doloremque non ut. Deleniti ut fugiat qui maxime.',1,1,'1988-04-30 17:24:33'),(122,177,144,'Facere itaque sed quaerat quis. Ducimus fuga quam quia nostrum voluptas nostrum. Quis dicta sint commodi blanditiis praesentium aut veniam. Aut nobis est tenetur quae mollitia explicabo.',0,1,'1986-07-31 16:03:58'),(123,187,111,'Ipsam rerum ad unde tenetur deleniti est. Voluptas quasi veniam laboriosam et. Et vitae beatae aperiam voluptatibus. Quaerat porro id tempora pariatur et.',0,0,'1985-04-10 16:50:34'),(124,111,101,'Atque pariatur sed quibusdam dolor consequatur amet. Molestias sed fuga laboriosam totam voluptates. Ab itaque et soluta excepturi. Et odit velit sit numquam aut.',0,1,'1993-10-23 17:11:33'),(125,196,117,'Dolores dolor dolores dolores perferendis. Hic consequatur ea ipsam ea minus iste doloribus. Impedit ullam nihil voluptatem id voluptatibus ex. Amet molestiae saepe ut quaerat dolore velit. Eos laborum enim harum odio.',1,0,'2004-12-27 01:47:40'),(126,187,162,'Suscipit adipisci et voluptatem vel. Aperiam temporibus explicabo sed minus quidem reiciendis. Possimus reprehenderit sit repellat et. Molestias recusandae quo fugiat dolorem.',0,1,'2008-02-03 20:19:21'),(127,146,159,'Ea doloribus necessitatibus consequatur fugit voluptatum repudiandae modi sunt. Nostrum voluptates et sint mollitia adipisci ipsa. Ullam molestias qui fuga temporibus deleniti cumque ex. Magnam maiores ad saepe aliquid tempora.',0,1,'1984-04-26 10:30:50'),(128,144,113,'Esse quae voluptate adipisci voluptate. Veritatis laudantium nobis est dicta voluptate. Nihil est quas beatae officiis ea nemo veniam et.',0,1,'1976-06-11 17:13:37'),(129,113,119,'Impedit officia voluptatem quibusdam saepe est. Enim odio nobis nulla ea eius culpa. Et laborum veritatis error est delectus maxime. Cupiditate aut dignissimos et non.',0,0,'1991-03-15 20:25:09'),(130,196,178,'Laborum enim aut corrupti temporibus ad qui. Est quae sed voluptatem aperiam. Vel ducimus minus sed nulla aperiam quia non laboriosam.',1,1,'2003-12-05 01:14:23'),(131,165,185,'Quidem laudantium soluta molestiae sunt voluptatem ad. Et excepturi aspernatur voluptates. Quis alias dolorem qui minima placeat nobis.',1,1,'1988-12-28 13:01:52'),(132,167,141,'Dolore in quia vero corporis quos quis. Nulla explicabo quisquam quam repellat in aspernatur quam. Maiores ullam nobis saepe.',0,0,'2015-06-05 08:50:24'),(133,159,128,'Dolore earum est harum est iste odit doloribus. Odio id inventore corporis.',1,1,'1970-05-08 07:16:37'),(134,116,143,'Eius totam deleniti dolores autem error culpa. Fuga et soluta et facere aut.',1,1,'1999-03-11 00:04:01'),(135,117,164,'Unde impedit at iure ipsa et est. Dolor nihil aliquam corrupti ut voluptatem id. Qui ipsa officiis nihil maxime at consectetur. Quasi ipsa qui non et recusandae aut.',0,0,'1991-01-29 10:56:06'),(136,155,129,'Vel numquam accusantium fugit quasi. Pariatur et eum accusamus assumenda ut enim ratione nobis. Et voluptas beatae maxime sed et modi.',1,0,'1999-09-23 20:40:05'),(137,145,131,'Veniam hic ut minima voluptatem odit. Nesciunt voluptatem reiciendis vel ea earum reiciendis. Dicta earum asperiores dicta rerum.',0,1,'1980-07-20 06:13:15'),(138,172,131,'Tenetur accusamus quia vero nam. Vel vero ut qui officiis. Qui nemo nesciunt voluptatem magni.',0,1,'2002-11-10 07:35:50'),(139,142,182,'Vel eos et sit illum non amet omnis. Eum repellat sunt ab ex repellat. Omnis in molestias quaerat. Ut fugiat deserunt debitis qui fuga.',0,1,'1974-03-08 04:48:41'),(140,131,137,'Reiciendis et eligendi consequatur soluta dolor. Incidunt et earum aspernatur maxime. Dolor sunt dignissimos hic dolor. Ea temporibus rerum sed debitis dignissimos nam.',0,1,'1980-02-28 22:24:08'),(141,199,118,'Dicta dolores in velit sed. Facilis esse voluptatem quod dolorem nobis autem. Voluptates molestiae est velit voluptas laudantium omnis. Molestiae laborum et et eius velit animi.',1,1,'1986-05-28 13:13:45'),(142,199,144,'Officiis deleniti laboriosam impedit deleniti. Dolorem aut dolores vel qui.',1,0,'2013-05-05 04:48:54'),(143,176,142,'Numquam dolorum qui voluptatem et voluptatem. Adipisci voluptates corporis laborum nulla hic cumque necessitatibus. Omnis minima ut sed vel. Harum nemo voluptas laboriosam cum eum numquam.',1,1,'2009-01-13 22:38:09'),(144,157,189,'Et sit ab molestias et ducimus adipisci debitis. Alias a quia quas voluptatibus. Dolorem consectetur aperiam molestiae sit quae culpa minima.',1,0,'1988-03-05 00:46:09'),(145,161,153,'Aperiam cum accusamus molestiae recusandae qui et aliquam. Ducimus debitis corporis quia magnam quia molestiae aliquam voluptas. Consequatur vitae doloribus sit ut blanditiis eius fuga. Accusamus necessitatibus minus odio ratione et aliquid.',1,1,'2001-09-02 22:57:35'),(146,167,125,'Consequuntur sunt voluptate cum explicabo dolores accusantium. Et sit quidem culpa sint nihil quibusdam ipsam. Nihil minus minus eligendi voluptatem adipisci. Aperiam est et eum facere. Ut sed non odio totam hic.',0,0,'1985-01-26 06:58:19'),(147,137,133,'Quisquam laborum excepturi quam natus pariatur in eos debitis. Laborum autem fugit adipisci dolores molestiae ut. Repudiandae numquam architecto adipisci eos.',0,1,'2006-01-24 08:03:21'),(148,166,195,'Dolores atque quod illum tenetur voluptas quia est. Pariatur iste iste ipsum id. Neque iste ullam fugit officiis.',1,1,'1972-07-19 04:13:22'),(149,161,182,'Aut ducimus temporibus necessitatibus laboriosam. Quia laborum qui eveniet repellat sit. Sed laudantium unde eos molestiae. Quia consectetur consequuntur ut qui dolorum.',0,0,'2016-08-31 23:21:22'),(150,138,177,'Suscipit maiores voluptates iure tenetur iure minima. Aut consequatur nostrum similique at beatae. Pariatur accusantium dolores eaque est nesciunt. Omnis quis magnam molestiae eaque animi.',0,0,'2016-04-15 21:56:02'),(151,145,192,'Dolore quidem ipsam deleniti delectus ut. Cum sit aut cupiditate natus magnam totam molestias repellat. Excepturi rerum rem et aspernatur nostrum qui inventore. Ad nostrum numquam eius quod autem doloremque. Qui aspernatur assumenda quae molestiae.',0,1,'2008-05-08 08:25:33'),(152,105,189,'Culpa et nesciunt consequuntur repellat perferendis sint ut. Aut autem assumenda neque. Necessitatibus est sed praesentium laborum doloremque.',0,0,'1979-12-17 13:07:44'),(153,122,177,'Numquam aut id id. Laborum illum quisquam ea rerum. Ut rerum sint ipsa fuga eos atque et. Omnis quo aspernatur sed ea excepturi necessitatibus.',0,1,'2012-01-10 20:52:53'),(154,119,164,'Eos animi rem iusto. Ut praesentium deleniti eaque sed repudiandae. Est sed et omnis numquam et quis quo.',0,1,'2019-08-03 00:26:14'),(155,158,150,'Nobis eum ut non. Quae quidem atque sed. Illum id perferendis omnis odit eius voluptas. Rerum quo reprehenderit consequuntur occaecati ea quidem.',1,1,'1980-02-05 05:18:22'),(156,101,157,'Sit omnis repellendus nihil. Aperiam ut et qui quo quod reprehenderit. Quibusdam sed dolores voluptas voluptates consequuntur id est.',1,1,'2013-01-31 20:18:21'),(157,167,199,'Voluptatem optio quis enim nostrum libero rerum quidem. Tenetur pariatur ut est occaecati labore sapiente. Omnis minima qui animi consequatur quaerat consequatur optio. Voluptatem numquam sunt ducimus eum ipsum reprehenderit.',1,0,'1976-05-06 18:53:14'),(158,200,143,'Delectus illo dolores enim ipsa inventore perspiciatis nihil. Veritatis aliquam ut quam autem soluta. Et placeat laudantium quisquam. Voluptatem ducimus qui omnis nihil.',0,1,'1974-08-21 10:58:44'),(159,140,157,'Perspiciatis enim laudantium aspernatur. Cupiditate quod animi eos quod eveniet. Earum quidem vitae atque enim eum et sunt. Vel mollitia suscipit delectus veritatis ut.',0,0,'1977-03-02 17:05:42'),(160,132,200,'Sint explicabo est molestias aliquam similique delectus ut. Repellat quisquam ipsa qui maiores tenetur. Esse voluptatibus veritatis qui qui molestiae doloribus dolores. Expedita non incidunt aut.',1,0,'1994-03-10 02:42:45'),(161,109,198,'Adipisci assumenda at et ut. Perspiciatis voluptatibus tempore fuga. Enim amet quo corrupti in sed quia. Sint neque aut quisquam.',0,1,'2008-06-24 05:22:44'),(162,124,145,'Amet expedita perferendis et ducimus vel fugit sint sit. Molestias ipsam voluptatum sed id quaerat iusto. Vel et quaerat illum. Qui et impedit autem corporis necessitatibus totam ut.',0,1,'1990-09-09 00:23:47'),(163,130,189,'Dolore et quaerat officiis nulla non laboriosam. Impedit libero repudiandae amet autem quo voluptatem. Earum repellat eius fugiat aut provident ex.',1,1,'2001-04-15 03:48:29'),(164,140,190,'Soluta magni sunt id qui aliquam architecto odio incidunt. Eaque voluptatum nihil unde fugit magni molestiae maxime. Molestiae quo explicabo itaque eveniet.',1,1,'1999-02-15 01:52:04'),(165,171,177,'Nemo dicta ab possimus qui beatae et qui. Odit facilis cumque ut itaque alias. Laborum id rerum iste commodi ut.',0,1,'1996-05-31 11:57:09'),(166,167,115,'Quos neque ea aliquid omnis. Voluptas quas quibusdam ut fugit itaque. Quam quaerat consequatur in et eum mollitia.',0,0,'1978-08-11 18:08:03'),(167,168,172,'Distinctio perferendis qui harum perspiciatis doloremque. Provident consequatur quaerat inventore voluptatem quia aut. Laborum vero veritatis esse esse ipsa animi rerum. Ab harum voluptatem sit.',0,1,'1973-06-09 08:08:39'),(168,104,190,'Vel dolorem hic minus enim temporibus. Ut est dignissimos illum sit. Sit eligendi autem consequatur eum corporis.',0,1,'1988-09-22 19:24:59'),(169,148,122,'Eum laborum laborum ut voluptas non. Molestiae illo enim est odio. Quasi et id doloribus voluptatem et recusandae. Voluptatem delectus vel expedita placeat sunt ut nisi.',1,1,'2017-02-03 17:44:36'),(170,153,106,'Aliquid dolorem dolores ut id sint in atque. Eius vero iusto consequatur maxime. Voluptatem neque nam quasi est ea sit. Qui sed nihil eos accusamus error laboriosam non.',1,1,'2016-09-12 12:15:26'),(171,172,153,'Quo aut harum hic necessitatibus quia. Libero quo neque molestiae ducimus laudantium incidunt. Ipsum nobis similique ut totam sunt qui ex. Reiciendis unde ullam fugit et tenetur esse quisquam.',1,1,'1999-07-22 15:31:11'),(172,162,139,'Excepturi ut nihil provident adipisci. Fuga praesentium velit eos omnis. Numquam reiciendis laboriosam illo quod.',0,0,'2009-09-15 06:59:49'),(173,151,162,'Quis inventore eveniet aut alias quas. Rerum voluptate fuga vitae. Voluptas aut et et rem voluptatem quia. Aspernatur aut fugit quia magni qui vel.',0,0,'1987-07-08 09:51:16'),(174,182,190,'Fugiat non eveniet autem. Non consequatur voluptas voluptas soluta dolores.',1,1,'2007-05-05 23:56:42'),(175,118,113,'Veritatis eum occaecati adipisci sed reprehenderit. Et nemo perspiciatis autem et qui temporibus. Voluptatem ab quis excepturi voluptatem facilis vel. Qui pariatur harum blanditiis molestiae. Ut asperiores sit quis facere.',0,0,'1986-09-04 07:30:07'),(176,190,126,'Reiciendis vel unde ut aspernatur. Ea placeat earum omnis consectetur. Cupiditate dolorem deleniti soluta officia expedita. Non expedita autem alias minus doloremque eum sunt.',1,0,'1984-10-08 20:35:35'),(177,111,114,'Vel quibusdam et ut rerum ex. Assumenda provident praesentium odio eius magnam ipsa excepturi. Odio repudiandae eum voluptatem est sit dicta. Placeat molestiae quam perspiciatis animi in at.',0,0,'1970-11-14 09:27:46'),(178,171,141,'Voluptate officiis et ex incidunt. Dolorum ut aliquam atque ipsam possimus. Quia rerum ut enim sit culpa et. Ea assumenda commodi quod assumenda at in.',0,1,'1995-12-04 21:08:13'),(179,103,110,'Neque voluptas distinctio eum vero ea molestiae iure. Natus laboriosam aut amet minima aut et. Recusandae unde minima fuga eius.',1,1,'1979-01-02 07:54:25'),(180,131,173,'Dolorem possimus placeat rerum laborum. Et quo nam itaque consequatur numquam omnis. Repudiandae blanditiis enim vel.',0,0,'1994-10-15 17:08:07'),(181,187,197,'Similique tempora occaecati nostrum voluptate. Aut et est in tempora placeat odit sed aut. Consequatur earum veritatis amet cum nulla vitae blanditiis.',1,1,'2002-03-22 09:01:25'),(182,187,154,'Ipsa laboriosam nostrum sed magni qui tempore est. Soluta ut quod veritatis incidunt praesentium. Reprehenderit pariatur omnis cupiditate dicta qui.',1,1,'2015-06-13 02:46:58'),(183,169,190,'Reiciendis facere occaecati sit enim. Minima alias culpa eaque quia assumenda error. Illo est consequatur ut quis minima enim reprehenderit.',1,0,'1982-08-22 14:57:17'),(184,144,116,'Impedit repellat nemo nihil repudiandae cumque ullam voluptate. Maiores inventore minus molestiae enim. Qui qui officiis et enim omnis expedita amet.',0,1,'1993-11-17 00:58:36'),(185,112,196,'Dolor ratione et nesciunt consequatur eum vitae quam. Ipsam voluptates corporis accusamus odio distinctio voluptates. Asperiores similique asperiores doloremque est occaecati velit. Est sunt est consequatur doloribus qui quo.',0,0,'1987-04-16 17:55:05'),(186,122,184,'Harum recusandae aliquid expedita nihil maiores. Dolor eos deserunt est in aut quisquam omnis dolore. Officia voluptatem architecto impedit reprehenderit saepe. Labore provident incidunt earum incidunt.',1,1,'2011-06-10 19:04:17'),(187,148,183,'Facilis quam voluptatem odit hic aut velit quam. Quia tenetur porro architecto voluptas ut tenetur reprehenderit. In nesciunt iusto commodi. Repudiandae molestiae quae officiis qui.',0,1,'1987-07-22 12:49:57'),(188,123,199,'Blanditiis aut distinctio et quo. Explicabo cupiditate totam aliquid maxime occaecati dicta. Aut beatae qui non a beatae accusantium illo cum.',1,1,'1981-12-09 02:33:13'),(189,144,104,'Praesentium magnam quidem labore eveniet impedit dolorem. Earum et non minima dolorum quibusdam officia minima.',1,0,'2009-07-08 12:53:28'),(190,188,162,'Distinctio alias possimus error deserunt vitae laudantium consequatur. Magnam et sit eos iure omnis totam. Dolor vel qui est magni iure error aperiam ipsa.',1,0,'2006-12-01 18:18:47'),(191,117,178,'Officiis qui rerum ut qui aliquid expedita. Nesciunt voluptatem provident perspiciatis id laborum autem quos. Laborum voluptatibus facere debitis temporibus voluptatem voluptatem.',0,0,'2018-11-21 18:29:14'),(192,187,127,'Enim quis non ut necessitatibus deserunt velit. Quam voluptatem numquam beatae exercitationem voluptatum corporis.',1,0,'1986-12-19 21:34:08'),(193,191,158,'Dignissimos aut soluta culpa repudiandae et omnis repellendus. Quos odit et aspernatur repellendus ea suscipit. Id quo sequi amet.',0,0,'1994-04-22 07:51:01'),(194,168,193,'Voluptate et aliquid non eos. Ut cupiditate et dolor accusamus quas assumenda. Sit in magni enim est eaque sit ea.',0,1,'1992-11-06 23:42:06'),(195,168,198,'Iste quam veniam nulla illo animi. Debitis suscipit sunt et at voluptatem. Perferendis voluptatem magnam quibusdam perspiciatis ad. Qui repudiandae necessitatibus earum.',1,1,'1999-04-30 18:20:20'),(196,165,154,'Eius numquam similique sit consequatur. Qui deleniti vel dolorem corrupti aut ut est. Voluptas maxime consequatur et dolor. Laudantium doloribus ea et qui.',1,0,'2002-12-20 11:14:36'),(197,194,152,'Eos eveniet velit et quis quisquam occaecati. Sit quod voluptas voluptas. Voluptatem natus sit vitae earum.',1,1,'1994-08-31 02:41:38'),(198,108,163,'Libero quisquam consequatur molestias necessitatibus distinctio aut. Praesentium veritatis qui exercitationem.',1,0,'1981-07-01 18:24:29'),(199,141,151,'Aliquam voluptas fugiat in nemo sint. Porro illo eaque perferendis sed. Culpa et rem sit sed.',1,0,'2018-06-06 18:08:39'),(200,179,153,'Iste voluptatibus laboriosam et. Quo qui ex quae. Qui ut eos architecto rerum maiores. Voluptatibus est reiciendis eos nihil dolorem impedit iusto.',0,1,'1974-11-29 01:54:25'),(201,146,200,'Voluptas dolor est dolores distinctio. Pariatur esse soluta ut doloribus. Sit ipsa possimus voluptatibus impedit vitae neque. Corrupti voluptatem alias officiis eos.',1,1,'2017-05-18 06:55:42'),(202,137,194,'A qui error libero accusantium ut. Ipsum consequatur dolorem velit blanditiis ea sed omnis. Sint molestias fugiat eos ratione placeat animi incidunt. Iusto maiores ut autem sit.',1,0,'1988-12-26 15:16:23'),(203,183,159,'Dolores enim ut excepturi id beatae. Ut minima reprehenderit odio voluptas facere voluptatem fugit iure. Praesentium nihil est pariatur dolorem omnis repudiandae vitae. Ea dolorem ea eius quisquam quae quaerat nostrum. Et distinctio ex nihil quisquam vitae consequuntur.',1,1,'1985-05-21 15:19:03'),(204,192,126,'Et sed ut incidunt consectetur facere iusto in. Doloribus culpa et corporis. Dolores suscipit quis velit nemo alias. Voluptates quis eos repellendus non.',1,0,'1995-02-19 11:44:55'),(205,163,180,'Et quia ipsam sed ut. Neque ut illum rerum ea. Sunt tempora magni blanditiis rem ab distinctio.',0,0,'1972-01-10 07:07:32'),(206,187,179,'A soluta dolorem ex id aut laboriosam. Occaecati repellat aspernatur repellat eveniet quia sint. Autem et dolores molestiae eveniet. Minus eos doloribus et et voluptates iste.',0,0,'1971-06-11 21:57:34'),(207,157,174,'Provident non quia itaque hic. Vitae vero est eligendi dolorem fugit amet. Non sapiente sint est ratione pariatur voluptatem tempora.',0,1,'1994-11-14 13:26:26'),(208,106,148,'Quam quis rerum nam cum dolor debitis quos. Et quasi dolorum quis ea eum sint dolorem exercitationem. Dolor soluta totam minus omnis voluptas.',1,0,'2019-12-25 09:38:11'),(209,132,173,'Ab ut est sint magni quasi. Voluptas qui esse nihil temporibus quasi delectus temporibus. In a id beatae vitae.',0,1,'1985-03-05 04:50:07'),(210,140,199,'Voluptatem et in at qui rerum et quia. Voluptate architecto atque voluptatem velit quibusdam. Blanditiis dolores nostrum rerum iusto.',1,0,'2017-08-25 23:54:53'),(211,171,104,'Et qui nihil nostrum quas voluptas. Iste blanditiis tenetur quod dolorem aliquid harum. Voluptatem quod at est atque sunt.',1,0,'1974-09-22 21:06:21'),(212,153,164,'Repellat eligendi voluptatem sint omnis non voluptate. Fugit officia cupiditate voluptatem nisi et omnis odit. Dolore cum qui id consequatur nihil voluptates impedit.',0,0,'2017-12-11 11:32:38'),(213,156,160,'Porro pariatur nam rerum laborum id. Occaecati placeat et natus et nam.',1,1,'2010-10-06 04:05:02'),(214,127,196,'Molestiae id nisi commodi est accusantium est quia. Porro numquam distinctio dolorum provident sapiente. Voluptatem suscipit rerum aliquid quibusdam et quae.',1,0,'1994-01-18 16:48:58'),(215,110,105,'Qui est nisi architecto perferendis deleniti veritatis. Velit possimus occaecati eum. Iste iste porro officia optio totam voluptatem.',1,0,'2018-04-23 05:14:34'),(216,149,156,'Earum ipsam est alias et et ea aliquid et. Rerum facere dolorem dolorem dolorum eveniet.',0,1,'1992-08-04 00:12:03'),(217,104,185,'Vitae iste minima doloremque enim unde. Ducimus in dolorum et impedit veritatis omnis et. Doloribus sed delectus et explicabo.',0,1,'2013-01-26 06:37:38'),(218,150,186,'Voluptatibus aliquam incidunt sunt ut. Ut ut explicabo modi occaecati omnis. Totam omnis omnis vel quia ut nulla.',1,1,'2004-02-17 20:29:49'),(219,143,141,'Molestias incidunt dolores ut aut magni ut numquam. Illo quos id voluptates voluptate. Ut saepe voluptas velit minima.',1,0,'2005-08-01 14:33:59'),(220,112,105,'Ut odit voluptas labore sunt hic. Id voluptatibus beatae sit animi autem aliquid et. Eum expedita et necessitatibus debitis aut sunt delectus.',1,0,'2015-06-19 13:55:08'),(221,121,199,'Recusandae earum ut quas illum. Culpa dolor optio consequatur iure. Quia facilis enim officia ut eum voluptatem.',1,0,'1987-07-31 00:27:04'),(222,184,178,'Omnis fugiat impedit magnam et minus voluptates unde. Culpa sit quaerat sunt sit temporibus. Rerum facere deserunt consequatur ut ut cumque. Quaerat veritatis officiis beatae qui quia a.',1,0,'1975-01-03 07:34:02'),(223,173,190,'Nostrum explicabo eum quod dicta. Commodi dignissimos maiores omnis aspernatur ut aut nisi eveniet. In impedit accusamus atque quam.',1,1,'2015-06-28 00:55:43'),(224,125,104,'Numquam deleniti est quibusdam. Iste voluptas ipsum velit neque ut doloribus repudiandae non. Quae quasi blanditiis aliquid hic aut.',0,0,'1996-06-09 15:53:07'),(225,163,164,'Eum et est sed perferendis hic optio. Sed animi quo molestias optio. Ut voluptas aspernatur ratione porro et alias. Et placeat est esse.',0,1,'2009-09-01 22:34:38'),(226,103,133,'Perspiciatis non rem nobis. Rerum cupiditate officia itaque. Iste corrupti laboriosam dolor. Distinctio eveniet perferendis et et et rerum.',1,0,'1994-07-06 07:58:53'),(227,168,155,'Illum porro totam soluta ab. Provident rerum minima veritatis. In corrupti est at quibusdam. Nihil voluptatem ex id. Sit iste qui explicabo iure sunt ut dolorem.',1,1,'1995-06-24 10:25:34'),(228,197,123,'Omnis blanditiis similique quidem et et. Provident eos numquam et illo. Architecto reprehenderit illo possimus ut ab eaque ut quae.',1,0,'1990-04-30 04:31:18'),(229,114,123,'Incidunt deleniti sed quas sed eius molestiae veritatis. Maxime dolor voluptatem ipsum eum sunt impedit distinctio. Rerum et consequatur veritatis accusamus porro eos. Voluptate architecto voluptas aperiam reiciendis.',0,0,'1975-06-26 19:07:55'),(230,119,124,'Totam molestiae est eos eos qui. Eos ea culpa molestiae iusto. Ut doloremque eligendi suscipit quam autem minus.',0,0,'1973-06-03 05:28:46'),(231,127,167,'Quaerat eaque nihil quia illo est. Dignissimos sequi sequi nihil vitae illum et. Libero ab quia laborum fuga consequatur ullam. Veritatis maxime sint incidunt adipisci possimus eligendi. Repellendus explicabo officia officia id laborum sequi.',1,1,'1982-06-30 03:19:37'),(232,180,131,'Veritatis ut perferendis quasi quia nulla. Error eaque necessitatibus excepturi voluptas incidunt et laborum eaque. Iure consequatur saepe nisi ea animi. Possimus nobis excepturi consequuntur voluptate perferendis nisi.',1,0,'2018-11-01 13:57:16'),(233,152,129,'Saepe quo rerum qui iure est. Fuga pariatur dolorem aliquid aperiam inventore officiis. Vel odio aut accusamus magni. Sunt earum minima delectus.',1,1,'1979-05-14 17:54:09'),(234,117,195,'Nobis vel odio enim ratione provident ipsum. Veniam voluptates non officiis et. Rerum architecto qui ipsum voluptates ea.',0,1,'1973-04-20 04:11:47'),(235,169,128,'Aliquid consequatur placeat unde odit debitis. Vitae ea at aspernatur aut possimus culpa non. Labore enim est sint voluptas nemo neque harum.',0,1,'1982-09-17 11:47:54'),(236,200,190,'Officiis quo enim harum recusandae dolores ea. Amet libero quaerat quaerat consequuntur. Dignissimos voluptates corporis et quibusdam et ut. Eaque rem sit occaecati eos consequatur repellendus.',1,1,'1997-02-25 15:28:16'),(237,127,184,'Omnis dolores autem cupiditate quia. Laborum voluptate atque sequi omnis est. Beatae explicabo et et soluta sed.',1,0,'1971-08-23 05:39:22'),(238,167,199,'Et vero perspiciatis occaecati reprehenderit temporibus. Dolor nam sit similique rerum nemo et ea. Minus odit rerum blanditiis quis impedit architecto. Autem odio ut perspiciatis et ut minus.',0,0,'1984-01-09 04:41:27'),(239,173,191,'Occaecati iusto ut voluptatem. Molestias architecto saepe non hic doloribus. Nihil voluptas harum sed nostrum corrupti quas.',0,1,'2020-01-07 00:11:32'),(240,103,135,'Quas sed corporis delectus omnis odit atque. Repellendus similique sapiente et quas a.',0,1,'1970-03-19 10:58:44'),(241,154,105,'At velit placeat et commodi accusamus sapiente et. Vel consequuntur unde qui hic non id. Perferendis ea maiores illo molestias blanditiis molestiae est.',1,0,'2018-11-28 01:46:11'),(242,167,122,'Et aspernatur qui commodi sit distinctio sit. Autem quia sit adipisci quia.',0,1,'2016-12-12 03:01:24'),(243,159,163,'Sed exercitationem itaque ut laudantium molestias ut laborum. Cumque quis vero eum. Blanditiis voluptatem dolor quod optio consectetur et. Id impedit ullam eaque qui mollitia.',1,0,'1975-08-05 03:05:50'),(244,144,173,'Quo molestias architecto ipsa veniam inventore natus qui assumenda. Magni dolor ratione iure asperiores a rerum aut. Cupiditate consequuntur quas nihil minima qui impedit et.',0,0,'1999-08-16 17:23:15'),(245,186,163,'Et ratione laudantium eos expedita atque dicta. Molestias voluptatem hic iure autem debitis modi inventore est. Voluptates soluta ipsum molestiae nam culpa rerum placeat. Natus beatae mollitia placeat expedita at error porro.',1,0,'1970-09-10 22:12:39'),(246,197,113,'Voluptate consequatur velit in nesciunt alias et suscipit. Similique cumque consequatur eum qui quia. Fuga nisi ut sapiente.',1,0,'2008-10-12 09:32:15'),(247,130,176,'A provident voluptatem placeat sed animi perspiciatis. Est sequi quia expedita velit vel necessitatibus delectus. Explicabo earum culpa qui similique exercitationem. Error voluptatum occaecati tempore ad dolores deserunt hic.',1,1,'1992-08-10 19:20:56'),(248,143,181,'Tempore voluptatem voluptatem et culpa veniam consequatur voluptatem. Ut voluptas non ratione sed sed inventore est. Enim sequi ut nobis quod soluta. Ipsa quos aut velit sit voluptatibus suscipit tenetur dolorem.',1,0,'1976-11-18 18:43:42'),(249,104,159,'Veritatis in quasi earum in pariatur est laudantium. Omnis dignissimos fugit beatae aut. Sit perspiciatis vero debitis voluptatem inventore corrupti perspiciatis.',0,1,'2004-11-03 11:32:34'),(250,176,173,'Dolorum earum accusamus sunt. Qui et quas aut ut voluptatem reprehenderit non molestiae. Nihil amet sed quia velit consequuntur.',1,0,'1984-08-25 21:28:53'),(251,187,175,'Sit odit eveniet id ut consequatur sed. Explicabo error est quo beatae non sunt velit laudantium. Voluptatibus est quibusdam ducimus aut aliquid. Ut quia voluptas qui voluptatem autem. Veritatis voluptates quo nesciunt exercitationem sint quod corrupti.',0,1,'2007-12-31 19:28:30'),(252,162,113,'Voluptates veniam dolor sapiente aperiam aut earum. Voluptate non accusamus beatae doloribus dignissimos consequuntur. Occaecati praesentium iste aut sunt. Et commodi dolor similique vel nesciunt nihil sunt.',1,1,'2014-05-09 15:12:42'),(253,158,128,'Ea illum esse quisquam laboriosam sequi consequuntur ut. Deleniti consequatur sit numquam dicta.',1,1,'2015-08-18 02:59:32'),(254,112,130,'Veritatis totam in a non. Consequuntur ipsa autem dignissimos optio eos et adipisci. Molestias dicta nesciunt hic quo eaque. Sapiente aut perferendis corporis quo illum inventore reiciendis.',1,0,'1998-04-18 07:12:12'),(255,118,115,'Dolores eos aspernatur quis consectetur voluptatem. Et alias voluptas vitae similique perspiciatis. Dolorem eius sequi quibusdam consequatur dolor fugiat.',0,0,'1978-01-28 03:04:23'),(256,165,172,'Excepturi pariatur similique nesciunt saepe consectetur pariatur. Odit quam tenetur unde ut. Dignissimos eaque aliquid quasi dolorem excepturi. Vitae est velit amet expedita velit quisquam minima.',1,0,'1996-03-10 22:09:10'),(257,119,132,'Est a dolores excepturi unde dolore ea. Nam vero autem nobis quo. Sed autem id necessitatibus minus. Sit ut omnis voluptas rem fugiat earum delectus doloribus.',1,0,'2017-05-14 07:31:09'),(258,193,178,'Facere iusto mollitia explicabo vel. Error et explicabo sequi repellat aspernatur. Temporibus nisi voluptatem soluta et.',1,1,'2002-11-21 17:23:21'),(259,195,137,'Repudiandae voluptas quos architecto quia. Deserunt assumenda odit aliquam qui dolor in fugiat velit. Laboriosam et veritatis nulla repudiandae tempore.',1,1,'1996-07-16 02:19:05'),(260,151,180,'Placeat officia mollitia aperiam voluptate. Perferendis quis laboriosam quia placeat omnis. Unde quibusdam adipisci eaque quo consequatur.',0,0,'1999-03-02 03:32:30'),(261,199,147,'Ea vel cumque ipsum corrupti dolorum vel. Doloribus placeat asperiores corrupti eligendi doloremque. Nulla et nulla incidunt.',1,0,'2009-06-15 02:49:51'),(262,192,128,'Rerum sequi dolor expedita. Porro et nisi vel rerum. Sequi magni vel voluptas aliquam adipisci adipisci. Ut cum aut quia sit.',0,1,'2004-03-24 00:57:07'),(263,122,135,'Nulla occaecati alias tempora iusto rerum quae. Dicta deleniti dignissimos aut. Dignissimos praesentium laudantium accusantium possimus perspiciatis aspernatur. Velit sint a deleniti qui voluptate mollitia qui.',0,0,'2009-12-08 14:16:24'),(264,108,126,'Delectus nihil enim enim placeat quisquam tenetur. Facere est magni pariatur unde enim. Architecto nihil doloribus perferendis excepturi voluptas quasi. Tempora ratione accusantium recusandae delectus ullam in dicta. Doloribus velit doloremque alias minus nam animi.',1,0,'1996-05-17 08:21:25'),(265,193,183,'Quis sit sapiente et non iusto est ipsa. Labore molestiae eveniet consequuntur molestiae placeat quae. Minima itaque ut omnis quos consequuntur porro. Aspernatur et debitis eius vel quo.',1,0,'1997-12-26 11:13:28'),(266,198,180,'Est est aut deleniti sit quasi pariatur consectetur consequatur. Et sit dolores fugiat. Vel error corporis rerum ut sed sunt. Nihil non quis tempore rerum.',1,1,'1991-02-14 19:44:16'),(267,158,159,'Eum a et est nemo eius corporis. Est nobis quia nobis placeat soluta.',1,1,'1982-11-10 04:02:32'),(268,193,115,'Quia aut tempora magni eligendi. Iusto molestiae quae accusamus dolores sed omnis quis provident. Velit possimus dolorum illo animi aut quo ipsa molestiae.',1,0,'1997-05-03 20:22:58'),(269,186,105,'Consequatur ratione id et id. Blanditiis laudantium ut optio porro suscipit ratione vel. Est iste omnis maiores id qui nostrum molestias. Nesciunt laboriosam reiciendis veniam ipsum corrupti commodi.',0,0,'1971-12-11 01:27:39'),(270,145,104,'Et est non quam rerum. Modi ab voluptatem dignissimos vel adipisci repellendus sunt. Fugiat repellat nobis tempore laborum non aut voluptatem.',0,0,'1994-06-15 17:12:27'),(271,119,110,'Tenetur aut quod tenetur incidunt. Sed et deserunt veniam dolores autem. Sapiente inventore voluptatem et voluptatibus aut. Labore in rem soluta voluptatum ut.',0,1,'2014-08-19 10:01:52'),(272,175,138,'Hic quod animi possimus quis esse voluptatem facere et. Exercitationem beatae dignissimos maiores voluptas magni nisi accusantium. Quos eum aperiam dicta voluptatem hic adipisci consequatur doloribus.',1,1,'1991-03-31 04:45:00'),(273,141,167,'Hic debitis quas illum natus voluptas. Fugit ut quia nihil. Explicabo temporibus saepe molestiae sunt sunt harum in voluptatem. Qui consequatur quisquam repudiandae.',0,1,'2006-01-25 16:40:45'),(274,116,135,'Velit qui consequatur necessitatibus non facilis id. Exercitationem vero tenetur voluptates dignissimos non non in. Officia veniam sunt et enim corporis ut rerum.',1,1,'1988-09-10 13:20:10'),(275,103,166,'Molestiae molestiae laborum autem explicabo et accusamus. Alias labore impedit consequatur sit perspiciatis porro et minus. Ea quo facilis explicabo ut soluta occaecati.',0,1,'1972-07-28 11:14:36'),(276,114,102,'Est sunt hic tempore qui libero qui. Velit sit aut quod suscipit. Illo sit nobis ut distinctio id eius vel.',1,0,'2005-03-07 10:28:00'),(277,113,106,'Aspernatur et qui molestias qui amet earum. Suscipit corrupti nihil quia autem. Voluptatem velit incidunt ratione quo eius sit dolores. Cupiditate id quod ipsam earum.',1,0,'1991-05-17 19:59:24'),(278,129,134,'Dicta doloremque assumenda officiis. Neque et eum dolore. Harum ut assumenda perspiciatis aut. Aperiam omnis unde perspiciatis nisi sequi.',0,0,'1985-03-27 14:39:43'),(279,140,137,'Assumenda sed quis quia tenetur neque dolor est repudiandae. Quasi doloremque ut sint quia laudantium. In sed inventore eveniet ducimus nemo voluptas.',0,1,'1978-07-26 01:50:06'),(280,159,133,'Numquam voluptas quae excepturi sed voluptas eum magnam. Unde officiis voluptatem vitae totam fugiat laudantium. Et quo quae enim quisquam dolore omnis animi. Eligendi deserunt voluptates suscipit eius. Dolorem fugit ex mollitia consequatur voluptas necessitatibus.',0,0,'2015-09-03 07:13:30'),(281,120,156,'Et sunt et ipsum voluptatibus sint dolorem magnam ut. Eaque soluta molestiae id ut commodi. Quo rerum voluptas distinctio. Quisquam temporibus illum quia optio ullam.',0,0,'2007-10-05 07:46:26'),(282,112,177,'Sint quas assumenda explicabo sed. Recusandae minima atque voluptates voluptatum architecto consequatur. Tempore deserunt et ea possimus consequatur dicta inventore. A ducimus et repellendus quas nesciunt optio.',1,0,'1989-05-25 04:07:58'),(283,115,104,'Ut dolorum nam cumque libero voluptas. Laboriosam deserunt beatae eligendi reiciendis ut aperiam nihil voluptatem. Asperiores aut est et doloribus totam.',1,0,'2019-08-14 03:56:59'),(284,192,200,'Non magnam quia quos. Et voluptatem incidunt laborum nemo ipsa voluptates porro. Totam voluptas omnis veritatis.',1,1,'1986-01-28 06:22:18'),(285,108,137,'Quo et distinctio repudiandae rerum totam provident. Magnam voluptatem nostrum nemo perspiciatis inventore rerum eos. Sed necessitatibus illum officiis voluptatum fugit amet possimus.',1,0,'2011-06-18 11:51:10'),(286,103,127,'Rerum in est dignissimos sed cupiditate ut. Et et rerum mollitia alias quasi. Sed deleniti et vitae. Dolor minus voluptates et.',1,1,'1984-09-13 01:44:51'),(287,146,178,'Quis aliquid et odit eum aut. Enim culpa harum ducimus totam aut voluptatem. Aut ea voluptatem aut et temporibus repellendus. Accusantium similique quam sapiente architecto neque.',0,0,'1994-12-25 18:03:32'),(288,164,186,'Velit numquam id enim libero consequatur quas et. Illum voluptate deserunt est. Reprehenderit perferendis consequuntur mollitia numquam necessitatibus quia.',0,1,'1987-12-29 05:34:45'),(289,144,179,'Maiores magni aut qui nemo sit ut. Voluptas incidunt est quis debitis ut et qui voluptatum.',0,1,'1997-12-19 22:50:30'),(290,120,147,'Asperiores non voluptatibus perferendis. Culpa commodi sint earum iusto. Vel suscipit est doloremque temporibus eos impedit aliquid. Temporibus quibusdam et quia nisi ea tempora.',1,1,'1979-11-08 20:09:21'),(291,144,134,'Autem et ab occaecati sed consequuntur. Officiis mollitia officia est id voluptates quasi quibusdam. Officia impedit facere in illum incidunt quaerat.',0,1,'2005-05-10 09:37:47'),(292,148,157,'Aspernatur quae et temporibus natus. Animi voluptates accusamus voluptatem impedit laborum. Accusamus sint aut harum adipisci magni.',1,0,'1993-10-29 06:40:20'),(293,140,177,'Enim nostrum optio cumque officia voluptatum. Eos aliquam veritatis qui veritatis rerum.',0,1,'2003-02-22 08:23:01'),(294,190,179,'Minima aliquam sed nobis modi suscipit error accusantium. Dignissimos architecto velit et molestiae. Maiores autem molestias et modi repudiandae dolorem.',0,0,'1994-04-18 12:39:42'),(295,113,149,'Quaerat quia illum consequatur exercitationem. Laborum tempora quia repudiandae esse libero. Velit perferendis corporis eum sed accusamus reiciendis sed. Omnis perspiciatis quia ab culpa.',1,0,'2002-12-24 03:44:40'),(296,111,132,'Voluptatem voluptate eos aut suscipit deleniti et laborum. Pariatur debitis fugit doloremque est. Accusamus blanditiis suscipit quidem reprehenderit ullam. Fuga assumenda totam quibusdam voluptatem aperiam ut.',0,1,'2019-07-12 08:07:22'),(297,105,123,'Consequatur maxime reprehenderit fugiat. Ab omnis occaecati est id odio sapiente aut. Sequi ut et corporis adipisci necessitatibus tenetur beatae aliquam. Amet aliquid voluptatem consequuntur.',1,1,'2013-10-13 18:48:50'),(298,109,119,'Labore consequatur eligendi dignissimos. Natus qui optio aut laborum asperiores. Est ex sed nobis.',1,1,'2012-01-03 00:48:48'),(299,127,200,'Sunt repellat temporibus dolor voluptatum. Sequi quia cumque eum eos quia. Libero nisi voluptas et consectetur repellat.',1,0,'1995-12-28 08:39:06'),(300,119,135,'Recusandae alias quas dolores cum rerum ipsa illum. In animi sequi voluptate nostrum. Suscipit unde labore accusamus quas.',0,0,'1973-03-26 10:22:27'),(301,136,122,'Dolore est est maiores fuga dolores autem. Est illum sed distinctio necessitatibus. Minus omnis et quia quisquam vel ut voluptates expedita.',1,0,'1998-10-23 09:35:06'),(302,161,181,'Nesciunt consequuntur beatae quis quia sequi. In fugit velit ullam quas adipisci culpa vel. Laboriosam debitis odit fugit rerum tempore. Minima error possimus ab vitae perferendis.',1,1,'1989-03-15 19:51:22'),(303,199,125,'Qui saepe magni sunt. Quidem minus iusto nesciunt perspiciatis et nam. Consequatur eum doloribus voluptatem in esse. Praesentium voluptatem fugit dolor quod vel.',1,1,'2001-05-20 00:05:40'),(304,167,143,'Et ea impedit neque consequuntur placeat qui. Similique fugit velit esse. Voluptatibus et deleniti neque.',0,0,'1994-07-13 11:21:43'),(305,103,186,'Ab odio et adipisci recusandae rerum. Qui quis quos quo laborum magnam dolorem minus. Autem consequatur quam alias temporibus ut.',0,0,'1990-05-29 16:22:07'),(306,190,147,'Officiis consequuntur et aut inventore nam rerum. Similique autem magnam consectetur ut ut omnis. Excepturi quasi doloremque hic eos perspiciatis. Tenetur aspernatur beatae aliquid minus temporibus nulla. Reprehenderit in facere illum totam in et.',1,0,'1987-12-19 11:16:57'),(307,120,138,'Quaerat repellat soluta ea illum qui. Provident officiis vel ab magni voluptas. Autem velit quidem deleniti explicabo et placeat natus et.',1,0,'1996-10-13 22:11:39'),(308,103,159,'Fugit aut est ea architecto dolorem occaecati et. Magni et ducimus et. Natus doloribus suscipit corrupti voluptatum vel non. Ex voluptatem nostrum nesciunt id dolores omnis asperiores.',1,0,'2000-02-06 17:50:19'),(309,114,193,'Enim minima neque ratione ut vitae nobis. Nesciunt repudiandae facere rerum deserunt qui maiores sit. Non sunt libero nemo neque est numquam.',0,1,'1991-07-11 10:00:56'),(310,138,127,'Consectetur culpa consectetur aspernatur maxime rem eos iusto. Deserunt voluptates aut harum dolores quasi animi nesciunt. Sunt rerum aliquam ducimus. Quas ipsum est qui ex earum pariatur. Voluptas iusto placeat ut laudantium et id dicta.',1,0,'1987-07-11 14:34:14'),(311,142,149,'Sint molestiae vitae quo quos mollitia. Sint recusandae ut voluptates ut doloribus quam. Voluptates vero quod consequuntur fuga harum tenetur laudantium. Ea voluptas molestiae quaerat est dolorum.',1,1,'1998-11-14 21:18:43'),(312,158,146,'Suscipit praesentium enim commodi et id quod. Vel nobis cumque voluptas aut. Labore quia quod laudantium nisi ea et. Modi rerum unde quibusdam quis unde.',0,1,'2004-07-21 07:24:30'),(313,172,166,'Ea possimus sunt sit. Et id nobis voluptatem quasi aperiam. Dolorem suscipit ullam voluptates nesciunt et mollitia expedita quis.',1,1,'2017-07-06 19:19:24'),(314,165,198,'Ea laborum et tempora. Voluptatem perferendis qui hic provident doloremque optio. Et sit omnis placeat maxime distinctio culpa.',1,0,'2010-03-29 07:25:04'),(315,166,184,'Voluptatibus placeat ut nostrum. Aliquam ut ex quas minus recusandae eius. Vero dignissimos dignissimos pariatur qui vel eaque. Dolorum ipsum dolor ut dolor omnis eum.',1,1,'2020-01-13 04:09:56'),(316,133,101,'Nemo incidunt voluptatem id sit cumque consectetur. Quo molestias sequi voluptates explicabo et harum. Occaecati repudiandae esse voluptates consequatur ut qui et. Est non dolores qui nihil dolor aspernatur veniam. Vel mollitia dignissimos praesentium qui aperiam est ratione.',1,0,'1994-10-25 23:41:05'),(317,106,194,'Consectetur dolorem sapiente animi sunt cum quasi. Excepturi beatae accusantium sequi. Saepe natus et aut laboriosam mollitia est dolor. Cum cum fugit aut veritatis expedita itaque dolore id.',0,1,'2002-05-04 13:37:12'),(318,182,105,'Ex odio voluptas facilis. Soluta aperiam distinctio autem qui. Illum eum sint molestias aut aut modi quia.',0,0,'1979-06-18 21:21:41'),(319,118,148,'Animi dolor nostrum rerum eum est dicta fugiat. Voluptatem perspiciatis eos est non. Voluptates autem eligendi et voluptas qui ipsum laudantium nam. Accusantium labore corrupti pariatur harum nobis aut.',0,0,'1994-09-08 22:07:51'),(320,147,120,'Dolorum sequi ab earum sunt. Quam nesciunt sint veritatis blanditiis. Tempore autem unde vero amet voluptatem distinctio.',1,1,'1970-11-03 02:23:38'),(321,134,137,'Consequuntur culpa ut tempore adipisci. Molestiae totam necessitatibus hic voluptatem omnis architecto. Laborum quibusdam numquam dolorum eaque et adipisci quae. Consequatur suscipit libero ut neque repellat ea nobis quas. Tenetur voluptatum quam similique suscipit.',0,1,'1974-07-11 21:50:55'),(322,167,154,'Voluptas sint voluptatem voluptas et et explicabo in ipsam. Repellat dolor non architecto consequatur neque. Occaecati fuga aliquam ullam rerum.',0,0,'1972-02-09 22:21:56'),(323,174,169,'Ipsa dolores dicta eos sed est aspernatur laborum aut. Omnis temporibus nihil nulla quo consectetur hic ut sed. Harum aut ea sit eos sed quia velit quia.',0,0,'2016-04-18 12:03:07'),(324,113,188,'Placeat ipsa veniam debitis quo vitae aut. Est qui necessitatibus fugiat perspiciatis. Sed est non possimus dolores. Autem rerum laboriosam in rem excepturi.',1,0,'1976-05-14 01:42:32'),(325,161,150,'Commodi hic consectetur harum eos accusantium rerum non. Iure recusandae ipsa nostrum cupiditate eaque. Illum aut qui quam omnis rerum. Sint distinctio sequi corrupti rerum perspiciatis et non.',1,1,'2008-05-10 07:12:18'),(326,114,102,'Ut est repudiandae eveniet. Ratione dolores tempora aperiam velit aut. Dolore eaque et maiores veniam quod quibusdam quo.',1,0,'2013-05-14 21:07:15'),(327,199,172,'Ad facere perferendis aperiam autem. Optio asperiores voluptatibus eligendi iusto sunt repellat. Soluta eum error tempore quas.',0,0,'1978-02-26 05:08:16'),(328,148,170,'Temporibus veritatis porro est voluptate aut ratione. Alias neque et in nobis blanditiis sunt consequatur quos. Quis inventore qui rerum iure ad. Laudantium iure iure vel laboriosam asperiores consequatur laborum culpa.',1,0,'1987-08-28 22:51:18'),(329,138,113,'Dolorem ratione ipsa voluptatem. Natus minus mollitia ipsam autem labore suscipit. Modi non sunt quis omnis.',1,1,'2002-11-16 11:06:35'),(330,168,103,'Rem est voluptas minus id ut dolores. Laborum quia ea non. Est quia ut sed reprehenderit. Ut unde praesentium suscipit voluptatibus sit sint ratione.',0,0,'1979-10-06 04:59:22'),(331,197,200,'Sed at molestiae ut aliquam quia. Quibusdam eaque enim voluptate vero sunt repellendus. Ipsam ut iusto rerum magnam laudantium ut. Sequi et in quae animi.',0,0,'2006-01-17 19:24:39'),(332,104,102,'Odio blanditiis eligendi ducimus ratione odit. Autem rerum quia quaerat hic doloribus. Pariatur maiores nesciunt voluptates. Eligendi velit nulla laudantium perferendis ipsa et aut voluptatibus.',0,1,'2003-08-22 22:22:11'),(333,193,185,'Nesciunt maiores sit non. Magni sunt laboriosam ut et et. Odio fugit non at voluptatem voluptatibus voluptatem.',1,0,'1972-11-28 14:42:33'),(334,106,110,'Ex veniam sint autem sunt impedit. Autem doloremque nisi quidem quis. Ut nesciunt blanditiis omnis iste adipisci.',0,1,'1979-05-19 09:19:57'),(335,133,153,'Soluta exercitationem est libero et ut sint. Pariatur mollitia autem saepe natus ut iste. Eveniet deleniti nostrum nulla. Omnis quia quis neque asperiores autem quis nemo quos.',1,0,'1972-01-30 11:23:54'),(336,130,166,'Blanditiis aut repellat qui ratione nobis occaecati. Architecto ratione eveniet est tempora. Eaque adipisci qui consequatur voluptas. Rerum odit enim eius delectus et. Vel porro neque assumenda soluta accusantium laboriosam.',0,1,'1971-09-30 03:07:44'),(337,189,196,'Beatae libero qui aut praesentium sed ea. Nihil quasi laudantium quia aut quam. Qui deleniti dolor debitis nihil et. Est ad sequi illo ipsam sequi magnam omnis.',0,0,'1970-08-18 09:04:17'),(338,120,163,'Id sit dolorem ratione. Enim quia molestiae laborum laboriosam et autem fugit. Aut voluptas facilis neque quis.',1,1,'1985-09-23 11:22:28'),(339,164,132,'Cupiditate labore possimus vel sit omnis sint. Beatae numquam pariatur aliquam nulla. Vel expedita sunt et nulla ratione voluptatem id.',1,1,'1986-02-17 03:14:47'),(340,150,125,'Aperiam ea voluptas et explicabo blanditiis libero. Aut nihil aspernatur voluptatem minima eaque nesciunt. Dicta sed placeat numquam eos. Ut nihil reiciendis mollitia est in magnam molestiae ea.',1,0,'1989-02-09 00:09:19'),(341,181,164,'Magnam ea reiciendis neque voluptatem et sunt atque eum. Minus quia quaerat ut quo esse. Minima qui sed et est mollitia accusamus.',1,0,'2004-06-30 15:19:05'),(342,127,180,'Dignissimos iure velit ut. Voluptatem eaque nesciunt at sunt reprehenderit officiis nihil. Facere velit in libero.',1,1,'2004-08-01 21:08:16'),(343,135,175,'Soluta suscipit iste itaque. Dolores qui accusantium et nulla nulla. Voluptas rerum id ea quis saepe. Voluptas eum dolor consequatur ut qui voluptates harum.',1,1,'1984-12-26 19:29:04'),(344,149,172,'Suscipit ea commodi quibusdam dicta earum vitae. Et sed non illo. Rerum qui possimus et exercitationem nihil debitis. Voluptas rerum molestias iure velit quis.',0,0,'2006-01-09 03:04:03'),(345,187,116,'Ut ut expedita est est voluptatem odit itaque. Voluptatem voluptates recusandae odio sed quos accusantium dignissimos. Magnam libero in illo et laborum non delectus eos.',1,0,'2012-02-11 11:42:39'),(346,175,183,'Aut et in pariatur qui. Est pariatur ut et voluptate numquam iure. Sint vel consectetur aut labore fugit omnis delectus cupiditate. Sed non quia voluptate.',1,1,'2006-03-21 10:02:15'),(347,116,178,'Sunt et possimus repudiandae adipisci eos delectus in. Quia quod non est praesentium voluptas explicabo autem. Ut et aut hic quia incidunt animi deleniti fugiat. Error debitis fuga fugiat voluptas harum.',0,1,'2006-04-29 11:23:07'),(348,185,108,'Sit repellat velit nam praesentium blanditiis quae. Libero ipsum saepe qui numquam ut quaerat sint. Unde itaque consectetur culpa autem veniam.',1,1,'1970-05-08 19:58:29'),(349,163,190,'Dolor reprehenderit tenetur voluptatem. Voluptatem laborum sint sit quia non dolores. Porro provident minima pariatur est ratione voluptatum. Totam quo possimus officiis.',0,1,'2009-09-22 12:03:02'),(350,118,195,'Sint hic rerum cumque perferendis quas. Maiores possimus consequatur qui fugiat. Consectetur tenetur qui blanditiis aut totam.',0,0,'1990-08-31 06:16:56'),(351,142,147,'Nesciunt et fugit placeat magni. Temporibus voluptas alias deleniti voluptatem deserunt ab. Qui occaecati neque vel et. Voluptates consequatur quae laborum incidunt vitae.',1,0,'1982-11-20 15:02:43'),(352,161,130,'Id vero voluptas consequuntur voluptas. Quo aut excepturi tenetur assumenda aliquam. Eius impedit ipsam ut laudantium quod. Suscipit ea modi cumque aliquam reprehenderit iusto at.',1,0,'1998-10-08 01:05:20'),(353,142,180,'Provident labore eum quis quidem nesciunt reiciendis aliquam. Aut distinctio ipsa et quae quam ullam expedita dolor. Cumque dignissimos dolore veniam impedit commodi. Explicabo accusamus voluptas praesentium sit et.',1,1,'2019-09-09 20:38:01'),(354,193,106,'Aut libero quia sunt odio reprehenderit eum magnam. Dicta eum ea voluptates dolorum quis. Sapiente ea nulla et maxime eaque a consequatur autem.',0,0,'1982-09-23 11:41:29'),(355,111,143,'Et sequi enim inventore et. Velit amet et doloribus voluptatem eius saepe aliquid quae. Asperiores sed modi assumenda labore.',1,0,'2007-07-15 09:30:35'),(356,131,192,'Beatae perspiciatis itaque illo totam aut assumenda. Explicabo sint nulla eius sint eum. Qui quia ea odio recusandae aut placeat voluptas.',1,0,'2018-11-07 18:19:06'),(357,106,157,'Voluptates sit ad aliquid. Tempore excepturi omnis modi aut eveniet aliquam harum. Qui doloribus facere ea qui consequatur.',1,1,'2003-03-09 17:38:11'),(358,171,140,'Recusandae facere reprehenderit voluptas sit natus blanditiis a. Iusto quod illo est doloremque quam aut. Voluptatum ut velit ut dignissimos et. Dignissimos et quia et tempora velit dolores aut non.',0,0,'1974-11-13 05:31:57'),(359,131,120,'Quia veniam aut veniam expedita. Voluptatem nulla iste perspiciatis id quisquam odio. Et rem molestias corporis quo eveniet et optio at. Sunt fugit voluptate ducimus aut corporis dolor et assumenda.',1,0,'1986-05-16 05:30:43'),(360,112,118,'Rem itaque voluptatem eius necessitatibus. Exercitationem quis eveniet laudantium consequatur nulla. Laboriosam numquam nobis sit minus et voluptates. Ex dolorem et placeat sunt iure ut qui.',1,1,'1987-01-16 09:28:44'),(361,136,186,'Alias autem possimus veritatis. Voluptas quis omnis facere. Mollitia ipsam molestiae consectetur aut sed.',1,1,'2010-04-27 05:29:59'),(362,101,151,'Facilis nobis eos fugit adipisci assumenda adipisci quo ex. Consectetur dolore officiis necessitatibus facere provident. Rerum perferendis dicta ipsa in quis id ipsam tempora.',0,0,'1972-05-20 03:13:24'),(363,164,185,'Enim ipsam eveniet nisi voluptas. Sit aut ut dolore perspiciatis harum. Temporibus aut et aspernatur sed odio molestiae. Facere sunt quibusdam cum voluptatem dignissimos.',0,0,'1981-11-25 19:12:50'),(364,158,126,'Dicta perferendis repudiandae unde et non. Excepturi officia ea commodi illo. Cum minus maiores consequuntur non quisquam aspernatur voluptatibus et. Placeat aut eos quibusdam aut voluptatem quas magni sapiente.',0,0,'1973-12-25 12:50:44'),(365,174,175,'Qui quia sed ad quis consequatur numquam. Exercitationem non exercitationem doloremque dolor eum rerum. Qui omnis minima suscipit. Quia voluptatem voluptatibus nisi pariatur porro tempora ipsum.',0,0,'2002-11-10 07:14:34'),(366,120,116,'Veritatis dolor dignissimos odit. Hic porro saepe earum et. Fugit sunt dolores est ut quis. Dicta molestias cum et et eius recusandae.',0,0,'1971-01-10 15:24:26'),(367,122,180,'Excepturi veritatis non sed. Optio similique occaecati et culpa. Sunt rerum dolor voluptatem quos enim. Delectus neque dolor quae laborum maiores.',0,0,'2010-08-09 20:56:02'),(368,146,163,'Repellendus vel sed nihil aut eligendi explicabo quos nostrum. Vitae beatae corporis dolores nobis similique. Ipsum similique maiores quas delectus.',1,1,'1971-02-24 05:36:08'),(369,160,138,'Consequatur sequi similique fuga voluptatibus. Et ipsa veritatis ut quibusdam enim consequatur sint. Non provident debitis hic quibusdam aliquid incidunt.',0,1,'1977-02-05 18:31:41'),(370,169,170,'Hic quaerat sed accusantium. Voluptates exercitationem beatae vero. Ad quas exercitationem quo dolore odit iste. Totam error voluptate debitis itaque.',0,1,'1983-10-10 09:43:42'),(371,180,199,'Accusamus soluta sunt quo eos sapiente officiis accusamus. Ipsa eius quasi assumenda dolores aut sint. Cupiditate quaerat quis quis. Velit sed autem molestias velit ut alias veniam.',0,0,'2005-05-08 18:41:18'),(372,161,185,'Praesentium eum voluptates atque molestias dolorum cum. Iusto error perferendis ratione ut voluptas consequatur. Quas dolorem aliquam libero vel. Est numquam qui blanditiis reiciendis.',0,1,'2013-04-02 21:22:29'),(373,156,132,'Magnam sed excepturi aut cum perspiciatis. Officiis eum facilis numquam consequatur voluptas. Qui temporibus aut ab qui harum. Repudiandae harum et illum est.',0,1,'1973-04-27 00:27:43'),(374,125,187,'Omnis nihil aut libero optio ab. Porro aperiam excepturi voluptas commodi. Quidem repellendus qui unde. Sit et nam in sunt quia rerum natus.',1,1,'2011-02-28 19:46:33'),(375,152,137,'Provident quod perspiciatis ratione suscipit occaecati occaecati quam. Nihil illo explicabo atque totam nisi id. Vero id qui maxime. Possimus eum ut eos sunt beatae rerum dolorem. Sed quo aperiam vel qui.',0,0,'1991-07-31 01:55:55'),(376,104,187,'Sunt dolorum reiciendis amet distinctio. Laborum soluta fugit autem voluptas placeat aut reprehenderit. Accusamus maiores accusantium excepturi qui totam.',0,0,'2005-10-19 22:51:10'),(377,122,105,'Esse sint error accusantium beatae blanditiis dolor. Exercitationem doloribus culpa nesciunt voluptatum et est.',1,1,'1975-11-30 21:48:50'),(378,137,185,'Saepe quam veniam placeat quasi. Quibusdam itaque harum eos minima id quae odit. Possimus laudantium quo quia sed. Non similique vero quasi ut ex.',0,0,'1973-07-27 00:27:02'),(379,189,195,'Qui at est praesentium aut enim. Aut aliquam sapiente et in laborum. Laboriosam dolore facilis harum rem magnam corporis fugit quis. Quia id officia ut totam optio molestiae veritatis.',1,1,'1984-10-10 07:02:52'),(380,111,163,'Et architecto suscipit dolore et. Aut dolore et repellat et laborum ut. Doloribus pariatur mollitia odio repellendus. Molestiae et et quasi saepe.',0,0,'1975-07-31 14:28:08'),(381,170,130,'Voluptates numquam qui quam aperiam. Non voluptas non quisquam sed est quo quia occaecati. Velit fuga at qui necessitatibus repudiandae voluptatum ipsam. Quasi ipsum eligendi commodi ut et est repellendus.',1,1,'1980-03-04 06:55:59'),(382,178,191,'Doloribus consectetur qui doloribus quam. Maiores facilis excepturi quis. Eaque dolores est omnis. Sed repellendus id saepe voluptatem hic molestias.',1,1,'2015-06-11 08:27:33'),(383,110,124,'Corrupti est quas ab qui. Aut aliquid error qui officiis atque.',0,1,'1970-03-05 19:43:38'),(384,153,169,'Aut porro dolor ratione quaerat recusandae officiis illo. Fuga a ratione voluptate.',1,1,'1975-06-18 12:04:24'),(385,161,122,'Sit minima inventore nihil quaerat et saepe sit esse. Ea odit laudantium nostrum tempora.',0,1,'2007-07-30 09:35:16'),(386,139,141,'Impedit sunt voluptatem molestiae a consequatur. Earum quia est voluptas neque.',1,1,'1997-05-13 13:44:11'),(387,120,200,'Quia quia reiciendis iste nostrum quos cum qui. In facere nemo minus qui molestias aut fugit. Vel et nam occaecati aut optio natus. Quia cupiditate eius aut aliquid eaque accusamus consequatur rerum.',1,0,'2011-07-14 10:21:32'),(388,126,175,'Aut dolores aperiam et commodi sed aut tempora maiores. Atque sint optio maxime doloribus quia. Amet quo unde esse. Sit voluptatem qui est repellendus.',0,1,'1976-04-25 09:29:23'),(389,131,151,'Consectetur non rerum unde nemo sit qui. Doloribus rerum qui eius accusamus sunt. Laudantium quae ipsum amet nemo.',1,1,'1989-01-22 05:56:33'),(390,161,182,'Maiores eos nisi deleniti non quis laboriosam. Rerum aut tempore dicta qui. At at recusandae sit sequi vel.',1,1,'2000-07-15 03:20:09'),(391,187,165,'Reiciendis ut vel aspernatur libero consequatur ab quae. Est magni ut corporis veritatis odit. Qui similique placeat rem voluptatum.',1,0,'1976-07-18 13:39:36'),(392,169,109,'Qui et sed ut atque repellendus at impedit. Officia sed voluptas autem vel ut rerum. Vero libero enim sit. Eum est unde porro distinctio eveniet molestias.',0,0,'1977-03-06 05:03:02'),(393,169,105,'Sequi sequi omnis autem. Incidunt expedita dolorem quo facere ratione. Amet non necessitatibus illo culpa.',0,1,'1984-12-18 05:50:34'),(394,194,158,'Magnam debitis iure laudantium autem. Et ullam doloremque quisquam hic. Sit incidunt asperiores pariatur reprehenderit maiores. Ut aut assumenda fugiat nihil fuga numquam et.',0,1,'1975-05-02 22:15:56'),(395,199,104,'Ducimus corporis eius qui magnam natus maxime in. Veniam non et soluta at perspiciatis et. Quis ex libero est reiciendis sequi aut quis.',1,0,'1992-04-26 18:21:22'),(396,121,168,'Error tenetur voluptatibus quis natus nobis cum rerum alias. Saepe quia autem molestias voluptatem magni. Dolores perspiciatis est culpa molestiae quae quisquam.',1,0,'1998-11-29 10:22:33'),(397,134,198,'Dolorum quo eveniet natus optio tempora. Deserunt nobis perferendis aliquid eligendi voluptas dolor.',0,1,'1992-10-04 06:44:47'),(398,158,143,'Ex et hic velit. Sunt non ullam doloribus perferendis voluptatem optio harum. Et odio animi eos deleniti. Quo sunt est quisquam voluptatum voluptatem sunt. Cum velit illum fugiat et quae consequatur.',1,0,'2003-02-22 13:54:19'),(399,122,111,'Officiis harum quia facilis maiores. Dolores dolorum doloribus dolores aspernatur beatae. Dicta quia in quia in optio necessitatibus quam. Consequatur quia voluptatum reiciendis cum repellendus labore.',1,0,'1970-10-18 04:07:37'),(400,112,182,'Ab aspernatur est maxime illo. Recusandae quam officia nesciunt et aut. Optio laboriosam dolores inventore voluptate laudantium qui provident laboriosam. Aperiam nemo est vel voluptatem ut veritatis magnam ut.',0,1,'1995-07-04 09:06:48'),(401,132,150,'Alias sed quo quis recusandae nihil rerum distinctio. Voluptas culpa quo iusto. Perspiciatis numquam sint nam voluptas quaerat nisi.',0,1,'1979-05-08 21:40:26'),(402,123,152,'Beatae quam vero et inventore est. Natus quam ipsum amet odit. Ipsa suscipit suscipit labore consequatur dolor optio velit. Voluptatem quibusdam sit eveniet sed corporis aut vel.',0,0,'1987-02-05 04:20:14'),(403,149,148,'Autem id ea ut suscipit. Nam porro minus omnis asperiores. Porro veritatis praesentium odio reiciendis vel. Necessitatibus sit consequatur officiis et.',0,0,'2017-02-25 19:25:01'),(404,126,180,'Vel quae minima reprehenderit. Quae modi voluptatibus sint dolorem qui.',0,1,'1981-03-31 04:14:40'),(405,198,187,'Harum magnam corporis aperiam sed ducimus aspernatur quaerat. Facere est sit possimus doloribus ratione aut. Illo quaerat illum aut. Quia voluptate omnis quo alias.',0,1,'2018-07-15 03:43:03'),(406,162,185,'Tenetur assumenda doloribus numquam est. Inventore aut porro temporibus molestiae facere dolores quod aut. Dolores delectus accusantium molestiae inventore cupiditate. Similique ut ut deleniti qui fugiat sint in.',0,0,'1992-01-26 07:03:07'),(407,151,130,'Dignissimos magni necessitatibus quis omnis necessitatibus voluptatem. Consequatur dolor occaecati architecto sit fugit illo placeat. Ducimus sed occaecati non et voluptatibus qui et nam.',1,0,'2020-05-06 20:35:47'),(408,193,120,'Molestiae veniam vero quas molestiae excepturi. Excepturi quia doloribus ipsa voluptatum sunt. Et quibusdam quibusdam qui quod officiis modi.',0,0,'2019-12-03 20:09:33'),(409,134,186,'Excepturi impedit quo sunt ducimus odit. Cum fugiat et quia corporis aliquam. Modi maiores quos provident blanditiis. Enim voluptas dolor amet dignissimos iusto.',0,1,'1989-04-16 07:37:23'),(410,178,133,'Voluptates modi neque odit a eum. Voluptatibus sed sed accusantium consequatur. Debitis dolorem sint excepturi mollitia.',0,0,'1985-07-05 18:57:02'),(411,189,198,'Saepe id ipsum eius. Assumenda voluptatibus laudantium at nobis saepe. Cupiditate recusandae sed dolorum inventore assumenda. Beatae nulla soluta illo et eos laboriosam sint.',0,0,'1973-02-03 09:51:16'),(412,101,122,'Quia minus ea reprehenderit delectus facilis. Qui dolorum pariatur vitae iste odio corporis autem fuga. Ut aut tempore adipisci voluptatibus perferendis et. Cumque sequi quia quam ut dolore dolor.',1,1,'2018-09-21 15:45:20'),(413,196,159,'Tempore saepe aut cum odio. Quia facilis omnis sed qui facere. Ut architecto dolorum saepe qui eius voluptatem. Quam saepe beatae molestiae inventore omnis voluptatem ipsum. Cumque voluptates qui non hic quia dignissimos quo.',1,1,'2003-10-22 05:31:39'),(414,165,117,'Qui dolorem temporibus tempora facere et magni libero. Qui aut et totam repellat ducimus aut ipsam. Error totam dolore sunt eos ex corrupti veritatis.',1,0,'1975-05-03 11:51:04'),(415,169,176,'Tempora tempore officia minima sit magni sapiente. Alias eligendi optio non vitae. Aut tempora aliquid eveniet sunt sint. Quasi ea qui voluptates nisi et ea repellendus.',0,0,'1995-07-08 07:08:59'),(416,198,101,'Ut aperiam cumque iusto sunt. Nostrum ratione harum eligendi quis omnis eum laboriosam. Non aliquid eius debitis ut.',0,0,'2014-08-17 00:39:48'),(417,125,121,'Alias et aperiam et nihil reiciendis eos necessitatibus. Alias porro distinctio nihil quam.',0,1,'2006-03-16 00:13:31'),(418,153,174,'Qui rerum sit distinctio nemo quasi quos. Quisquam tempora dolor et sint voluptates. Omnis sed praesentium quia aut ad.',0,1,'1996-06-15 11:47:41'),(419,168,179,'Quia aut corrupti ut quos velit. Veritatis sequi possimus consectetur labore harum. Aliquid dignissimos numquam dolores. Architecto qui aut est.',1,0,'2002-04-07 21:32:44'),(420,153,166,'Quae dolorem suscipit neque suscipit est. Quam est recusandae et perferendis nam quia quia. Eos distinctio sit placeat voluptatibus placeat. Ducimus omnis error et qui maxime.',0,1,'2010-11-15 01:19:37'),(421,165,114,'Nihil aut ea nihil molestiae voluptate recusandae aut. Eos voluptas voluptatem aut temporibus ut. Et quas facere quibusdam est rerum quisquam. Et est aspernatur nisi autem.',1,1,'2015-04-07 08:14:46'),(422,150,116,'Est necessitatibus iure autem. Ipsum est officia omnis molestiae. Reprehenderit quia qui alias eius.',1,1,'1996-02-03 20:45:54'),(423,143,142,'Sed asperiores qui odio quaerat quis amet. Ullam sunt voluptatem ut dolor est omnis aut. At necessitatibus cupiditate enim quae. Voluptatem rerum blanditiis unde totam molestiae.',0,1,'1974-05-01 01:15:25'),(424,136,177,'Hic modi eaque est consequatur dignissimos. Exercitationem sint ut repudiandae in doloremque animi sit. Ut rerum eos et quia quasi et.',1,0,'1976-07-05 07:53:40'),(425,128,113,'Vel deleniti eos voluptas aliquam quae optio. Ea et ut quia et est. Quod dicta in sint velit quae molestiae. Inventore itaque veniam in atque aliquid ad iure facere.',0,1,'1991-06-05 09:21:18'),(426,109,116,'Assumenda optio eveniet dolorum molestiae fuga accusantium et suscipit. Labore minus est mollitia qui. Ratione odit suscipit voluptas. Ut rem tenetur autem molestiae ex fugiat dolores. Et eum eligendi ut quidem porro vel.',1,0,'1987-06-23 04:02:47'),(427,110,110,'Consequatur nobis fugit voluptas fuga consequatur. Vel est eaque est debitis qui animi. Repellendus id incidunt enim iusto qui.',1,1,'2004-03-23 08:21:24'),(428,138,105,'Tempora culpa sed beatae dolor voluptas labore ullam. In quo rerum accusantium quo omnis cum iste. Distinctio est libero quas quia qui consequatur. Consequatur aut quidem quia quis occaecati doloribus sit.',0,0,'2003-05-25 23:44:47'),(429,168,102,'Autem commodi fugit aliquam corporis voluptas quae recusandae. Impedit quisquam iusto veritatis sint. Et rerum qui dolores aperiam maiores. Excepturi nisi dolorem et odit quidem sit nihil magnam.',1,1,'1993-02-28 19:25:07'),(430,121,137,'Dolor aliquam non voluptatibus aliquam hic. Est laborum molestiae non nam ducimus hic eos. At a officia qui nisi. Consequuntur est recusandae dolorem est eos.',1,0,'2005-09-15 09:46:56'),(431,178,119,'Eos beatae possimus odio omnis sed. Et non quis cumque quo. Tenetur repellendus adipisci aliquid rerum.',0,0,'2016-10-25 19:27:12'),(432,138,103,'Consequatur quos et commodi sapiente. Eveniet aut quidem eum rem laudantium suscipit. Et rerum sed aspernatur minus aut autem in.',1,0,'1990-01-09 11:12:50'),(433,139,190,'Accusantium quis et itaque est. Autem iusto architecto et placeat assumenda dolorem fugit. Necessitatibus deleniti dicta fuga itaque et ut alias. Quis asperiores molestias ab animi quis.',0,1,'1987-03-03 06:24:01'),(434,176,107,'Sit non eveniet velit sequi qui. Libero recusandae vero excepturi atque. Voluptates dolorum ipsam corrupti voluptas maiores excepturi. Et quisquam pariatur possimus autem eligendi.',0,0,'2004-10-14 11:55:15'),(435,168,129,'Consectetur nostrum facilis aut et consequatur exercitationem. Ducimus assumenda ut explicabo aut tenetur fuga. Velit sunt perspiciatis tempore maxime optio pariatur.',1,0,'2019-02-15 13:00:22'),(436,173,133,'Dolorum ab blanditiis iste quaerat voluptatibus exercitationem. Qui soluta quae enim blanditiis. Magni quia et ea ea.',1,1,'1990-02-01 01:42:34'),(437,143,122,'Officiis molestiae voluptas iure delectus nobis voluptatum quis. Repellendus aperiam et fugit quo rerum aliquid.',1,1,'2017-10-31 13:24:21'),(438,148,186,'Id ad laudantium aut vero dolores. Facere quia dicta cumque adipisci. Laborum maxime debitis explicabo molestiae quod esse dolores. Ratione doloremque mollitia aliquid laborum id.',0,0,'1971-07-06 13:33:23'),(439,164,183,'Unde dolore pariatur qui nostrum voluptas cum deserunt. Impedit et sunt rerum odio numquam sed.',1,1,'1996-08-07 16:59:20'),(440,162,191,'Quo quos aspernatur vel error voluptas. Excepturi veniam velit sit beatae distinctio quidem. Provident facere voluptatibus quibusdam.',0,0,'1976-09-16 11:19:42'),(441,196,171,'Aliquam ducimus nihil velit quos qui. Laborum sit aut eum qui similique omnis. Minus qui sit illum sequi nemo at voluptas. Sunt animi ut voluptas.',1,0,'2003-07-27 23:05:31'),(442,107,105,'Omnis voluptas dolores eos. Rerum quisquam fugit esse reiciendis eos repudiandae. Nam dolorum beatae recusandae dolores omnis. Quibusdam id tempore hic error.',1,1,'1996-01-19 05:57:01'),(443,181,145,'Possimus ea non nisi accusantium occaecati. Et ipsa laborum possimus eligendi officia magni hic. Eum eos corrupti repellendus et perferendis modi. Et a unde doloribus molestiae. Expedita aut quo dolores ex autem voluptas.',1,1,'1990-08-25 00:41:39'),(444,110,148,'Soluta quia sit velit est a. Molestiae eos architecto hic accusamus pariatur aperiam mollitia. Molestiae et id quae quidem.',0,1,'2000-11-07 22:01:40'),(445,147,130,'Sit rem placeat et cum dolor voluptatem reiciendis. Reprehenderit enim necessitatibus qui perspiciatis. Quos eum sed nisi et et voluptatibus. Aliquid ex odit natus et. Qui consequuntur quidem voluptate cumque esse.',1,1,'2005-03-24 03:15:58'),(446,184,124,'Ipsam aut repellendus ut excepturi sunt. Sint quibusdam voluptatem minus maxime. Harum earum quod perspiciatis.',1,0,'1985-12-14 07:32:14'),(447,149,121,'Magnam eos voluptatem facere. Suscipit iusto et voluptates mollitia quas et. Culpa iste suscipit repudiandae consequatur doloremque ducimus tempore. Asperiores temporibus omnis aut modi officiis in odit.',0,0,'2007-08-01 10:49:49'),(448,127,188,'Officiis ipsam consectetur et dignissimos eum pariatur optio. Adipisci sunt impedit hic aut est aut cupiditate natus. Adipisci molestias consequatur nulla error adipisci necessitatibus dolorum. Blanditiis rerum sint accusantium voluptas aut tenetur. Iure sit sed asperiores facilis.',1,1,'1973-06-30 22:54:17'),(449,110,102,'Ut numquam et nisi hic corrupti nesciunt. Necessitatibus esse assumenda quo eaque eligendi est. Possimus quis consequatur temporibus qui vel quam amet et. Est nam minima facilis id molestiae.',0,0,'2002-01-16 14:54:09'),(450,195,178,'Rerum ab aliquid ut aliquid. Inventore omnis nihil nam asperiores modi recusandae fuga. Est est voluptatem fugit sit beatae.',1,1,'1986-11-07 22:08:16'),(451,131,167,'Non ducimus optio earum et ut expedita. Aut odio aperiam asperiores illo. Quia officiis dolorum vel suscipit ut tempora.',1,1,'1975-12-22 05:27:17'),(452,110,173,'Quia non alias nam praesentium quos qui voluptatem. Aut aut odio distinctio ex. Quo rerum quod optio voluptatem id incidunt. Nam et provident quibusdam ullam.',0,1,'1971-05-28 01:54:17'),(453,189,157,'Autem aut qui eveniet porro exercitationem quaerat. Veniam cum cum similique quis cupiditate repudiandae et. Et dolore autem commodi nisi aspernatur aut. Quia et quae hic vel aut nemo rerum.',0,1,'2002-05-20 18:12:34'),(454,159,153,'Et molestiae dolor vel sequi nam magnam. Nostrum ea sunt fuga qui ducimus. Rerum voluptatem sapiente aut occaecati autem libero nulla.',0,1,'2011-05-31 16:57:29'),(455,140,121,'Aut inventore labore ea veritatis. Veritatis et voluptas est praesentium et dolores reiciendis. Non magnam suscipit et totam perferendis sed adipisci.',0,1,'2018-07-05 12:13:33'),(456,143,136,'Et nihil ipsa est error sapiente enim. Delectus molestias velit distinctio. Optio aliquam minima sit amet molestias hic ut. Ipsam fuga eum eos perspiciatis doloremque aperiam.',0,1,'2008-10-05 20:38:50'),(457,191,150,'Dignissimos quis placeat non velit omnis et. In laudantium quaerat numquam. Ipsa ut rerum qui exercitationem porro id. Ea a nulla soluta modi rem sint illum.',0,0,'2006-03-10 07:57:03'),(458,140,172,'Pariatur at impedit voluptatibus quis nobis qui provident repudiandae. Enim aut enim eum commodi quos incidunt. Perferendis debitis dolorem ex.',0,1,'1973-12-22 10:13:11'),(459,195,150,'Magnam incidunt qui quia eius. Et corrupti voluptatum eos aliquid.',1,1,'2020-06-05 10:58:59'),(460,119,141,'Laboriosam sunt dolores quia minima. Ipsa ab laboriosam voluptate dolor eos veniam. Deleniti suscipit neque rerum sunt enim.',1,1,'1995-01-03 00:05:41'),(461,180,102,'Autem aperiam et earum natus iure. Totam ut qui laboriosam modi et maiores ad. Numquam rerum quia et ut.',0,1,'1998-06-20 12:48:17'),(462,164,128,'Commodi aliquid ratione voluptate aliquid ut. Voluptate voluptas nulla aliquid molestias et velit.',0,1,'2002-08-10 04:01:39'),(463,123,190,'Quas pariatur est distinctio rerum est ipsa beatae. Aut aliquid voluptas dolorem quibusdam eveniet.',0,0,'1990-07-22 11:18:18'),(464,116,133,'Impedit nisi error ipsam accusamus recusandae. Sint omnis voluptatibus eos porro sit eveniet optio. Consequatur excepturi vel quis ipsum odit officiis.',0,0,'1979-10-02 11:15:57'),(465,192,110,'Qui quae aut aliquam nihil exercitationem rerum. Consequatur minus recusandae reprehenderit. Libero dicta animi vero voluptatem et. Itaque aut debitis tempore enim possimus quasi harum.',0,1,'2004-08-20 18:31:16'),(466,110,123,'Totam natus rerum iure excepturi. Error facere iusto alias eos ipsam. Et ad et consequatur quis iure.',1,0,'1989-02-20 14:31:44'),(467,177,120,'Cupiditate in ut eum dolores dolores sed dolorem. Repellat voluptas omnis aliquam ipsa fuga facilis. Sunt ipsum tempore sit ducimus dolor nemo quaerat cum. Cupiditate consequatur quasi omnis. Dolor omnis et animi.',1,1,'1971-03-07 04:39:59'),(468,195,165,'Omnis inventore dolor sint molestiae. Non totam est quo possimus. Quod rerum rerum et dolores voluptate est possimus distinctio. Est qui repellendus quam non odit ut.',1,0,'2015-04-18 03:14:07'),(469,176,153,'Debitis sunt magni aliquid. Et adipisci sed reiciendis quia. Fuga inventore nulla veniam quo est.',0,0,'1976-02-27 16:18:10'),(470,117,116,'Ipsam autem itaque incidunt soluta qui. Ab saepe excepturi eligendi voluptatem sed officia.',1,1,'2008-10-18 20:52:24'),(471,173,160,'Sit eligendi optio voluptatem adipisci ut. Illo voluptas ut porro hic ut. Perspiciatis aut veniam provident. Voluptatem dolorem sequi qui eligendi tempora deleniti officia.',0,0,'1976-04-11 07:50:35'),(472,151,164,'Corrupti et doloremque atque rerum eos nihil repellendus. Eos voluptate dolorem at rem optio quod. Iusto omnis aut quis aliquam eaque incidunt alias. Quidem qui dolor id rerum eum ipsam enim et. Ut voluptates cumque amet delectus mollitia ut ut.',1,0,'2012-10-22 13:52:22'),(473,110,191,'Expedita qui eum optio aliquam ea. Et eum reiciendis impedit debitis. Dolores fuga pariatur tenetur et.',1,1,'1999-09-20 14:37:52'),(474,135,104,'Ipsum est enim sit dolores unde. Eos numquam quis ex quidem eaque culpa ea iste.',1,1,'2011-05-15 22:21:25'),(475,140,154,'Sint error eos itaque exercitationem et aperiam. Unde est ut quam ducimus est. Voluptates non hic facilis voluptatibus.',0,0,'2013-11-13 13:57:22'),(476,144,119,'Ipsa rerum expedita et quod dicta quibusdam. Ut commodi cum nemo pariatur. Enim quas omnis aut in. Et aut vero dolorem quae atque dolores nam.',0,0,'1998-03-27 07:20:32'),(477,156,108,'Necessitatibus nostrum architecto sed quibusdam aut. Nesciunt non aperiam sit id fugit repellendus commodi. Nihil perferendis ullam commodi doloremque nisi.',0,0,'1999-01-29 18:35:53'),(478,147,178,'Eos beatae quidem repellat aspernatur quia. Suscipit ut facere odio rerum. Quis perferendis quas autem aut accusantium exercitationem sint. Qui perspiciatis ex est quidem suscipit cum.',0,0,'1998-02-09 05:09:43'),(479,198,162,'Reiciendis eius aut nesciunt rem odit. Velit tenetur quos odio. Quidem dolor non vitae rerum tenetur voluptas molestias.',0,1,'2020-05-16 08:02:27'),(480,110,190,'Qui animi dolorem necessitatibus voluptatum fugit et quae. Qui labore ut unde animi tenetur non quaerat. Et facere in unde debitis ut in fuga. Ea alias aut rerum sapiente recusandae.',1,0,'1991-07-31 10:07:34'),(481,172,120,'Enim sit sed atque corporis possimus. Omnis error cum nihil nostrum natus.',0,0,'1981-05-25 23:56:10'),(482,112,148,'Et nemo sequi aut odit esse illo reiciendis. Modi sed et soluta laborum. Est aut consequatur sed a consequatur suscipit totam et.',0,1,'2015-06-25 17:51:33'),(483,139,107,'Ea qui ipsam et numquam et deserunt explicabo. Odit ut eveniet accusamus laborum sed. Officia iusto sunt sed asperiores incidunt.',0,1,'1974-07-12 00:27:40'),(484,112,115,'Incidunt qui temporibus fugiat quibusdam eligendi officia nisi. Quae amet autem neque expedita temporibus nihil. Blanditiis et placeat reprehenderit enim dolores. Quos officia qui magni maxime non et.',1,1,'2008-03-16 21:11:01'),(485,160,129,'Iste dolores dicta sint perferendis. Nisi non cupiditate sint adipisci officiis voluptatem mollitia.',1,1,'2013-03-17 12:36:48'),(486,131,133,'Eos sapiente provident vel fugit vel reiciendis non modi. Dolor reprehenderit et impedit asperiores occaecati et corrupti.',0,1,'2017-05-26 08:20:12'),(487,189,182,'Sit qui pariatur nihil cupiditate et officiis ut. Est voluptas quia sequi et aut dolorem commodi consequuntur. Doloribus libero quia modi eligendi officiis. Aspernatur voluptas quod ullam error. Ducimus esse aliquid et vel non.',1,0,'1970-12-21 05:01:39'),(488,197,198,'Non odio quis iste accusamus dolores. Consectetur sed dolorem qui quisquam reiciendis aut. Ut libero eum soluta atque accusantium. Molestias est doloribus temporibus ut aliquid possimus molestias.',1,1,'1971-03-30 16:22:00'),(489,172,132,'Quis qui ducimus illum fugiat necessitatibus aut. Est iste necessitatibus qui. Eum ut aperiam vero delectus rerum. Quae et molestiae delectus.',1,0,'2005-11-03 19:38:06'),(490,101,112,'Voluptatum et aut unde ut nostrum voluptatem quasi. Praesentium eos explicabo omnis dolor nihil. Debitis inventore molestiae laboriosam perferendis amet iste ipsam.',0,1,'2000-12-05 09:34:00'),(491,185,145,'Perferendis eum delectus dignissimos aut voluptatibus totam aut quasi. Asperiores veritatis placeat molestiae nihil sunt laborum voluptatibus. Optio magni rerum id provident ut. Culpa aut quis voluptate ullam aperiam. Dolores expedita voluptates qui in praesentium debitis.',1,1,'2019-11-28 15:26:03'),(492,131,140,'Ut ipsum porro ut non numquam. Et eligendi quaerat qui aut. Pariatur consectetur temporibus dignissimos explicabo omnis.',1,0,'1971-08-18 04:35:05'),(493,152,177,'Minima illo sunt modi aut. Est magnam aliquid harum. Est laudantium eaque in a molestiae. Iure molestiae voluptas quod.',1,0,'1972-01-15 02:08:42'),(494,117,150,'Repellat atque excepturi doloribus totam impedit repellendus iure corrupti. Quia magni et occaecati ducimus labore cupiditate. Exercitationem dignissimos ut sequi similique sit fugit.',1,0,'1979-04-03 01:39:35'),(495,139,127,'Tenetur dolores doloremque repudiandae voluptas aut velit nulla aut. Necessitatibus fugit est incidunt temporibus. Dolorem quaerat reprehenderit optio provident. Excepturi impedit aut necessitatibus alias non dolorem.',0,0,'1983-03-03 12:11:11'),(496,139,110,'Qui temporibus neque non. Dolor qui id aspernatur ut velit et est. Quis alias dignissimos reprehenderit accusantium reiciendis corrupti asperiores.',0,0,'1999-09-26 21:27:38'),(497,147,151,'Ipsam quo odio rem aut quisquam. Architecto ex atque aspernatur sunt impedit ullam nihil. Vel voluptatem quae voluptates. Totam non quod in blanditiis ipsum impedit occaecati.',0,0,'1984-10-08 13:31:18'),(498,157,185,'A delectus accusantium labore doloremque dolorem laboriosam sed. Aspernatur qui tempore enim et quo sed. Veritatis repellat vel aliquam autem.',1,0,'2019-02-05 14:04:30'),(499,157,169,'Rerum ut nostrum laudantium qui tempora aut. Ex numquam hic aspernatur quaerat blanditiis. Ut sed est fugit consequatur optio qui.',1,1,'1994-05-09 03:14:19'),(500,200,116,'Reprehenderit inventore molestiae maiores consequatur praesentium id. Praesentium omnis facere ratione laudantium. Sit quod rem earum et laborum.',1,0,'1995-08-28 22:27:34'),(501,198,130,'In debitis ex voluptatum et provident quos. Aliquid optio neque exercitationem id omnis. Ut dolorem odio et vero.',0,1,'2005-11-08 08:27:35'),(502,148,186,'Ea minus suscipit culpa id architecto omnis consequatur. Rerum itaque quae nobis eum. Dolores eos officiis quibusdam dolores dolorum voluptate sapiente quos. Impedit voluptatem vel facilis sequi porro dolores. Iusto quisquam voluptas qui excepturi autem iste.',0,1,'2010-05-20 13:44:10'),(503,111,144,'Enim maxime quam delectus quae quia a accusamus. Id at sint veniam nam. Hic nostrum voluptatem numquam illum.',1,0,'2008-06-28 03:54:12'),(504,183,183,'Similique ratione omnis minima totam est consequuntur. Quibusdam consectetur voluptas debitis optio. Ut maxime ex ab consectetur repudiandae. Tempora nam sequi suscipit facilis eos magnam similique.',1,1,'2019-07-19 13:13:23'),(505,175,184,'Qui illum ut unde et. Maxime quo sequi et eos aperiam reprehenderit quia veniam. Velit consequatur iusto quisquam ex odit dolores quia.',1,0,'2014-02-23 17:33:14'),(506,195,160,'Consequuntur consequatur autem veniam. Minus id sunt sed perferendis. Soluta molestiae architecto tempore aperiam eaque.',0,0,'2007-02-07 12:25:32'),(507,129,125,'Cum modi rerum ut et. Dolore expedita tempora quis. Et quibusdam nesciunt accusantium dolor molestiae sint.',0,1,'1973-08-05 02:38:14'),(508,199,181,'Eligendi placeat debitis aut corporis sapiente id dicta eum. Aut quaerat possimus iste distinctio neque numquam est eaque.',1,0,'2011-12-23 18:12:11'),(509,102,116,'Cum suscipit autem porro ipsa at. Architecto nam sequi voluptatem corporis debitis sunt. Nihil voluptatem provident beatae est.',0,0,'1992-11-07 08:47:57'),(510,130,140,'Maiores et cum mollitia molestias quibusdam magnam. Accusantium aut aut incidunt facilis. Qui aliquid dolorem perspiciatis vero voluptatem optio nobis. Pariatur nulla ea sed voluptatem natus eum perspiciatis.',0,0,'2007-04-18 01:09:49'),(511,143,169,'Cumque et et est mollitia et. Optio quibusdam vel qui sit aut. Libero voluptatem et eligendi distinctio sunt. Nisi magni quisquam reprehenderit.',1,1,'1998-03-26 22:23:18'),(512,150,189,'Fugit et voluptatem autem. Suscipit repellendus nam harum eius doloribus. Eum ea id sapiente et repellendus corrupti velit. Et adipisci quasi labore id non.',1,0,'1991-07-02 04:43:50'),(513,119,107,'Sed voluptates et similique commodi. Provident exercitationem maxime odio. Ex perspiciatis non adipisci rerum reprehenderit dolores officiis odio.',0,1,'1996-03-12 22:22:09'),(514,174,175,'Fugit ut quas dolores. Nobis commodi sequi voluptates dolor. Dolores non est dolores sed in iure.',0,1,'1971-01-06 09:54:48'),(515,176,174,'Repudiandae nemo vitae sint qui architecto velit quibusdam earum. Ipsam nihil molestias porro cupiditate rerum at laudantium. Laudantium aspernatur est incidunt magnam sint beatae qui maiores.',1,0,'2019-09-04 15:57:32'),(516,191,173,'Facilis vero iusto rerum cupiditate iusto. Commodi iure aliquid delectus quaerat minima cupiditate eaque. Numquam quibusdam nisi et.',1,0,'2005-10-12 12:31:55'),(517,104,139,'Et odio esse atque aut voluptatem officiis. Excepturi voluptate aut ut tenetur quod. Fugiat consequuntur et facilis et doloremque. Odit magnam alias atque nulla libero ut reiciendis.',1,0,'1981-08-13 23:50:18'),(518,158,114,'Accusamus impedit necessitatibus velit fuga. Saepe architecto voluptatem molestiae. Rem et fugiat et asperiores ullam. Dignissimos officiis nemo eveniet magnam enim.',1,0,'2013-05-12 00:43:30'),(519,183,141,'Et qui aut deserunt asperiores nihil necessitatibus dolorum. Aut omnis fuga alias dolorem eveniet aut modi. Libero illum corrupti architecto nemo nesciunt velit fuga. Accusantium blanditiis in rerum qui.',0,0,'1975-09-05 03:16:17'),(520,197,158,'Praesentium ad consequatur blanditiis eaque. Aut in deserunt maxime optio. Quo rem enim ea laboriosam corrupti.',1,0,'2005-05-17 06:53:33'),(521,125,191,'Sed labore corrupti sed molestias explicabo. Eos odit quasi nam. Et assumenda accusantium est fugiat consequatur ut aspernatur. Inventore perferendis dolore maiores in.',1,0,'1984-09-06 15:54:47'),(522,117,153,'Quia facilis itaque non. Illo voluptate nemo porro quae. Quia dicta voluptatem odit dolores delectus et at.',0,1,'2013-10-03 04:44:40'),(523,116,116,'Corporis ut enim occaecati quia ea recusandae. Pariatur nisi tenetur voluptatibus sunt eligendi voluptatem quae. Molestias deleniti vel quae libero et exercitationem odio. Animi culpa excepturi explicabo corporis doloremque expedita iste.',0,1,'1991-12-02 19:26:14'),(524,133,117,'Provident similique temporibus sed ipsam magni asperiores voluptas. Voluptatem quam atque qui magni repudiandae inventore et.',1,0,'1977-05-03 11:28:08'),(525,131,163,'Nesciunt voluptas tempora suscipit aut enim autem et ducimus. Eius aliquam necessitatibus odio libero. Non est ab quae ducimus quo et voluptatem. In facilis qui quos in eligendi.',1,1,'2000-11-05 17:49:00'),(526,157,174,'Sed et dolorem minima nihil corrupti quia quibusdam. Qui quia quo odit dolorum ut aut aut explicabo. Consequatur iure voluptatem et quis veniam.',0,1,'1992-02-17 21:43:08'),(527,131,106,'Aut ratione quae voluptatibus et modi nobis. Unde explicabo accusamus veniam ex. Quo molestiae non qui in similique harum. Voluptatem adipisci consectetur nihil cum et modi omnis.',1,0,'2016-02-11 18:18:34'),(528,163,150,'Veritatis iste non voluptatem doloremque molestiae impedit maxime. Vero nemo odio tempora voluptatem.',0,1,'1996-12-04 14:03:30'),(529,112,137,'Molestiae odit nostrum nihil aut aut enim. Quasi magnam sed dolores dolorem perferendis est aut. Omnis numquam aut modi quia nesciunt.',1,0,'1973-03-26 13:47:20'),(530,124,187,'Rerum iusto ea occaecati eius quam possimus illo. Libero ut sapiente in ex temporibus est sunt. Modi accusantium dolore nostrum suscipit. Dolore consequuntur tempore delectus.',0,0,'1996-03-26 11:00:54'),(531,110,115,'Vel odit tenetur ut odio qui dignissimos. Dicta asperiores maiores ad voluptas. Iure ut sequi quidem ut vero. Et consequatur quia perferendis aut minus repudiandae.',0,0,'1991-09-14 19:06:12'),(532,160,113,'Placeat ratione odio quod corporis inventore est. Nulla id ipsa voluptatem rerum et facilis rerum. At sequi deserunt et voluptatibus recusandae omnis. Eum est et iusto odio explicabo hic. Dolor qui cumque nihil alias numquam praesentium nesciunt ut.',0,1,'2014-05-14 02:04:15'),(533,153,117,'Voluptatibus consequatur qui vero facilis. Cupiditate non non maiores laborum ipsa et. Id repudiandae cupiditate repudiandae consequuntur in maxime. Voluptate non ullam voluptas vel incidunt consequatur sit doloribus.',0,1,'1978-06-24 08:31:55'),(534,127,135,'Cupiditate quia magni provident tempore. Nihil et placeat perferendis et odio voluptas quisquam ea. Aut veritatis maxime molestiae ut perferendis et. Eum illum maiores id. Non natus et voluptate quia repellat voluptatem earum.',0,1,'2007-06-17 07:46:20'),(535,158,124,'Vel ut et corrupti perferendis accusamus alias. Maxime debitis sed fuga architecto fugiat qui vitae. Ducimus perferendis nam quo eligendi. Non illum eum est repellendus quia.',1,1,'1990-09-01 01:49:51'),(536,193,183,'Aut fugit ea necessitatibus odio quis est voluptas ipsum. Voluptatem ut quia ad similique atque illum. Id provident nam corporis accusamus necessitatibus. Doloremque beatae vel laborum voluptatibus minus.',0,1,'1995-10-04 20:40:58'),(537,115,109,'Et quibusdam ut nihil quaerat ut omnis iste. Aspernatur eos dolorem vel totam accusantium saepe totam animi. Aut illum tempora consequatur.',1,0,'2004-06-26 09:12:00'),(538,135,130,'Unde voluptate nobis dicta consequuntur voluptatem blanditiis soluta. Dolorem mollitia repellendus quos dolor. Enim aperiam quisquam consequatur asperiores placeat qui.',1,0,'2001-09-21 09:50:36'),(539,124,168,'Non ut ad corrupti ut et. At velit dolorem perferendis tenetur. Officia molestiae possimus enim nostrum earum temporibus doloribus. Qui repudiandae voluptas non cupiditate qui illum soluta. Eveniet sed vero sapiente officia quia perferendis accusamus.',1,1,'1986-08-24 14:24:43'),(540,146,155,'Quo distinctio velit sunt qui sint. Iusto cum velit voluptates sint sequi eius voluptatibus cupiditate. Omnis aut esse omnis sit.',1,1,'1998-09-26 22:43:44'),(541,130,103,'Doloribus hic sit quae. Enim consequatur at temporibus quisquam et soluta. Excepturi tenetur in qui voluptate officia est sit. At explicabo fugiat adipisci quaerat et sint.',1,1,'1974-10-25 01:26:11'),(542,129,161,'Autem voluptatem veniam velit ex repellat dolor. Ab sit aut repellendus vitae temporibus. Aut ea ea aut nihil aut dolore corrupti.',0,1,'1985-09-30 05:56:47'),(543,108,191,'Quod dolorem voluptatibus quae in tenetur possimus. Cupiditate enim ea cumque inventore incidunt. Fugiat distinctio nisi libero commodi.',0,0,'1999-09-08 00:47:09'),(544,110,120,'Dignissimos magni ipsum qui assumenda ipsum ut. Quia perferendis eaque et. Nobis aut et reiciendis eum saepe ut occaecati at. Excepturi dolorem qui qui quaerat quis est nihil.',0,0,'2014-10-03 08:15:18'),(545,128,134,'Sunt in a consequatur voluptatem excepturi. Quia molestiae facere nemo optio. Dolor corrupti similique culpa rerum qui corporis animi. Et dignissimos voluptatem quo beatae aut velit.',0,1,'1975-10-06 10:48:53'),(546,107,137,'Autem voluptas recusandae amet quos libero cumque eos consequatur. Distinctio adipisci labore cumque impedit mollitia. Et cumque sapiente repellat ut magni.',1,0,'1990-10-15 15:46:49'),(547,148,166,'Sed dolor optio et voluptas ipsum officia quia. Sint vel aut quis quod corrupti. Magni corrupti omnis repellat. Unde repellendus et beatae alias.',0,0,'2019-10-03 06:03:30'),(548,150,101,'Pariatur iste voluptas autem vitae. Occaecati aut deleniti molestiae aut odio assumenda et enim. Asperiores quia ipsam sed facilis quasi blanditiis repudiandae consequatur.',0,1,'1980-10-21 12:07:25'),(549,183,176,'Repellat veniam enim et autem vero. Autem neque magni itaque qui ea hic. Veniam consequatur rem at aut error. Asperiores ipsam corporis deserunt dolorem inventore minus praesentium.',0,1,'2005-01-29 05:23:05'),(550,136,141,'Voluptate maxime sint facilis sit. Et dolor dolorem omnis. Officiis temporibus in labore atque.',0,0,'2003-10-05 17:39:32'),(551,199,128,'Molestias soluta doloribus aut culpa sint deleniti. Quis fuga et soluta voluptatum. Accusantium quo cupiditate at dicta eius ut architecto. Unde explicabo omnis doloremque sunt saepe.',1,0,'1984-04-30 03:45:23'),(552,123,114,'Dolorum mollitia et incidunt minima sint quia. Minus iure dicta qui ratione molestiae non corporis.',1,0,'1993-12-08 11:24:31'),(553,136,157,'Culpa quia consequuntur sed tempora totam voluptas. Voluptatibus voluptatem nam perspiciatis et. Eum autem explicabo quibusdam sunt et hic libero consequatur.',0,1,'2013-08-08 20:18:16'),(554,143,160,'Excepturi est modi laboriosam labore facere vero. Ipsam facere illo quia velit voluptas esse. Dolore natus illum aut aut. Illum quia laborum fugit dolorem est perspiciatis.',0,1,'1988-09-07 04:47:45'),(555,125,189,'Accusantium assumenda aut voluptas consequatur repellendus libero. Et harum nulla voluptates exercitationem voluptatem ut. Sed et modi commodi illo.',1,1,'1999-06-28 04:27:52'),(556,115,154,'Omnis quod quia aspernatur dolores. Cupiditate blanditiis est necessitatibus a. Voluptas consequuntur nam eos tempore. Praesentium error et cupiditate magnam sunt.',1,1,'1993-08-24 21:36:28'),(557,191,143,'Voluptas quae harum sed facere incidunt. Ipsum perspiciatis qui atque aut asperiores quasi culpa. Sint cumque nemo sit et aut unde. Reiciendis qui quis qui quidem id.',1,0,'1992-04-19 22:20:15'),(558,114,199,'Qui illo et quas quos totam aliquam voluptatem. Excepturi est temporibus fuga ea suscipit ut. Non ea asperiores debitis. Est quos et eos autem quo.',1,1,'2015-03-18 08:25:08'),(559,134,123,'Voluptas labore inventore iusto nihil rerum tenetur ipsam. Ullam ipsum ducimus odio nihil. Enim voluptatibus facere tempore voluptatem corporis.',0,0,'1998-12-05 20:28:49'),(560,119,161,'Dolores voluptas maxime sunt eius ut. Odit ea est perspiciatis voluptatum molestiae doloremque et ad. Molestiae eos dolor voluptatem accusamus est nam.',0,1,'1997-08-16 00:27:05'),(561,156,125,'Voluptatem rerum id deserunt facilis est enim aut. Dolorem quis voluptates iure officia eum dolorum. Ut laudantium accusantium et veritatis ut tempore. Saepe sequi aperiam quo placeat.',1,0,'1988-02-09 01:43:51'),(562,197,104,'Soluta magnam tempora cumque in eius molestias similique illum. Est amet nemo in et. Quia optio sit dolorem vitae nemo accusantium nesciunt. Sequi optio est eos nulla suscipit exercitationem.',1,0,'2015-04-22 19:57:26'),(563,191,147,'Accusamus esse et aliquam ipsa exercitationem. Vitae tempore adipisci est consequuntur nam quia. Hic sed quo ducimus ut consequuntur voluptas. Ullam placeat consequatur id et quia quidem et.',0,0,'2011-12-25 02:56:52'),(564,104,173,'Molestiae et a et nam doloremque officiis ut. Tempore ea qui similique voluptas praesentium at amet corrupti. Reprehenderit fugit delectus distinctio voluptas consequatur ut.',1,1,'2018-07-08 05:08:19'),(565,122,139,'Velit sunt soluta fugiat delectus exercitationem et aut. Qui enim iste totam repudiandae iure. Excepturi et consequuntur quisquam nemo ut.',1,0,'1978-12-30 14:29:37'),(566,114,121,'Voluptatem atque expedita velit nam asperiores molestiae. Ut exercitationem officiis cupiditate iusto doloribus fugiat quidem. Quo odit pariatur aut aut.',1,0,'2013-02-24 14:40:58'),(567,166,136,'Nisi nihil repellendus quas assumenda et. Quidem dolores et voluptate. Rerum vero minus nemo omnis rem rem.',0,1,'2002-10-07 02:22:41'),(568,134,102,'Sed in sit cum et. Et voluptatem qui velit in nemo quia alias. Aut odio sit delectus magnam quisquam magni. Et ad hic provident minima.',0,0,'2013-10-12 05:31:18'),(569,193,177,'Sed sapiente quos dicta ad eum. Quia hic sed error.',1,1,'2018-01-09 16:08:19'),(570,162,117,'Quae amet consequatur aliquid nostrum qui. Ut commodi rem repellat provident tenetur fugiat odit. Libero est eos maiores in eos in ipsa.',0,0,'2015-08-12 23:44:24'),(571,165,176,'Doloremque molestias rerum ad quasi qui explicabo fuga consectetur. Molestiae et cum nihil ut. Facere similique odio neque omnis. Est possimus explicabo id ut aut nemo quis.',0,1,'2006-11-17 05:15:00'),(572,170,156,'Aut aut porro consequatur ea qui. Accusamus quae nobis beatae sint quia voluptatem asperiores. Quia reprehenderit ex amet dolores.',0,1,'1988-09-19 20:46:36'),(573,118,184,'Pariatur officiis aspernatur laborum libero similique architecto. Pariatur eveniet et et ipsum. Ut eius velit dolorem.',1,0,'1974-10-29 06:05:49'),(574,154,152,'Qui vitae ullam voluptates ea. Est eligendi sint sunt et ullam voluptas laboriosam. Enim animi aliquam non quos.',1,1,'1973-11-24 02:25:41'),(575,107,172,'Mollitia eveniet porro eaque exercitationem non dolorem at. Reprehenderit est et ipsum numquam. Dolore nam asperiores enim reprehenderit dolorem quidem rerum.',1,0,'1984-05-02 07:21:56'),(576,112,163,'Nostrum velit consectetur iure omnis ex ratione deserunt eum. Iure impedit et aut ullam fugiat aut. Odio quia nemo accusamus facere et aut. Voluptatibus sit repellat est odio explicabo saepe.',1,1,'1972-08-18 13:03:24'),(577,197,109,'Qui officiis quibusdam possimus. Dolorum labore accusamus et quis et eligendi similique vero. Sunt est ea soluta explicabo tempore accusamus. Voluptatem voluptatem exercitationem quia aliquam qui excepturi.',0,0,'1987-01-25 14:30:29'),(578,166,187,'Sed culpa facere sapiente. Labore eius error illum aliquam aperiam iste. Tempore ex sequi optio aut. Id dicta eaque ipsam repellendus ex vero sed.',1,0,'1991-11-07 14:29:29'),(579,155,170,'Ratione quod ea hic accusantium. Totam et sunt nam molestiae. Dicta dolorem est sed asperiores et est repellat minima. Dolor officia quaerat et voluptatum laboriosam molestiae consequatur.',0,0,'1973-10-09 04:28:21'),(580,160,177,'Rerum quo esse omnis nesciunt laborum. Optio culpa distinctio et libero sunt accusantium quae id. Ut delectus nemo et. Doloribus ullam incidunt molestiae ratione.',0,0,'1988-06-02 23:22:39'),(581,109,173,'Animi magni sed dicta possimus facilis dicta. Fugit et iure nam ut placeat autem qui. Quia ut aspernatur est.',0,1,'2013-09-08 15:52:52'),(582,197,175,'Aperiam quae ipsam ut ut voluptate nulla. Quidem facilis enim at. Autem et labore fugiat rerum neque tempore eos.',1,1,'1983-09-23 21:27:09'),(583,109,131,'Eos voluptas quidem rem voluptatum. Corporis omnis eligendi eaque quia itaque necessitatibus. Molestiae qui molestiae error illum ut exercitationem recusandae non. Rem atque est expedita velit id mollitia.',0,0,'1980-10-12 08:07:15'),(584,176,101,'Est et laudantium nam ut. Et maiores magnam velit aut magnam quis nihil. Inventore inventore voluptatem veritatis eveniet voluptatum dolores et. Autem voluptatibus fuga praesentium sunt ut.',0,0,'1982-07-23 20:36:48'),(585,107,137,'Porro porro sit voluptas natus error sed. Dolor rerum sit in et. Occaecati odit et rerum. Quas nobis autem veniam quis dignissimos.',1,0,'1988-08-24 16:38:21'),(586,117,172,'Deserunt architecto unde laborum eveniet quia aut voluptatem. Quam repellendus est tempora sed sit voluptas. Est impedit tempora aut voluptatem culpa error sit. Molestiae et iure maiores natus maiores. Ab ut quaerat molestiae dolor rerum vero.',0,0,'2018-10-16 02:38:51'),(587,113,186,'Hic earum cum atque non. Nihil animi impedit voluptatibus aliquid nemo modi. Quidem molestiae in odio a vel.',1,0,'1980-02-26 21:34:54'),(588,127,130,'Alias officiis enim iste nihil nesciunt dolor dolore. Necessitatibus dolores modi dolorem et tempore quaerat in. Quis iste veritatis molestiae consequatur harum saepe ut.',0,0,'2011-05-29 14:38:21'),(589,170,180,'Voluptates explicabo excepturi et nihil modi et dolor soluta. Amet inventore qui id voluptatum delectus qui est qui. Sed nemo qui sed impedit rerum est aut. Non dolores sunt quia.',1,1,'1993-10-20 00:48:33'),(590,181,176,'Iusto itaque distinctio officia dolorem quam. Repellendus ipsam laudantium mollitia ut repellendus aut ut eos. Possimus similique eos ut deleniti aut. Molestias ratione quo tenetur laudantium repellendus eius hic ipsa.',1,1,'2012-04-28 17:05:29'),(591,152,193,'Dolorum nihil officia nesciunt quaerat est. Eum ex rerum consectetur aut magnam. Optio quas atque cupiditate numquam. Rerum corporis minima repellat ad sequi.',1,0,'2007-07-13 09:23:56'),(592,138,149,'Omnis eaque ut voluptatibus placeat. Sit saepe esse sunt consequatur aut ipsum eum. Id illum sint ut ea. Officia ad ea ut quasi.',0,1,'1998-01-03 23:44:54'),(593,101,104,'Earum dignissimos consequatur est consequuntur ut doloremque modi voluptatem. Facilis ea ad cupiditate nihil necessitatibus.',0,1,'1970-07-04 12:09:35'),(594,136,155,'Recusandae odit consequatur aspernatur repudiandae nostrum. Delectus quis cumque qui odit. Excepturi beatae velit necessitatibus nihil.',0,1,'2015-02-26 18:07:13'),(595,173,195,'Atque quis sunt perspiciatis quod molestiae. Ut quas esse ut necessitatibus ab labore in. Mollitia molestias ut vel ut. Officia corporis unde officiis voluptas dolorum voluptates non.',0,0,'1980-06-16 03:29:23'),(596,131,181,'Et debitis voluptatem doloribus sunt provident. Excepturi dicta architecto non aut sint rerum necessitatibus. Ab architecto sint est commodi qui sequi sed omnis.',1,1,'1986-04-04 00:30:41'),(597,168,128,'Voluptas ut iusto nihil laudantium eum. Architecto suscipit omnis nulla nemo rerum. Rerum dolorem est quam corrupti.',1,1,'2016-09-07 11:01:21'),(598,155,176,'Sunt consequatur suscipit vero dolores voluptatibus quis. Repellendus molestiae tenetur molestiae explicabo officia. Libero sunt repellat eos sed ea ut et.',0,0,'1993-11-14 10:38:46'),(599,158,131,'Unde dolore qui laborum. Excepturi doloribus delectus ut omnis consequatur voluptates minus. Quod est quasi blanditiis id dolorum voluptas.',1,0,'2011-10-07 08:11:53'),(600,176,165,'Blanditiis expedita eos assumenda totam nisi et. Aut at architecto fugit et maxime. Harum suscipit dicta libero et quisquam ut amet aspernatur.',0,1,'1975-04-07 11:27:15'),(601,168,192,'Beatae perferendis quo illo. Quam rem ea ipsam alias. Est eos aut est. Ut sit voluptatibus modi omnis et quibusdam facilis nulla.',0,1,'1976-09-11 04:46:21'),(602,136,180,'Ducimus veritatis nihil aut reprehenderit magni numquam ullam. Blanditiis placeat ea accusantium delectus est vel. Ut sed quas odio doloribus sunt quisquam debitis. Cupiditate et dolorem blanditiis. Quia dolores quis laborum officiis.',1,1,'2012-06-30 23:57:25'),(603,178,162,'Eum id quo nihil non. Neque omnis alias ut hic. Quia repudiandae reiciendis sapiente accusamus. Eos rerum dolorum accusamus rerum labore vitae ut.',1,0,'1997-02-07 14:36:26'),(604,110,147,'Blanditiis voluptatem non fugiat rerum quia. Aut expedita enim provident deserunt quam quod. Nesciunt ipsam ex cum placeat. Quo et vitae mollitia ea.',1,1,'2006-11-17 02:38:39'),(605,142,190,'Molestiae aperiam quis corrupti maiores ullam quo. Tenetur itaque inventore libero. Magni delectus a laudantium amet qui. Voluptatem odio non ut quia assumenda excepturi.',1,0,'1975-02-07 04:53:44'),(606,123,194,'Dignissimos ratione ut eum eum. Voluptatem facere similique ducimus sit aliquid quos accusamus aut. Cum officiis ut sint consequatur qui.',1,0,'1972-12-20 10:46:58'),(607,183,160,'Consequatur qui deleniti distinctio facilis. Consequuntur quia quae unde iste consequatur quasi. Nam aliquam qui fugit quo deserunt sed quo culpa. Ipsa rerum ex reprehenderit.',1,1,'1983-08-30 04:26:22'),(608,142,183,'Voluptas ipsa fuga ullam magnam a. Aut ad aspernatur quia ipsa maxime voluptatem sint. Autem aut porro rem laboriosam ut impedit. Officiis nihil mollitia adipisci autem facilis dolorem sequi recusandae.',0,1,'2019-02-14 11:09:40'),(609,163,177,'Non iste sit et tempora nemo. Veniam debitis non libero cum possimus et. Nihil eaque reprehenderit earum aut qui.',0,0,'1987-07-14 22:04:10'),(610,138,135,'Omnis delectus rerum esse distinctio. Facilis eaque ipsa qui. Consequatur quasi nihil culpa quas laudantium alias iusto.',0,1,'2003-12-30 17:39:55'),(611,172,169,'Quae ab harum suscipit non. Similique praesentium saepe quia facere ducimus illum.',0,1,'1972-06-28 14:24:11'),(612,116,140,'Sed voluptatum rerum et eius. Vero aut laboriosam atque. Laudantium nam at praesentium totam illum. Blanditiis quis quae assumenda quas.',0,1,'1997-09-15 09:25:45'),(613,197,171,'Porro aut ducimus molestiae libero. Ipsam deserunt nisi dolore pariatur sit architecto.',0,0,'1974-01-08 10:01:01'),(614,115,155,'Ut voluptates aut voluptatum ex maxime. Nulla modi ut sint ipsum. Delectus temporibus in inventore sit sed officiis minima qui. Impedit sed debitis ut sed minus ea nihil sed.',0,0,'1987-12-13 19:34:23'),(615,101,191,'Et minus impedit dolorem libero amet quia sequi suscipit. Illum quia et sit sint reprehenderit omnis adipisci. Vel eligendi pariatur iste voluptas reiciendis. Eligendi cumque incidunt eos sed et.',0,1,'1997-09-08 06:18:50'),(616,119,168,'Veniam at ut esse nisi et dolor. Eveniet quis accusamus voluptatem accusamus vel molestiae numquam. Ut omnis quisquam ad officiis eum deleniti magnam dolorum. Ex similique dicta tempore.',1,1,'1980-11-01 11:01:44'),(617,183,155,'Voluptatem distinctio placeat sit. Et dolorem dolor dolore corrupti adipisci. In libero velit excepturi eos.',1,1,'1973-02-25 12:55:36'),(618,148,161,'Et cumque ducimus distinctio cumque. Minima possimus aut est dolore quo consequatur. Sint voluptatem ipsum dolor ex tenetur autem.',0,0,'2014-09-20 17:26:46'),(619,116,157,'Aut voluptatem voluptatem quo tempora. Eum quis incidunt non maiores temporibus laboriosam architecto. Atque est et quo eum voluptas voluptatem provident ut.',1,1,'1996-09-26 07:45:35'),(620,108,158,'Quis exercitationem inventore voluptatem voluptates. Quibusdam labore impedit vero. Quos qui pariatur officiis aut eum consequatur odit.',1,0,'2008-03-15 23:05:36'),(621,147,130,'Quia alias labore cumque quaerat maxime quod rem. Libero asperiores minima dolorem ex corrupti consequatur non. Iusto dolor amet debitis aliquam sequi. Error non distinctio eligendi et.',0,0,'2003-03-11 06:49:33'),(622,151,129,'Quis soluta assumenda aut dolor. In dolor officiis unde perferendis. Quis est laudantium aperiam. Quisquam nam officiis explicabo non consequatur nam voluptas nesciunt.',0,0,'1987-03-29 12:17:40'),(623,190,192,'Et nam soluta non blanditiis sequi. Enim et omnis est vel dicta voluptatem ea. Ducimus cumque autem ea delectus qui officiis adipisci.',1,1,'2013-10-25 07:03:01'),(624,112,152,'Et quia enim perspiciatis omnis voluptate repudiandae. Quaerat aut recusandae debitis ex quidem deleniti quia. Voluptatem nemo est et sequi voluptatem cum quas doloribus. Dolore facere alias exercitationem error qui.',0,0,'2017-06-23 17:28:07'),(625,169,149,'Sint nobis sunt voluptatibus minima facilis. Sequi eligendi aliquid dolores eligendi. Odio nesciunt aut qui.',0,1,'1972-08-04 08:43:27'),(626,187,140,'Animi autem beatae rem. Consequuntur incidunt nihil veniam nulla. Nihil dolor aut voluptatum inventore sunt dolor quidem.',1,0,'2012-09-02 20:02:45'),(627,118,103,'Ea vitae repellat quas voluptatem repudiandae. Et architecto ea sint hic. Qui quidem exercitationem accusamus temporibus facilis officia tempora qui.',1,0,'1978-03-18 14:05:03'),(628,180,114,'Totam dicta et at sed velit laborum. Quo non beatae repellendus illo perferendis dolor. Minus vitae sit quia ipsam libero voluptatibus.',0,0,'1991-11-01 21:13:51'),(629,173,194,'Iusto ullam eveniet hic porro porro officiis aut. Magni cumque vero officia alias quos eveniet. Culpa suscipit repudiandae dolor consequatur saepe. Necessitatibus quibusdam reprehenderit nam rerum sit dolorum.',1,0,'2012-10-13 03:45:49'),(630,168,174,'Quas dolores minus saepe sint. Nobis voluptatibus et rem sapiente. Dolorem placeat doloremque facilis ullam.',1,1,'1996-04-19 13:08:23'),(631,185,187,'Repellat qui sint sed perferendis rerum quae. Hic sequi vel doloribus id nulla et quae. Aliquid vitae quis dignissimos nihil. Fugit qui omnis recusandae.',1,1,'2011-04-02 03:24:34'),(632,142,167,'Reprehenderit maxime hic dolores dolorum perferendis quisquam autem dolore. Eum dignissimos aperiam nesciunt explicabo. Perspiciatis est facilis quisquam. Doloremque ullam aliquam enim laborum at suscipit quisquam.',1,0,'1999-09-18 20:22:44'),(633,141,189,'Inventore aliquid ut autem veniam incidunt aut ut. Repellat sint rerum nihil labore quam sit. Ratione aliquam ullam odit molestiae.',1,1,'2006-01-14 23:06:01'),(634,128,156,'Dolorum qui et repudiandae ullam nesciunt facilis autem quia. Non quis suscipit animi aut animi vel assumenda minus. Labore quisquam voluptatem numquam minus. Non nihil at explicabo possimus eius.',0,0,'1987-07-31 22:55:58'),(635,145,135,'Ex voluptatum non et modi. Cumque neque cumque perspiciatis nihil ullam neque. Id enim et eveniet velit.',0,1,'2015-03-25 16:27:23'),(636,113,191,'Ducimus quos distinctio mollitia ullam voluptatem labore aut. Ea iure suscipit quod amet quam nam minus eos. Voluptatem quis labore impedit unde. Fugiat soluta debitis quibusdam est. Aut praesentium cumque commodi.',1,1,'2010-04-05 05:58:57'),(637,164,164,'Minima amet explicabo dolore culpa. Enim reiciendis consectetur nihil reiciendis voluptatem qui quo est. Sequi nisi repellat architecto harum est.',1,0,'2003-09-22 12:45:50'),(638,120,153,'Ut aliquid debitis eos. Quibusdam qui cupiditate voluptatem quod quaerat occaecati. Et tempore quis qui animi libero. Ut quia eveniet molestias omnis temporibus qui.',1,0,'1980-10-02 15:41:38'),(639,156,131,'Quia tenetur iusto sit suscipit voluptatem. Magni sequi est quis commodi delectus.',0,0,'1995-08-04 17:12:57'),(640,105,124,'Iure ipsum nesciunt alias distinctio. Et soluta officiis enim quam est at. Ipsa nemo nobis consectetur magni distinctio dignissimos perferendis. Quia ea eveniet minima corporis nostrum.',0,0,'1975-07-04 00:41:08'),(641,179,192,'Consequatur ex numquam ut. Quisquam molestias in voluptatem est impedit. Dolor possimus porro rerum temporibus dolor.',0,0,'1999-05-06 02:06:11'),(642,164,197,'Quos enim quas maxime doloremque. Dolores ut consequatur qui in vero aliquid sit. Est sed dolores reiciendis. Eveniet magni in et harum nisi.',1,0,'2017-03-06 03:11:42'),(643,194,143,'Esse et accusantium aut laborum numquam tempora quam quas. Iure inventore deserunt ut vitae. Perferendis ad repellendus in dolorem non reiciendis sint. Sunt exercitationem ab ullam ab laboriosam quasi est.',0,1,'1988-02-27 05:05:52'),(644,110,166,'Quo commodi sapiente blanditiis vel. Dignissimos saepe est sed laboriosam ab vitae non debitis. Voluptatem voluptas quas facere hic ea facilis eum.',1,0,'2020-02-05 01:41:41'),(645,137,178,'Sint rerum est qui a. Doloribus omnis dolor voluptates dolorum libero aut. Repellendus nisi totam et rerum cupiditate. Ut quis porro minus beatae atque. Molestias exercitationem ut qui ut libero nemo.',1,1,'1972-01-02 22:14:35'),(646,140,122,'Esse quisquam ea id soluta quasi rerum. Voluptas sed ut labore nesciunt et et et.',0,0,'2002-04-23 23:38:37'),(647,164,181,'Deserunt ipsum voluptatibus in quia et culpa quibusdam. Temporibus labore sequi architecto et et voluptatem. Dolor ratione et nam repudiandae in ea. Numquam aut voluptas maiores.',0,1,'1986-03-25 07:44:37'),(648,188,104,'Dicta et debitis illo consequatur in blanditiis. Qui quia doloremque porro alias enim quas. Et numquam dolorem repellat soluta maxime qui pariatur. Sit atque non qui vel eaque eos.',0,0,'1991-04-18 06:50:50'),(649,169,116,'Magnam et sit ea non quo voluptatem mollitia. Voluptates excepturi quibusdam vel optio quia non. Quo quidem iste dicta soluta velit temporibus vel consequatur.',1,0,'1999-04-05 02:12:58'),(650,159,114,'Ratione omnis quod sunt cumque et nobis et. Odit eos et quibusdam dicta.',0,1,'2013-02-22 14:03:40'),(651,150,172,'Consequuntur vel totam nihil vel quia rerum non nam. Blanditiis dolore suscipit rem. Et tempore dolorem quia id minima ut similique. At impedit repellendus eius.',1,0,'1991-04-09 00:01:49'),(652,105,114,'Eaque cum culpa commodi et non ex labore in. Tempore animi quos velit sed qui mollitia velit. Voluptas sequi velit corporis facere et error.',0,0,'1999-12-20 02:05:36'),(653,136,124,'Fuga consequatur quasi quidem consequatur. Est blanditiis rem voluptas qui. Asperiores occaecati sit occaecati dolor laudantium. Molestiae molestiae corporis quidem sed veniam dolorem fugit.',1,1,'2002-06-09 08:14:31'),(654,167,191,'Voluptas voluptatem odit officiis voluptate. Omnis quae consequatur voluptatem aut. Quis velit quo sequi repellendus. Amet numquam ad dolores minus et quod non.',1,1,'1973-10-15 03:28:12'),(655,154,172,'Delectus laborum corrupti facilis magnam. Laudantium sed et dolores asperiores suscipit laboriosam. Dolorem sit quo laudantium voluptatem sed omnis.',0,1,'1991-01-28 14:27:59'),(656,115,133,'Sed nulla repellat voluptas voluptas. Odio nisi dolorum minus nam suscipit. Nisi officiis et ea similique vel esse. Corrupti tempore quod consectetur et dolorum id iusto.',1,0,'1996-12-15 02:41:04'),(657,163,179,'Aut molestias debitis ipsam soluta voluptatem. Eos debitis est temporibus laborum illum. Aut sed rerum molestiae ea debitis.',1,1,'1983-08-11 22:09:00'),(658,129,156,'Dolorem quia autem animi nostrum eos aliquid. Sit aperiam id nobis id et neque. Eius tempore ab veritatis esse minima maiores possimus.',1,0,'2010-07-27 01:45:16'),(659,122,139,'Earum qui id maxime nihil nisi rem assumenda. Atque quaerat minus possimus delectus et quae. Iste possimus enim commodi consequatur. Harum error sint voluptas doloremque magnam et quaerat ut. Voluptate cupiditate aut porro libero.',1,1,'2000-01-03 05:31:17'),(660,122,159,'Laudantium sit eos dolorem tempora dolorem aut. Esse doloribus velit reprehenderit. Nulla quia et autem omnis. Eos quam ut voluptatem eum et ea.',1,0,'2005-05-05 10:04:38'),(661,116,161,'Asperiores aut architecto enim. Vero ut ea illo.',1,1,'2020-01-24 11:58:49'),(662,180,179,'Quo enim nam ipsa vero sit. Officiis nulla reiciendis laborum tempore eligendi blanditiis. Hic sit dolor ut eos a est tempore. Facilis deleniti praesentium inventore quae cupiditate labore.',0,0,'1971-10-16 09:46:33'),(663,142,168,'Aliquam et tempore rem corrupti impedit voluptatem libero quo. Perspiciatis tempore non impedit aspernatur est eaque quo. Esse sapiente eos voluptas architecto perspiciatis.',0,1,'2003-09-14 07:40:51'),(664,182,110,'Nemo distinctio aliquam dolores voluptatem et dolorum inventore. Officiis expedita et excepturi quo ut iste. Omnis ut aspernatur sed libero. Sint qui necessitatibus et a.',0,0,'2008-10-10 10:50:09'),(665,183,141,'Expedita ipsum id error et consequatur ullam atque. Nemo fugiat quas et in qui optio. Ratione ut in non voluptas ex cum. Fugiat error sed perferendis et reprehenderit et.',1,0,'2000-12-06 03:42:00'),(666,124,133,'Error quia ut totam eos et sed autem. Officia et sunt hic laudantium consequatur. Reiciendis sed facilis ipsam aperiam vel pariatur doloribus. Eveniet perspiciatis nisi maxime consequatur impedit ipsum perspiciatis.',0,1,'2011-02-27 03:08:48'),(667,113,128,'Asperiores ut non assumenda mollitia. Aut est quod molestiae voluptas perspiciatis ut assumenda. Veritatis tempore rerum omnis nihil. Quisquam eos repellendus impedit ex officia.',1,1,'2019-06-29 10:46:16'),(668,146,148,'Non doloribus iste consequuntur soluta voluptatem. Quia consequatur quae incidunt laborum. Eaque dolores alias odio accusamus nostrum id autem voluptas. Omnis dolorum incidunt quas voluptas.',0,0,'2016-12-25 08:58:21'),(669,151,113,'Aut voluptatum quo qui voluptatem omnis deleniti iusto. Eligendi hic provident qui sapiente illum. Repellat soluta est aut. Enim tempore maxime et totam eligendi velit eum.',0,1,'2005-08-12 10:39:34'),(670,139,104,'Numquam culpa aut fugiat dignissimos asperiores quisquam. Reprehenderit quos tenetur natus aliquid. Magnam maxime vel nostrum totam minus aut.',0,0,'1992-08-03 22:03:13'),(671,184,153,'Nihil ut ab voluptatem omnis repellat. Fuga autem unde expedita eum distinctio. Earum et vero excepturi ut dolorem quod. Eum in ut numquam nulla non.',1,1,'1999-08-05 04:00:32'),(672,136,147,'Voluptatem occaecati ut et. Voluptatum iste sunt mollitia amet quos. Ut vero est iste voluptatum tempora ut.',0,0,'1996-01-02 19:40:10'),(673,132,165,'Repellendus sint vitae assumenda dolores recusandae. Veniam enim molestias asperiores omnis. Nobis qui sed et nesciunt.',0,0,'1983-12-10 23:34:29'),(674,103,153,'Et sunt sunt et amet repellendus dolor et. Deserunt eum necessitatibus sit velit reprehenderit. Velit aspernatur at voluptatem quibusdam sed blanditiis. Omnis molestiae et alias voluptatem consequatur numquam.',1,0,'1989-04-03 01:22:09'),(675,103,124,'Ad nihil sunt et provident. Rem voluptate molestias est in quia est vitae labore. Iusto odio modi id temporibus. Temporibus asperiores similique quos veniam.',0,0,'2013-09-20 07:45:26'),(676,111,118,'Odit totam quod dicta voluptas iusto corrupti quas. Dolorum deserunt ullam inventore molestiae in. Quibusdam et natus minima deserunt nobis.',1,0,'1976-10-22 01:48:34'),(677,185,190,'Quibusdam officiis natus ut magnam natus molestias. Qui consequatur fuga est voluptatem consequatur sint. Itaque minima sequi et explicabo earum voluptas alias dolores.',0,1,'2009-09-15 11:12:48'),(678,196,126,'Corrupti earum aut non reiciendis deserunt. Facere rerum sit sunt eos velit. Qui quam similique quisquam consequuntur quia. Eius veritatis aut excepturi vero modi.',1,1,'1990-08-22 20:54:21'),(679,157,178,'Quas natus velit voluptatem esse itaque ut nobis. Saepe dolores aut voluptatum sunt autem.',1,1,'1983-04-26 09:40:28'),(680,136,140,'Tempora dignissimos unde itaque quia incidunt et autem. Quidem reprehenderit porro aperiam vero. Similique magni hic a accusantium dolorem beatae id. Porro ipsa non nihil quis voluptas. Reprehenderit magnam mollitia alias.',1,0,'1987-03-26 13:27:34'),(681,118,159,'Ab quasi et quia qui voluptate assumenda dignissimos. Facere velit qui animi voluptas. Omnis quo omnis itaque dolore et dolore commodi reprehenderit. Ea autem magnam rerum suscipit consequatur dolorum nulla.',1,0,'2013-01-23 18:32:53'),(682,172,130,'Vero assumenda est dolore dicta nam. Occaecati id qui doloremque consequatur adipisci alias eligendi. Enim ut minima a quia quod doloremque.',0,0,'1972-06-02 00:51:15'),(683,186,118,'Ut blanditiis quos molestiae non. Reiciendis aspernatur beatae eos saepe est. Placeat molestias omnis aliquid quisquam quia. Placeat velit at aut provident sed inventore reiciendis.',0,1,'1986-08-30 05:34:08'),(684,178,137,'Nisi aperiam animi voluptatem. Qui rerum atque quas consequatur consectetur. Molestias nulla laudantium nulla error. Sint totam saepe dolorem est et impedit.',0,0,'2005-12-27 09:08:50'),(685,130,116,'Eveniet sit placeat eveniet aut sunt. Incidunt enim labore tempore exercitationem voluptatibus voluptatibus. Voluptatem voluptatem non perferendis sed saepe.',1,0,'1970-05-30 23:02:23'),(686,140,114,'Vel natus ut commodi est sunt. Accusantium vero rerum autem accusantium.',1,0,'1986-07-03 06:45:58'),(687,169,176,'Nihil nam ipsum id aut qui earum illum. Consequatur voluptates qui quas in perspiciatis officia expedita qui. Voluptatem repellendus sit maxime recusandae sed vitae.',1,0,'2010-05-30 15:01:35'),(688,160,200,'Architecto quas error saepe blanditiis assumenda est. Iusto odio ex facilis nisi. Optio magnam vel quasi et. Iusto voluptatem quia laudantium sint.',0,0,'1992-07-24 02:09:18'),(689,140,162,'Velit rerum voluptatem ut placeat dolore et consequuntur. Consequatur eos est perferendis excepturi dolores. Quaerat veniam earum non molestiae impedit asperiores dolorem. Et odio accusantium aut doloremque illum unde porro. At ipsum voluptatem nihil odio aut unde.',0,0,'2010-02-17 03:16:28'),(690,153,142,'Et odit libero quia sunt est eius ut. Eum excepturi ipsam repudiandae exercitationem similique aspernatur itaque nesciunt. Praesentium sint quo occaecati adipisci omnis alias quibusdam.',1,1,'1998-10-05 04:09:50'),(691,186,163,'Vel aut placeat provident possimus hic. Iusto voluptatem fugiat libero quibusdam. Beatae exercitationem nesciunt odit iste non.',0,0,'1986-06-07 04:57:33'),(692,160,170,'Eos porro molestiae ullam. Asperiores dolorum quo omnis et natus harum debitis. Praesentium libero aut provident est enim. Id debitis ipsam id non.',0,0,'2017-07-24 15:41:16'),(693,153,155,'Et dolores error quidem voluptatem architecto voluptatem maiores. Modi magni suscipit eos totam totam. Rerum necessitatibus porro sed.',0,1,'1985-12-05 00:57:34'),(694,196,110,'Quo totam soluta molestiae eos velit. Officia consequatur porro cum non. Eos totam deserunt sit molestias quos ut.',0,1,'1994-07-25 23:53:24'),(695,132,131,'Sed optio id eius ducimus quis ut. Ut laboriosam eveniet nobis et illo. Rerum et consequatur nisi neque praesentium atque.',0,1,'1996-06-24 23:09:58'),(696,149,150,'Nisi voluptatem et repellat debitis at tempora quia. Ducimus ea non eos vel. Dolores beatae enim eligendi enim iste consequatur nihil.',1,0,'1997-02-26 14:12:12'),(697,190,121,'Explicabo expedita aliquam omnis aut veniam explicabo modi laborum. Eum consectetur reiciendis qui. Quidem sunt deserunt ea est alias totam. Omnis est eligendi commodi ut error eum tempore. Velit aut reiciendis est consequatur eum.',1,1,'1984-11-30 02:19:01'),(698,180,176,'Architecto voluptatem adipisci reprehenderit ut atque debitis itaque. Assumenda at ut iure cupiditate. Laboriosam vel est perferendis odio corporis mollitia at ipsum.',1,0,'1987-10-27 20:12:32'),(699,138,157,'Inventore dolorem aliquid adipisci suscipit. Quo distinctio quia autem deleniti voluptatem. Ipsum quia quo qui fuga tempore doloribus ut. Est enim aut delectus deleniti assumenda corporis aliquid.',1,0,'1996-07-22 14:19:51'),(700,112,167,'Est ducimus ut odio ex. Eum aut nobis dolorum adipisci alias quia nostrum.',0,1,'2018-01-18 10:48:47'),(701,173,152,'Dignissimos enim consequatur qui quaerat assumenda accusantium fugit. Autem ipsam aperiam rerum modi quis dolorem quis. Dolor omnis dolorem et repudiandae consequatur asperiores eveniet. Perferendis omnis rem enim et sed in necessitatibus.',1,0,'2013-09-29 21:34:08'),(702,180,141,'Voluptatem debitis veritatis neque soluta fuga quae ut nisi. Consequuntur laudantium velit eaque ullam. Optio aut nostrum aut provident facere. Hic est sit accusantium nam sint libero sit ut.',0,0,'1977-09-16 13:04:08'),(703,127,140,'Magni non reiciendis ducimus rerum est. Animi neque quidem nemo magnam.',0,0,'1980-06-17 17:41:16'),(704,141,167,'Dolorum et qui ab corrupti. Occaecati consectetur explicabo qui. Expedita dolor velit ipsam eum.',1,1,'1997-05-13 05:48:07'),(705,101,193,'Ipsam recusandae vel amet praesentium et sit. Quo aliquid accusamus impedit veniam et commodi aspernatur. Cumque sed quos sed amet dolores.',0,1,'2007-12-16 07:52:55'),(706,109,186,'Nesciunt in dolores eos nihil numquam. Pariatur quae quidem veniam quis accusantium provident suscipit. Velit voluptatem rerum exercitationem ea.',0,0,'2014-02-09 09:50:00'),(707,156,168,'Minima mollitia in tempore vero consectetur repellendus nemo. Quia facere voluptates consequatur voluptas. Velit repudiandae voluptatem praesentium explicabo dicta.',0,1,'1978-05-21 21:34:18'),(708,156,109,'Quaerat neque rerum et vitae dignissimos autem molestiae. Eligendi consequatur voluptatem atque dolores eos vitae maxime. Perferendis voluptatem harum est.',1,1,'2010-05-07 06:01:40'),(709,123,151,'Aut nulla voluptatem minima corrupti officia facilis inventore eum. Natus commodi minima et autem ut et. Et debitis eius hic molestias odit.',0,1,'2002-08-10 12:03:49'),(710,119,155,'Sint consectetur vitae maxime reprehenderit minima. Et reiciendis dolorem mollitia ipsum nemo sint. Impedit et necessitatibus aut mollitia iusto. Hic aut sunt et consectetur autem voluptatem.',1,0,'1972-02-26 15:05:09'),(711,182,167,'Quia corrupti tempora libero doloribus praesentium aut aspernatur. Ut sint inventore reprehenderit voluptatum expedita accusamus dolores. Voluptatem voluptatem vel tenetur necessitatibus.',0,0,'2008-07-23 06:08:52'),(712,104,171,'Velit nulla omnis ipsam non voluptas doloribus maiores suscipit. Delectus animi est quia repellat odio. Aut molestiae eos quam.',1,1,'1973-02-28 01:29:22'),(713,187,183,'Architecto tempora dolores recusandae sequi vel officiis. Porro quisquam accusantium molestiae et.',0,1,'1979-01-19 14:32:55'),(714,147,125,'Quia maxime repellat enim doloremque. Laudantium odio vel officia et voluptate quia. Veritatis nobis autem rerum sed fugiat. Quis alias consequatur corrupti labore.',1,1,'2001-01-16 16:05:07'),(715,140,158,'Recusandae iure est officia quis ut sequi. Id at odio sit et. Amet in qui voluptatem perferendis.',1,0,'1986-11-28 21:07:25'),(716,191,113,'Enim et provident dolores. Sed ex optio et ab corrupti non enim ea. Vero et perspiciatis illum impedit praesentium rerum. Facere velit non omnis eius blanditiis aliquid repudiandae.',1,1,'1988-10-12 18:58:36'),(717,109,171,'Et delectus quaerat similique ducimus. Libero rerum beatae aut perferendis totam velit. Aliquam ut est veniam et. Alias nobis expedita illo quaerat.',0,1,'2005-07-07 19:12:11'),(718,154,136,'Dignissimos saepe inventore dicta. Molestiae accusantium ab sint aut quam autem. Dolorum laudantium autem sapiente autem. Ea autem sint qui quisquam praesentium consectetur. Dolore aperiam ea est est eveniet reprehenderit.',1,0,'1978-12-27 06:46:56'),(719,110,194,'Voluptatem est qui et. Eveniet iure doloribus ab quas saepe ut laborum. Id vel sit ab et numquam.',1,0,'1997-01-13 08:55:29'),(720,103,111,'Consequatur sint ut aut a. Beatae laboriosam atque odio sit. Optio et similique et optio dolore rerum est.',1,0,'1998-08-18 13:51:56'),(721,187,111,'Qui quia aut est id omnis eveniet repellendus. Eum et nostrum enim est et harum libero. Porro impedit mollitia porro omnis vitae voluptates veritatis.',0,1,'1996-08-23 06:52:43'),(722,197,143,'Ullam aliquam deleniti aspernatur. Quisquam sed excepturi occaecati voluptatem numquam illum. Maxime cum necessitatibus quas sit quis id.',1,0,'2010-10-10 16:17:55'),(723,179,152,'Vel vel dolorem nulla aut. Id dolorem rerum hic deserunt tenetur doloremque laudantium. Perspiciatis et ex ut.',1,1,'1979-10-26 16:18:55'),(724,151,101,'Dolores voluptatum sed alias quas aliquam ut voluptatem. Tempore aut et voluptatem at illo earum perferendis. Eveniet quis facere nesciunt quidem repellendus reiciendis ab.',1,0,'1987-12-05 10:18:13'),(725,103,169,'Error blanditiis dolorem porro ut ut. Fugiat sed velit culpa nulla ut recusandae. Magnam quidem explicabo ad excepturi quas a.',0,1,'2009-03-19 16:27:33'),(726,155,184,'Quo exercitationem voluptas facilis deserunt illum autem. Possimus consequatur occaecati non ratione exercitationem. Possimus blanditiis inventore aliquid accusamus ullam consequatur facilis.',1,0,'2011-02-05 02:35:04'),(727,136,159,'Nesciunt aperiam velit adipisci quo. Quisquam ut enim impedit officiis. Consequatur cupiditate voluptas dolor enim quasi aut quam.',1,0,'2007-07-14 08:34:04'),(728,155,123,'Voluptate qui eius deserunt quas in. Ullam quibusdam aliquam tenetur delectus qui. Ut rerum aut facilis nobis laudantium mollitia laudantium. Possimus aliquam asperiores id nihil eum. Vitae quasi deleniti laudantium voluptatibus fugiat libero in.',1,0,'1982-11-25 02:21:18'),(729,142,101,'Architecto assumenda officia delectus eos. Quae modi minus illo illo aut exercitationem. Odit asperiores omnis harum error eum occaecati qui.',0,1,'2018-10-06 08:12:41'),(730,147,182,'Aliquam aut et reprehenderit qui est atque non. Officia ut tempora praesentium cum non magnam facilis accusamus. Voluptatem cupiditate sunt id voluptas tenetur eveniet qui.',0,0,'2013-04-06 14:07:04'),(731,159,138,'Sequi asperiores sequi ullam ut. Aut sed magnam sapiente. Accusantium accusamus tempora facilis autem fugit.',0,1,'1980-12-05 03:47:58'),(732,194,168,'Excepturi omnis dolore provident nam inventore dolore quos eum. Aut vitae est aliquid nihil. Sint debitis accusamus et odio harum dicta accusamus. Ea est totam ipsum temporibus.',1,0,'1978-03-02 00:48:54'),(733,109,147,'Aspernatur eaque labore aperiam atque cum debitis eos temporibus. Enim sapiente amet at accusantium id perspiciatis ex. Qui nihil rem et autem et cum et distinctio. At nisi tempore at amet.',0,0,'2002-11-30 15:11:54'),(734,103,118,'Sed voluptatem quisquam sapiente earum earum dolorem. Labore architecto id doloremque. Enim unde cumque ipsam magni dolore saepe. Numquam voluptas voluptatem molestiae voluptatem pariatur voluptatem odit illum.',1,0,'1974-04-20 00:53:49'),(735,140,105,'Hic qui culpa vel aliquam ab itaque. Nihil et sint ullam et voluptate a. Laborum explicabo dignissimos tempore non sequi consequatur est est.',0,0,'1989-10-20 08:51:10'),(736,129,127,'Occaecati non nam sit incidunt est tempore quidem. Quo consequatur accusamus perspiciatis nihil qui ab. Deserunt doloribus quisquam natus sunt. Aut aperiam quo delectus placeat eos qui. Aut esse quia est ipsum earum placeat accusantium.',1,1,'1971-03-06 06:32:18'),(737,116,125,'Ipsam quia et vel sunt voluptas officiis eos. Nulla ipsum adipisci aut dolorum dolore ullam autem. Distinctio saepe soluta doloribus velit. Eaque voluptate et ut facere officiis corporis quo.',0,1,'1975-06-24 00:59:07'),(738,169,194,'Nulla optio autem tenetur iure. Impedit qui in id officiis unde iure occaecati. Voluptatem libero qui ut.',1,0,'1979-03-30 19:52:48'),(739,176,120,'Ea dolor laborum ea ex quaerat eos qui. Ex mollitia praesentium vel tenetur dolores. Et qui velit sed ratione.',0,1,'1998-07-09 17:50:41'),(740,195,179,'Et voluptatem sunt tenetur fugiat quia ipsum sint eos. Impedit dolorem quia vitae officiis ut. Est quae eveniet voluptatum quasi enim reprehenderit voluptatem.',0,0,'2003-06-18 12:57:01'),(741,189,150,'Officia doloremque repellat fuga est sed voluptatem illo autem. Sequi et rerum voluptatem id et non. Qui sunt itaque voluptatem enim.',1,1,'1974-07-01 03:41:30'),(742,163,125,'Corrupti accusantium est dolor nulla quibusdam. Rerum maiores veniam nihil quia nostrum. Quas saepe quasi provident illum sed quos et deserunt.',1,0,'1998-11-15 00:10:01'),(743,108,118,'Aliquid corrupti optio explicabo consequatur veniam. Et recusandae ratione itaque eveniet sed velit tempora. Maxime doloremque omnis voluptatem.',1,1,'2017-01-01 18:11:22'),(744,148,150,'A delectus ipsam dolorum voluptatem quis rerum cupiditate. Eum nam nobis sunt eius et.',0,0,'2015-03-15 11:36:56'),(745,118,194,'Quis quos sit ut culpa ut. Consectetur ex ex voluptas cupiditate nihil. Et et adipisci enim natus. Voluptatem odit reprehenderit molestiae.',1,1,'2013-05-25 01:05:01'),(746,131,177,'Vero illo et molestiae itaque nihil error. Nesciunt praesentium saepe et voluptatibus. Modi quis rem modi est nostrum non dolores.',0,0,'1970-06-29 17:18:15'),(747,132,124,'Odio qui fugiat quia ducimus consectetur officia vel praesentium. Unde unde sapiente qui quo adipisci hic. Reiciendis doloribus minus voluptatem illum autem vel qui quis. Nostrum qui accusantium fugiat exercitationem illum aut.',0,0,'1980-11-23 18:51:29'),(748,144,140,'Molestiae sed dolorem rerum deleniti. Sit quam repellendus ducimus id minima ipsum. Praesentium non nihil quae sint repellat aut. Voluptatibus nostrum ut eligendi aut assumenda.',0,1,'1994-12-17 01:33:05'),(749,170,147,'Rem sit eos est voluptatem deserunt dolore animi. Sed iure quam eaque aut reiciendis deserunt. Incidunt facere voluptas deleniti sit rerum consequuntur quia quis.',1,0,'2000-01-02 05:22:46'),(750,158,110,'Quod dolor ut at repudiandae explicabo ea. Perspiciatis nam ut quia eveniet et tenetur. Excepturi explicabo facere reprehenderit fugiat sint nisi exercitationem. Alias velit sed beatae nam et cum quibusdam quia.',1,1,'1980-03-18 16:36:13'),(751,152,186,'Sed minima perferendis esse incidunt. Facere sit doloremque sed dolores. Odio aliquam et magni asperiores quo ipsam deserunt.',0,1,'1972-07-01 11:04:38'),(752,137,167,'Porro voluptates omnis aut dolore. Aut architecto autem dolores beatae id eveniet. Neque quo minus est amet voluptas et non. Doloribus nam et qui soluta distinctio.',1,1,'2019-08-18 19:35:01'),(753,110,106,'Occaecati dignissimos consequatur eos accusantium reiciendis iusto quae. Reprehenderit vel nemo velit adipisci id voluptates. Aut eveniet natus vel perferendis inventore alias.',0,1,'2008-05-04 07:48:18'),(754,161,186,'Labore dolorum quasi accusamus alias dicta. Fugit expedita omnis possimus libero minus odit dolor. Doloremque nostrum praesentium nihil enim facere. Molestiae sapiente cupiditate ut sed commodi sint. Voluptatibus rerum qui et inventore.',1,1,'1978-07-28 13:23:11'),(755,125,156,'Aspernatur et aut in sapiente totam. Neque labore incidunt dolores rerum. Eos est aut architecto iusto voluptatibus in. Sed et explicabo itaque doloremque sit soluta nostrum a.',1,0,'1991-01-03 00:59:21'),(756,164,114,'Repellendus sint ab et molestiae ipsum rerum suscipit. Ratione quis harum nobis impedit. Asperiores consequatur doloremque ea officia.',1,0,'2020-05-18 18:59:42'),(757,105,127,'Nulla soluta tempore magnam tempora ut aliquid. Quia ea officia provident quaerat cumque aut sint. Assumenda rerum natus nostrum est.',1,0,'1992-09-22 15:33:10'),(758,138,112,'Est non quidem fugit accusantium debitis. Reiciendis nam reprehenderit sunt ipsum at.',0,0,'2010-03-07 21:38:23'),(759,144,185,'Sint et corrupti architecto temporibus neque consequatur omnis. Modi et sit consequatur voluptate et dicta. Est ea expedita ad doloremque sed minima veritatis. Tempore nihil modi voluptatibus.',1,0,'1977-12-04 09:26:21'),(760,162,162,'Qui sed quis adipisci et. Deserunt enim voluptatem tenetur. Voluptatum consectetur vero dolores qui fugiat hic ut.',0,0,'1986-08-27 03:28:38'),(761,179,192,'Architecto distinctio minima consequatur. Voluptatem est doloribus tempora unde aliquid. Quidem officiis cum enim placeat. Beatae fugit odit aliquam at ut.',1,0,'1976-12-27 11:54:44'),(762,138,110,'Qui omnis modi quis delectus quos est perferendis eum. Ipsa nostrum quis minus possimus suscipit. Sit adipisci assumenda saepe quae rem.',1,1,'1978-12-09 08:41:58'),(763,115,181,'Sit sit dicta sequi ab aut. Nesciunt ipsam fuga repellat nobis quidem voluptas laudantium omnis. Perferendis ut repudiandae qui asperiores placeat. In libero eveniet debitis doloribus omnis.',0,0,'2002-01-28 09:36:06'),(764,150,185,'Fugit vero nemo sed enim. Inventore doloribus id dolorem rerum nostrum esse incidunt. Qui doloribus ea pariatur qui qui iure. Reiciendis et omnis quia aliquam.',1,0,'1980-09-24 20:01:48'),(765,128,107,'Quaerat facilis nobis sit nostrum dolor rerum. Eius voluptatem qui recusandae veniam error quis. Dolorem omnis reiciendis praesentium dignissimos dignissimos.',0,0,'1983-10-30 01:07:22'),(766,195,179,'Quas ipsa nemo aspernatur tenetur reiciendis qui dolor. Suscipit repellat itaque quas. Aut quo doloribus quia dolorum placeat.',1,1,'2000-11-14 20:55:57'),(767,192,132,'Enim quo sit excepturi voluptas molestiae neque. Voluptate eos animi necessitatibus. Alias quaerat itaque consequatur nesciunt culpa rem consectetur voluptatem. Molestiae omnis vero autem odio laboriosam est sed doloremque.',1,1,'1986-07-26 16:06:37'),(768,146,102,'Et ducimus incidunt mollitia ipsam et suscipit. Consequatur dolores culpa aut repudiandae veritatis ratione blanditiis. Tempora officiis voluptatem aspernatur officia iure. Quo illum voluptatibus officia eligendi aut enim non alias.',0,1,'1981-10-11 17:30:07'),(769,137,106,'Velit quis provident in aut. Sit consequatur reiciendis sit fugiat dolor et consequatur. Voluptatem eveniet natus voluptate omnis et incidunt ut sint.',1,0,'1983-07-17 07:45:08'),(770,187,161,'Sequi laboriosam quia temporibus ad. In iusto facilis ut voluptas. Iste porro in sequi aspernatur reiciendis fuga sint.',1,1,'1980-08-11 14:02:51'),(771,161,151,'Harum consequatur eos aspernatur eos. In enim fugit impedit ullam. Quas omnis in est aliquid fuga atque distinctio. Qui sunt consequatur excepturi velit et.',1,1,'1992-01-17 20:07:14'),(772,174,165,'Explicabo quisquam qui possimus. Quidem commodi placeat voluptas velit iusto. At ut quis corporis sit nam atque. Doloremque rerum quod omnis est consectetur eveniet ut. Commodi voluptate perferendis libero sit sed dolore est dolor.',0,1,'2017-04-27 04:42:51'),(773,177,112,'Atque nesciunt voluptatem placeat voluptas. Qui sed maxime molestiae in. Omnis ut ea et sit id. Officia in illum commodi ab dolores quis sed tenetur.',1,0,'1989-09-20 05:40:04'),(774,177,120,'Porro sed est enim illum in. Non voluptatum totam laborum nam. Qui aut velit quos iste est. Qui earum odio et esse.',0,1,'2000-11-28 18:36:12'),(775,196,138,'Possimus quaerat atque laudantium eaque quidem cumque. Repudiandae molestiae officia sed sit. Officiis quo dolor beatae commodi.',1,0,'1989-03-03 23:29:26'),(776,182,174,'Dolorum et enim suscipit. Rerum est dolorum itaque vel optio rerum facilis. Ut officia illo vel. Ut repudiandae nesciunt culpa alias aut.',1,1,'2017-06-08 08:39:39'),(777,130,119,'Inventore qui officia officiis dolore ipsum doloribus. Id voluptatem quam eaque. Et voluptatem numquam illo eum fugiat. Nisi quasi nihil aspernatur sequi voluptatem libero.',0,0,'1994-01-07 01:56:56'),(778,184,145,'Aliquam sapiente magni ipsa ut rem. Quae necessitatibus facilis sint iste. Laborum dolorem placeat molestias voluptas quam eum a. Eaque quia quo aspernatur.',0,0,'1985-12-04 14:26:34'),(779,200,133,'Et nemo aut adipisci adipisci omnis. Dolore omnis est architecto et. Quibusdam quod consequuntur debitis in est nisi eos. Id officiis dolor voluptate in ea suscipit illum. Dicta quos et autem qui quo.',0,0,'1975-08-15 13:44:02'),(780,129,127,'Occaecati molestiae perferendis voluptates laboriosam consectetur libero. Et non voluptatem qui quos minima. Dolores cum quod aut porro deleniti error minima vel.',1,1,'2005-04-20 09:31:51'),(781,140,124,'Delectus impedit facilis libero numquam tempora. Soluta voluptates a unde temporibus et. Qui quia rerum dolorum qui quas earum qui.',1,0,'2019-07-10 08:52:49'),(782,105,131,'Nam dolores non accusantium ut et quo. Rem voluptas voluptas dicta ut alias nemo qui. Non et voluptas velit enim est ut.',0,0,'2015-07-09 10:39:08'),(783,155,150,'Recusandae consequatur dolor cum minima officia aut. Quis quaerat aut architecto ipsa cupiditate sed earum. In magni incidunt nihil maiores molestiae id.',0,0,'2004-11-06 10:13:06'),(784,132,191,'Ex et ut neque distinctio eos iste quisquam. In minima sed doloremque esse. Deserunt iure aliquid expedita quis. Architecto vel non accusamus hic.',0,0,'2007-04-27 18:44:02'),(785,156,119,'Voluptatem et quia soluta nemo et dolorem ab rem. Placeat nam dolorem voluptas in.',1,0,'1977-01-21 14:04:36'),(786,152,117,'Aspernatur cum non doloremque sint. Exercitationem provident quisquam rerum magni sapiente. Voluptatibus qui optio ullam perspiciatis. Et facilis ex dolor sunt nostrum facere.',0,1,'2007-07-18 18:36:33'),(787,169,126,'Autem voluptas et molestias expedita aut voluptatem. Ut aperiam magnam iure ipsa. Ut sint quia et nobis ea quasi. Iure qui ut et nisi.',0,0,'1989-11-22 13:12:31'),(788,182,145,'Suscipit qui repellat dolor ea repudiandae et dolor est. Beatae possimus et deserunt perferendis velit quibusdam optio. Expedita praesentium sed consequuntur unde.',1,1,'2001-03-16 20:55:58'),(789,137,159,'Laudantium aut architecto consequatur nemo enim neque impedit. Consectetur soluta sequi sed fugit. Aut voluptas tempora beatae tempore. Odit sed dolores temporibus similique quasi laudantium.',1,1,'1989-06-30 17:15:22'),(790,165,132,'Consequuntur laborum voluptate quaerat nisi. Ut quas ullam reiciendis maxime.',0,0,'1986-12-18 08:31:06'),(791,196,146,'Ut laudantium et aliquid cum voluptas repellat. Et eius saepe voluptatum voluptatum in. Facilis et enim et nihil quo veniam sapiente.',1,1,'2009-05-12 06:20:32'),(792,106,126,'Quaerat quidem voluptates praesentium aut dolorum voluptas aspernatur. Eligendi quasi dicta ab ipsum ut sed. Error est expedita quibusdam veniam similique ut quae labore. Ipsum neque sunt quis sed sed magni ut.',1,1,'1972-05-18 04:56:57'),(793,165,189,'Id aut consequatur rerum ullam libero. Vel deleniti quis expedita tempore quibusdam omnis. Porro nesciunt voluptas et saepe quaerat dolor.',1,0,'2003-05-12 11:20:22'),(794,170,164,'Nostrum voluptatem voluptas qui adipisci esse ab perferendis labore. Sapiente dolorem aut consectetur. Sed aut aspernatur consectetur architecto id aut id. Nam libero earum aspernatur et.',1,0,'1993-05-07 09:38:57'),(795,122,198,'Dignissimos hic odit aliquam officia. Id earum rerum dolorum velit accusamus labore. Optio repellendus sed non deleniti minus quod.',1,1,'1978-08-31 07:32:27'),(796,191,161,'Ducimus occaecati et nostrum eum unde ex delectus. Placeat voluptatem quam exercitationem labore eos molestias. Eos ipsa qui beatae praesentium et necessitatibus. Officia sit et voluptates sed nihil. Pariatur dolorem eaque minus recusandae adipisci dolorum non.',1,1,'2011-08-01 02:08:50'),(797,122,196,'Animi voluptas sit maxime non animi. Quas molestias id tempora iure. Repellat aut consequuntur non totam voluptas aut et. Maiores nihil id commodi animi.',0,1,'1979-06-11 13:41:38'),(798,192,176,'Illo impedit ipsam eveniet et et repudiandae aut id. Et provident nostrum qui nihil recusandae temporibus architecto. Voluptatem dolore tempora praesentium dolore ea.',0,0,'2011-09-16 08:29:31'),(799,145,123,'Iure et cupiditate earum molestias molestiae. Animi dicta amet enim praesentium magnam fugiat dicta itaque. Fuga veritatis non provident.',0,0,'1974-04-06 08:09:00'),(800,167,101,'Dolorem adipisci recusandae doloremque ratione. Fuga et aut sint consequuntur ut incidunt. Quo consectetur omnis iure odio tempora minima sit. Non doloremque ut non rerum.',0,0,'1978-08-19 14:53:54'),(801,141,118,'Est natus aliquam ex voluptas voluptatibus ducimus qui. Facilis est sequi laborum voluptatem. Occaecati et voluptas voluptatem qui sapiente ad amet facilis. Non quidem qui omnis voluptatem quia doloremque numquam unde.',0,0,'1973-05-30 18:25:21'),(802,117,110,'Consectetur sunt est alias aperiam consequatur. Minima sed temporibus ratione quod sequi minus.',0,0,'2020-05-13 13:37:07'),(803,143,198,'Et eius vitae voluptate animi quasi totam quis. Cum magni officiis qui beatae veniam praesentium non. Quasi et sit ad quis et maxime natus voluptatem. Quia consequuntur sint impedit exercitationem.',0,1,'1997-10-17 20:47:01'),(804,155,179,'Officia doloremque reiciendis repudiandae aliquid et. Magnam repellat ut eligendi impedit aliquam. Laboriosam consequatur blanditiis quia eos omnis deserunt. Rem molestiae reiciendis et ea animi labore aut.',1,0,'1988-01-12 11:04:43'),(805,156,119,'Magnam soluta odit cupiditate maiores. Ipsa voluptatem deserunt omnis nihil. Suscipit dolor consequatur accusamus omnis voluptate assumenda.',1,0,'2003-09-11 05:48:03'),(806,111,152,'Quod cum minus fugit quos quod placeat saepe magni. Occaecati at fugiat perspiciatis ipsum omnis id sit. Autem incidunt doloribus ea.',0,0,'1982-02-12 01:02:53'),(807,165,116,'Enim ut neque rem quis pariatur qui. Ut quasi aut rerum quia. Accusamus nemo nam corrupti fuga soluta. Suscipit eaque quia facilis ut.',1,1,'2014-04-09 07:16:12'),(808,178,129,'Consectetur dolore soluta veniam accusantium consequatur tenetur. Voluptatem doloremque quia esse iure qui consequatur eos. Nihil id deserunt accusantium sed voluptatem. Nulla facere eum exercitationem.',0,0,'2014-07-11 10:20:32'),(809,105,147,'Omnis sunt commodi qui. Et odio voluptas enim.',1,1,'1991-12-09 09:48:49'),(810,193,127,'Veritatis dolores molestiae aperiam voluptatem non optio amet. Optio eum dolorem neque id reprehenderit quam minima. Doloremque voluptatibus et perspiciatis nobis. Sunt odit ducimus qui pariatur.',1,1,'1996-06-13 06:14:14'),(811,145,184,'Praesentium eius nulla quaerat similique perspiciatis et. Unde esse aut ullam qui. Dolor et hic at. Veniam veniam laboriosam illum sunt in dolore.',1,0,'1982-04-28 07:12:31'),(812,188,166,'Est praesentium in voluptatem et cumque provident. Consectetur a est inventore non sit molestiae quidem. Ducimus ab ut debitis quibusdam. Aut aliquid explicabo repellendus est eum.',1,1,'2009-12-29 18:46:41'),(813,179,179,'Aut quaerat facilis facilis hic velit odit aut. Autem quasi rerum veritatis debitis quasi. Veniam a perferendis officiis non sequi omnis.',0,1,'2016-07-16 12:48:14'),(814,142,124,'Repellendus accusamus id et eum voluptas et aut. Sit eum esse libero rerum ut et ut accusamus. Nostrum quisquam et nemo iusto quibusdam. Impedit et doloribus in consectetur architecto qui ut.',0,1,'2008-08-12 19:13:53'),(815,102,108,'Quibusdam non voluptatibus et tempore aliquid. Modi doloribus cumque enim fugit minima occaecati beatae. Quis aperiam perferendis tenetur sequi aut. Aut quasi aliquam vitae quo.',0,1,'1997-08-23 21:46:34'),(816,124,142,'Ex voluptatem possimus ipsum sit voluptas modi. Sapiente sit vero velit error ratione amet fuga at. Explicabo saepe velit voluptatibus quis voluptates eum eaque.',1,0,'1977-11-26 04:26:26'),(817,126,141,'Dolor debitis reiciendis explicabo ut iusto laborum consequatur. Velit magnam sint voluptatem qui ea. Laboriosam omnis rerum laborum exercitationem magni.',1,0,'2008-09-17 21:58:05'),(818,152,168,'Officia quis illum accusamus dolor laborum in. Et ullam voluptatibus est reiciendis dolores modi sit. Excepturi libero minima numquam fugit quod iste.',1,0,'1989-10-19 11:31:08'),(819,139,106,'Qui quia iusto qui assumenda quod. Ea amet qui sit nemo et laudantium. Qui beatae esse voluptatem sed.',0,1,'2014-11-16 23:57:50'),(820,147,195,'Et numquam ut facilis vel. Et neque quam maiores. Quibusdam consectetur nobis omnis consequuntur sint quis vel repellat. Occaecati similique quis et deleniti vel expedita.',0,0,'1995-05-21 13:03:03'),(821,125,157,'Nemo deleniti iusto totam inventore voluptate molestias dolores. Aperiam ipsum id blanditiis corporis dolorum minima. Non voluptas omnis omnis consequatur eius a voluptatem dolores. Non accusantium illo et nobis qui hic soluta tenetur.',1,1,'2006-03-03 06:01:51'),(822,147,190,'Culpa consectetur laborum rem rerum voluptas sunt autem. Non sapiente earum ut dolorem quia optio. Minima ipsum eligendi itaque neque omnis est blanditiis. Dolorum ut est iusto labore optio ea eum.',0,0,'1979-01-19 04:56:39'),(823,173,124,'Id hic consectetur nam eveniet dolor voluptatum nemo. Doloribus est placeat provident pariatur blanditiis. Provident soluta doloribus ut exercitationem quo et error.',0,0,'2014-05-18 00:16:55'),(824,119,178,'Omnis ut aperiam sequi et dolore possimus atque. Iusto perferendis et aut ut cumque molestiae soluta vitae. Temporibus saepe occaecati modi quidem rerum dolorum totam. Omnis quibusdam quam in.',0,0,'1991-04-01 21:01:35'),(825,170,111,'Vero similique eius omnis et illo corrupti. Accusamus officiis nesciunt laboriosam id et esse et. Quibusdam eligendi quaerat omnis voluptas repellendus.',1,0,'1974-08-28 10:37:28'),(826,104,114,'Qui voluptatem voluptatem laborum suscipit ullam ut. Cum atque saepe pariatur sit non expedita.',0,1,'1994-03-19 16:14:34'),(827,195,191,'At voluptatum aliquid et quia ut autem culpa enim. Optio sint animi accusantium occaecati eos. Ut quisquam placeat voluptas nemo dolores. Id non quis eos vel.',1,0,'2020-03-17 09:39:17'),(828,180,173,'Et rerum nisi vel ratione ad dolor. Velit similique ipsa recusandae eligendi quia. Iusto tempore velit magnam velit soluta.',1,0,'2017-04-02 03:27:47'),(829,170,121,'Qui iure eveniet sapiente voluptatem recusandae laborum. Non maiores et fugit dolorum vel doloremque. Et delectus tempora exercitationem cumque dignissimos delectus ipsam.',0,0,'1980-07-03 17:30:50'),(830,196,171,'Excepturi ab est et atque cupiditate sit eligendi. Illum debitis quaerat debitis est. Eum necessitatibus facilis et laudantium. Rerum nisi voluptas consequatur laborum.',1,0,'2002-10-23 04:32:16'),(831,128,120,'Voluptas officia qui excepturi placeat unde numquam. Consequuntur magnam ut fugit nesciunt dolor quia fuga rerum. Quidem voluptate repellat non vel debitis sed. Enim non corrupti ratione.',1,1,'2000-06-27 11:41:32'),(832,113,153,'Pariatur sit reiciendis est hic. Atque placeat consequatur omnis velit qui hic aut. Libero itaque rem saepe.',0,0,'2009-11-29 07:35:00'),(833,160,164,'Quidem dicta veniam qui ea. Fugiat id at numquam similique rem. Tempora sunt similique totam et.',1,0,'1977-05-23 03:32:30'),(834,121,198,'Nostrum architecto consequuntur nostrum recusandae asperiores voluptatem quasi dolore. Omnis dicta autem consequuntur est saepe excepturi. Nemo dolorum hic perspiciatis dolores repellendus expedita. Tempora libero maiores id nisi facilis nam blanditiis. Voluptatem omnis pariatur optio facilis dolore atque.',1,0,'1973-02-17 09:57:55'),(835,169,167,'Odio ut ab sequi excepturi aut. Soluta exercitationem rerum saepe at perferendis. Provident voluptatem et minima. Et est sed ut qui.',0,1,'1985-07-10 08:01:33'),(836,193,194,'Ut aut officia officia doloremque illum velit soluta. Cupiditate consequatur minus aspernatur quis sint sapiente. Sunt mollitia quibusdam voluptas. Facere natus quae aut officiis autem qui pariatur maxime.',0,1,'1976-09-20 09:34:14'),(837,124,139,'Sit possimus consequuntur aut impedit soluta aut labore. Sint illum porro accusantium quia sint reprehenderit voluptas. Vel quo sed dicta asperiores cumque amet voluptatibus.',0,1,'2010-05-30 01:41:10'),(838,183,197,'Doloremque ullam magni quisquam magnam. Eum molestiae ullam facilis ex est id. Nihil et velit enim ea. Possimus culpa assumenda numquam cum occaecati esse fuga ea.',0,0,'2006-03-09 16:52:54'),(839,162,101,'Animi sed quo hic odio. Magnam laborum id porro architecto quas. Fugit aspernatur dolorem dolorem sequi nostrum et expedita nihil.',1,0,'2005-02-03 01:47:41'),(840,174,132,'Ullam sed totam aut natus. Occaecati a molestiae in ea perspiciatis non eum totam.',0,0,'1973-11-20 15:30:58'),(841,112,178,'Officia est omnis corporis rerum aperiam sapiente sunt. Autem velit est dolorem eum excepturi aut est. Qui quia consequuntur quia. Alias et quia accusamus consectetur.',1,0,'2007-12-12 19:43:13'),(842,145,106,'Nostrum deleniti porro odit aut delectus distinctio. Odio nihil pariatur veniam porro provident. Exercitationem architecto accusamus sit omnis et sit.',0,0,'2004-08-09 19:19:40'),(843,169,125,'Modi consequatur quidem qui voluptas qui ut autem. Veniam perspiciatis consequatur dolores mollitia officia ut alias. Et maiores voluptatibus ut ea vel illo optio.',1,0,'1983-11-02 21:24:22'),(844,179,138,'Nam ullam voluptatem sequi quae. Dolorem quis non numquam qui sit tenetur. Et sapiente minima quidem eos numquam.',0,1,'1999-09-29 17:48:16'),(845,145,174,'Impedit error porro optio odit. Libero dolores ipsam voluptatibus dolorem impedit quia ut. Ut totam sed aliquam dignissimos nulla.',1,0,'2015-05-11 12:13:31'),(846,109,173,'Porro dolore nesciunt consequatur ducimus omnis doloribus ut. Voluptas et perspiciatis cum nesciunt. Corporis culpa accusantium esse iusto laboriosam.',0,1,'2001-02-20 23:44:19'),(847,193,121,'Voluptates hic facere aliquam a magnam non aliquam atque. Eius quis accusamus omnis nostrum omnis ipsa. Fugiat blanditiis voluptatem repellat voluptatibus voluptatum eum. Omnis similique eaque dolores aperiam laboriosam delectus aut.',0,1,'1977-01-31 07:05:50'),(848,125,153,'Magnam mollitia sit excepturi. Incidunt non optio alias itaque sit rerum ab repellendus. Eligendi sed velit unde quos velit.',1,1,'1975-03-12 01:06:42'),(849,184,146,'Non molestiae pariatur doloribus. Sed rerum odio cum eum aut blanditiis. Molestiae in quis nisi distinctio. Quia ipsum libero ab et qui et.',1,0,'1974-07-06 04:51:44'),(850,151,153,'Omnis quae ut rerum voluptatum. Mollitia facere id odio tenetur tempora voluptates. Quisquam quia molestiae qui eius quas est.',1,0,'1976-03-26 17:04:49'),(851,113,143,'Ad et ut rerum omnis voluptas ut. Quidem non in porro autem. Blanditiis ipsam ratione ducimus. Necessitatibus ut necessitatibus aut adipisci at.',0,1,'1973-04-10 05:40:33'),(852,146,136,'Laboriosam fuga qui sapiente odio dicta voluptas qui expedita. Qui sit voluptas est. Sed excepturi aspernatur atque.',0,0,'1997-10-04 15:42:48'),(853,181,129,'Ut iste laborum repellendus id. Est quisquam deserunt facere dolores. Aut fugiat est blanditiis et veniam. Suscipit est maiores sit sit facere assumenda magni.',0,1,'2020-02-08 05:53:54'),(854,133,143,'Aliquam quidem id rerum est. Nihil eos optio voluptas. Autem deleniti iste voluptatem consequatur rerum ut. Laudantium autem non omnis neque velit fuga quia.',0,1,'1995-10-22 11:01:53'),(855,130,107,'Est voluptas iste in facilis recusandae. Sequi reprehenderit commodi iste molestias.',0,1,'1999-08-01 13:25:24'),(856,174,142,'Ut et eos sint qui aut aut aliquid officia. Saepe atque asperiores et odit quos sint necessitatibus. Consequatur hic accusantium aut.',0,1,'2009-11-26 10:49:01'),(857,185,119,'Vero tempore excepturi eligendi iusto aut odio mollitia. Pariatur ut ipsa id necessitatibus necessitatibus quis vitae cupiditate. Pariatur similique blanditiis et et ducimus sint.',1,0,'2004-07-23 20:37:36'),(858,147,154,'Unde minus iusto non eos. Odit in odit dolor ducimus impedit dolore sapiente. Eos rerum qui ipsum assumenda corporis quod repellendus.',0,1,'2005-12-01 15:27:15'),(859,143,125,'Ipsam et veniam impedit accusamus. Odio sint voluptatem voluptatem eum. Consequuntur quisquam possimus consequatur ut. Neque quos repudiandae et ut rerum.',1,1,'1972-05-04 05:27:30'),(860,192,188,'Maiores harum officia qui exercitationem eligendi voluptas repellendus. Esse vel debitis laudantium vel quaerat ea. Quod recusandae unde impedit. Non voluptas dolores qui expedita.',1,1,'1970-05-06 15:13:39'),(861,199,200,'Sit est quis corporis et cum. Illo enim minus non et aut provident amet. Occaecati ratione autem quibusdam eos expedita. Laudantium quod pariatur consectetur beatae eum quia hic.',1,1,'1987-03-27 06:53:24'),(862,160,192,'Maiores nulla illo eligendi. Reprehenderit molestiae facilis quos dolorum atque ab. Consectetur et maiores omnis cumque sit consectetur.',1,0,'2019-12-06 00:44:28'),(863,120,185,'Est accusamus laudantium aut et. Esse qui porro et praesentium. Et officia omnis quo qui nulla quod. Ipsum ut qui perspiciatis quos quisquam.',0,1,'1999-06-05 17:50:00'),(864,144,103,'Aliquam aut cumque ipsam fuga quis et. Ad ea aut reprehenderit sed tempore.',0,0,'2004-07-03 21:19:24'),(865,130,194,'Maxime accusamus illo quis praesentium. Numquam et quia suscipit optio vero. Quisquam aperiam cumque velit aut ipsam. Deleniti et quibusdam incidunt quia beatae. At eos culpa ea aut.',0,1,'2005-08-23 17:28:10'),(866,156,142,'Voluptatem possimus rem in et rerum. Aut omnis facere voluptatem id. Et ut nesciunt cum impedit quia pariatur. Quia ut sed sunt nemo sit.',0,1,'1978-03-21 15:18:56'),(867,137,102,'Eum fugit facere aliquid exercitationem et et. Veniam ea omnis sint accusantium nemo sit aut possimus. Ducimus cumque perspiciatis voluptatibus eaque exercitationem modi. Vero odio harum dolore est.',1,1,'1999-06-26 18:25:33'),(868,178,117,'Autem delectus in quas eos aliquam. Rerum rerum accusantium voluptas blanditiis cupiditate vitae autem nihil. Et dolores quis iste eaque reprehenderit.',1,0,'2015-06-23 17:37:28'),(869,130,110,'Qui qui tempore sit sint consequatur. Ad optio corporis officiis voluptatem. Molestiae possimus eius dicta sit cum.',1,1,'1977-07-30 22:27:29'),(870,160,160,'Veritatis aut voluptatem optio amet alias sequi. Nemo illum ullam eos harum numquam est illo blanditiis. Ipsum beatae perspiciatis aspernatur qui eveniet dolorem.',1,0,'1999-09-20 04:36:26'),(871,117,134,'Libero et assumenda cupiditate eos odio aliquid. Rerum quaerat ut non voluptas quam commodi. Et tempore accusantium voluptatem qui provident neque. Doloribus qui velit autem animi iure dolor sapiente aut.',0,0,'2020-04-19 20:12:35'),(872,101,101,'Eveniet quasi tempora et veritatis ipsa sed aut. Id deleniti sed sint autem. Magnam dolores et aut provident omnis.',1,1,'1991-02-20 16:50:47'),(873,153,148,'Molestias labore voluptatem cupiditate est consequatur aperiam. Omnis et excepturi ad est magni reiciendis. Sunt sapiente dolores ratione est consequuntur corporis praesentium. Dicta quidem quis commodi voluptatem.',1,0,'1977-11-28 06:34:26'),(874,154,195,'Qui reiciendis necessitatibus exercitationem impedit rerum doloribus. Dolorum asperiores adipisci molestias nulla. Consequatur est qui et possimus dignissimos. Est nihil et eos magnam.',0,1,'1983-04-13 21:47:18'),(875,173,145,'Placeat qui magni adipisci pariatur nihil. Minus praesentium illum voluptas recusandae velit unde. Vel sint nemo ipsum.',1,1,'1979-06-23 20:35:06'),(876,183,171,'Rerum nostrum qui suscipit excepturi ut. Error officia neque rerum debitis impedit ipsum omnis. Possimus dolore ut eum voluptatem accusantium atque sed.',0,1,'1974-11-26 18:58:08'),(877,144,142,'Corporis possimus qui debitis placeat. Consectetur in consequatur enim reprehenderit nihil omnis doloremque. Praesentium et amet ut sequi. Eligendi accusantium sit impedit et qui.',0,1,'2017-08-24 16:46:01'),(878,162,163,'Culpa modi mollitia voluptatem et unde. Necessitatibus suscipit nam et saepe unde rerum. Repellat veritatis voluptatibus rem molestias dolores est eaque.',0,1,'1985-05-15 11:26:28'),(879,126,106,'Odit sed quia reiciendis soluta nam est debitis deleniti. Architecto iure sed quia earum illo praesentium corrupti. Vitae eius fugit explicabo omnis molestiae. Accusantium voluptatem repellat error alias.',0,0,'1980-02-08 07:53:24'),(880,166,155,'Officia dolor ullam voluptas magni aperiam recusandae est. Dolor magnam autem et exercitationem. Tempore maiores sed voluptatibus quia soluta. Omnis quas architecto corporis.',1,0,'2013-05-24 17:50:12'),(881,199,122,'Numquam et amet voluptas numquam harum nihil temporibus. Et et voluptatem sunt dolorem sit velit ipsa. Voluptas qui magni magni sunt id sunt corporis.',1,1,'1984-03-11 07:55:35'),(882,197,136,'Consequatur dolorem eos cupiditate consequatur. Quidem sit quisquam autem atque delectus voluptatem qui. Consequatur optio perspiciatis aliquid et. Quo ut excepturi maiores unde illum consequuntur ut perspiciatis.',0,1,'1999-08-05 03:33:27'),(883,123,174,'Quas recusandae excepturi voluptates. Hic et voluptatum sint culpa sequi.',1,0,'2019-07-10 01:36:31'),(884,152,153,'Sunt et perferendis magnam dolor. Quis soluta eos quas dolor. Magnam perferendis harum consectetur et inventore commodi qui. Qui rem perferendis quisquam.',0,0,'1993-12-11 14:02:54'),(885,184,112,'Fugit autem velit sit est consequatur molestiae. Nihil provident perspiciatis ea quibusdam pariatur voluptatem. Quia similique est sequi sint qui similique.',0,1,'1983-08-14 08:22:27'),(886,112,200,'Molestias praesentium in labore eos. Quas impedit magni praesentium voluptatem tenetur suscipit dicta. Facere facilis voluptatem ut et. Cumque ad eum odit.',0,1,'2012-07-18 11:13:34'),(887,145,112,'Voluptates ullam ut unde iusto voluptatem pariatur in. Veritatis sit praesentium consequatur impedit illo iusto eum. Deleniti ut voluptatem quod rerum et. Dolore perspiciatis maxime sit.',0,1,'1988-04-17 17:32:38'),(888,101,197,'Impedit quia optio quos. Amet praesentium autem voluptas sunt beatae distinctio explicabo. Qui id debitis nihil. Veniam voluptatum veniam possimus aut architecto.',1,1,'1999-01-13 10:31:12'),(889,159,154,'Rerum rerum hic sapiente rem. Consequatur explicabo laboriosam voluptatem sint accusamus reiciendis quas sequi. Iusto facilis ut quia vel voluptatem deleniti. Commodi doloribus tempora sed dolore ut voluptatem.',0,1,'1980-04-04 15:57:23'),(890,192,131,'Dolores qui pariatur quis doloribus. Porro est amet ab aspernatur sed illo qui. Totam quo molestiae quibusdam qui sed dolor. Nihil sapiente sapiente velit et sit. Vitae ut sed ipsa animi perspiciatis.',1,0,'1983-10-24 23:31:12'),(891,198,174,'Officia id dignissimos quo qui asperiores est est. Quia autem fuga voluptatem alias totam qui. Dolore cumque numquam repellat nemo quia quas non.',1,1,'1982-11-08 06:35:17'),(892,102,142,'Deserunt non temporibus vitae consectetur blanditiis sequi consequatur. Quas dignissimos veniam aliquid. Quis et vel enim deleniti id qui perferendis ex. Ducimus quia omnis illum maxime molestias cupiditate placeat quibusdam.',0,0,'1983-09-06 08:36:45'),(893,115,164,'Quod ullam blanditiis aut non illo eligendi qui voluptatem. Quas neque repellendus suscipit voluptatibus ipsam hic quo beatae. Expedita unde nesciunt enim consectetur aliquid blanditiis. Est magni aliquam ut ex distinctio quis aut.',1,1,'1972-09-02 01:37:08'),(894,105,141,'Voluptatibus nihil possimus neque nam. Veniam possimus quis voluptate. Qui odit tempora assumenda mollitia quis. Accusamus qui autem assumenda error necessitatibus.',1,1,'1988-10-07 19:31:58'),(895,169,171,'Quas quia autem inventore aspernatur ut. Beatae dicta corporis omnis inventore. Est reiciendis quis facere alias et voluptas est.',0,1,'1976-10-15 19:32:08'),(896,195,168,'Doloremque ex vero neque non dolores omnis aperiam. Nemo impedit magnam in. Ab quia modi inventore nulla iste. Iure provident velit aut pariatur saepe dignissimos.',0,1,'2000-04-24 18:52:14'),(897,192,191,'Nesciunt architecto deserunt et odio aut sapiente. Deleniti beatae dolores in repellat excepturi assumenda repellat. Et eius quos laboriosam quis. Exercitationem nihil sed reprehenderit voluptate. Exercitationem nam sed quas velit.',0,0,'2009-08-17 08:19:10'),(898,103,115,'Et accusamus est sed enim suscipit. Excepturi sed sint ut dignissimos accusamus. Et inventore tempora consequatur in veniam accusantium. Quod commodi et voluptate nulla nobis sed sint cupiditate.',0,1,'1983-10-31 14:52:30'),(899,165,155,'Neque totam eum architecto et et. Unde et minima molestias libero voluptatem hic est. Culpa sit sed ut dolore nihil et quis. Laudantium qui praesentium et autem quae in vel.',1,0,'1993-06-21 07:20:52'),(900,167,149,'Delectus veniam voluptas libero suscipit excepturi voluptatem. Ut ut rerum velit et dolores ut quis. Itaque sed doloribus amet doloribus. Praesentium vitae quae quaerat dolore consequatur voluptatum.',0,1,'2005-08-13 07:54:34'),(901,166,179,'Libero est soluta ipsum delectus at id ab. Id laborum qui deserunt autem minima voluptatem aut eius. Aperiam porro sint voluptate corrupti molestiae. Ut accusamus eos officia rerum.',0,0,'1993-12-07 07:55:51'),(902,149,111,'Ab totam voluptas est temporibus. Libero placeat illum possimus accusamus modi. Sint et repellendus est laboriosam. Sit sint maiores neque ex enim.',1,1,'2002-03-12 00:34:16'),(903,191,149,'Tempora doloremque odio ut libero animi sint cumque. Debitis voluptas est ad dolore voluptas autem. Fuga omnis aut ad et accusantium corrupti. Consequatur quaerat optio id amet nesciunt.',1,1,'1994-11-28 05:24:02'),(904,107,150,'Rerum sint id voluptas tenetur corrupti. Facilis aut odit nam error voluptates omnis temporibus. Deserunt error suscipit non animi minima distinctio. Architecto fuga pariatur aperiam consequatur sed libero.',0,0,'2005-01-28 05:10:20'),(905,102,199,'A consequuntur voluptatem aspernatur incidunt aut cumque fugit. Voluptate tenetur porro temporibus. Sunt tempore est impedit veritatis quia. Perspiciatis voluptatem saepe doloribus animi laborum. Impedit voluptates ut quam sint quibusdam nisi.',0,1,'1979-10-13 10:08:40'),(906,181,200,'Architecto ut nihil expedita magnam quibusdam. Error aut culpa consequatur mollitia reprehenderit aut. Est aut reiciendis eius voluptatem. Dolorum et quae laboriosam dolorem accusamus quo.',1,0,'1992-07-20 16:19:36'),(907,172,182,'Quaerat commodi et sunt facilis. Cum quia deleniti facere. Voluptatem veniam ex sed. Nisi a harum hic velit eos ut.',0,1,'2006-12-20 11:50:28'),(908,142,187,'Consequuntur aperiam sed dolores ut et. Ducimus voluptatem unde sit ab similique sapiente excepturi. Necessitatibus eos eaque ratione et esse optio praesentium impedit.',1,1,'1999-02-15 16:57:42'),(909,145,146,'Sed tempore reprehenderit libero neque. Qui consequuntur molestias velit et possimus eos. Pariatur voluptas at voluptas tempora et.',0,0,'1996-12-01 19:34:33'),(910,127,114,'Ut temporibus numquam tenetur ea. Reiciendis asperiores nulla qui. Aut dolorem velit sed odit perspiciatis quia.',0,0,'2001-01-05 19:14:11'),(911,117,122,'Repellendus in quia minus. Molestiae sapiente quidem maxime error quaerat. Vel occaecati earum veritatis rerum ratione blanditiis. Amet a excepturi temporibus optio aut reprehenderit.',0,0,'1984-08-16 10:21:12'),(912,181,109,'Qui perferendis facilis reprehenderit explicabo eum omnis. Qui delectus excepturi assumenda distinctio asperiores. Voluptas reiciendis et odio odio saepe et nulla voluptatem. Et incidunt id magni dolorem aliquid consequatur nobis.',0,0,'2011-07-31 01:34:08'),(913,112,184,'Cupiditate rerum dolorem repudiandae qui. Consequuntur voluptatem sed asperiores sit ut explicabo. Provident nulla sit voluptas minus nostrum optio nam ea.',1,0,'1975-02-24 18:05:29'),(914,123,177,'Non pariatur incidunt id vitae unde minima. Quasi eos aliquam nam quisquam eius iste.',0,0,'1991-01-04 05:05:44'),(915,138,190,'Possimus ut magni et reprehenderit alias similique cupiditate illo. Et maiores eaque excepturi omnis facere. Vero officia suscipit consectetur earum. Possimus beatae perspiciatis in.',1,1,'1986-10-10 19:12:00'),(916,126,104,'Magnam ab qui ea aut consequuntur velit iusto. Quo sit consectetur consectetur ea.',1,0,'1991-03-26 00:54:47'),(917,168,174,'Sint consectetur amet neque dolorum. Consequuntur dolor unde aut quod. Quia ab ad aliquid consequatur et. Id omnis ab voluptas nobis provident.',0,1,'1986-08-23 09:31:30'),(918,114,159,'Delectus voluptatem deserunt et qui eveniet illum ullam. Quos iure blanditiis laboriosam tempora eos.',1,0,'2001-04-02 08:10:50'),(919,122,120,'Natus est facilis et magnam quod. Provident aut saepe et ut. Ea id hic expedita quod voluptates aut.',1,0,'2018-12-16 00:56:44'),(920,108,124,'Qui sit porro sunt illo soluta natus. Exercitationem aspernatur unde rem et. Error earum id debitis distinctio adipisci non culpa. Hic nisi repellat excepturi voluptatem molestiae vero.',1,1,'1971-11-04 13:03:36'),(921,118,188,'Soluta illo similique facere voluptatem. A voluptatem et vero.',0,1,'2012-02-27 00:04:45'),(922,123,190,'Tempora quod aut ipsum illum corporis. Et vel voluptatem nam delectus qui ab esse. In eum qui asperiores saepe est eos aut. Omnis maxime voluptates illo recusandae veniam rerum consectetur.',1,1,'2016-07-05 15:12:31'),(923,169,165,'Ratione qui sed eum eaque aut recusandae. Commodi suscipit iste consequatur et rerum et.',0,1,'2011-11-29 02:20:19'),(924,176,114,'Ut nam sunt quis maxime corrupti expedita. Itaque voluptatem quidem autem labore aut. Optio saepe aliquid laudantium.',1,1,'2017-03-11 15:36:14'),(925,111,102,'Natus veritatis iste repellendus eos voluptatibus omnis. Qui deserunt iste quibusdam mollitia molestiae. Velit suscipit officia deleniti. Eos consequatur aut ipsa aut.',0,1,'1970-11-21 20:09:09'),(926,127,127,'Molestiae explicabo odio asperiores culpa quas. Pariatur ut nisi atque in necessitatibus cum. At voluptatibus velit nam ipsum facere rerum reiciendis consectetur.',0,1,'2008-12-16 22:00:58'),(927,123,108,'Atque cum enim magni. Nihil rerum autem iusto qui perferendis. Ea nisi provident dolor quia.',0,1,'1993-01-21 07:55:37'),(928,135,135,'Aut vel et officia eveniet hic quo. Doloremque dolorem in qui. Velit blanditiis ad sed deleniti quasi harum sed et. Nihil eius veritatis consectetur nesciunt aspernatur numquam tenetur.',1,0,'2006-07-04 16:41:59'),(929,191,158,'Perferendis est voluptas quisquam aliquam explicabo aut non quo. Assumenda eveniet odio consequuntur aliquam ea sequi quam. Quo eveniet voluptatum molestiae optio labore tempora rerum similique.',1,1,'1970-09-01 10:48:52'),(930,112,129,'Est ipsum eveniet incidunt aliquam eos. Repellat perferendis quam ut eligendi quis non tenetur impedit. Odit cupiditate delectus ea ad.',1,1,'1979-02-11 21:04:04'),(931,148,137,'Quia esse dolorum deleniti est facere fuga hic. Cum eum corrupti vel facilis illo nesciunt earum. Recusandae maiores et nam sit. At et ea alias commodi culpa ducimus explicabo.',1,1,'2014-07-31 03:12:08'),(932,132,116,'Vel et dignissimos temporibus. Facilis dolorum nostrum molestiae soluta qui. Amet ut repellat consequatur ut similique.',0,0,'1994-03-09 17:19:35'),(933,110,145,'Culpa exercitationem omnis non libero est veritatis. Ut cumque illo sit ab. Amet rerum asperiores sit suscipit qui aut. Voluptatem fugiat veniam quaerat odit libero.',0,1,'1993-06-01 00:47:36'),(934,174,132,'Ex incidunt deserunt dolores earum. Eveniet fuga dolorum sunt blanditiis vitae molestias rerum. Dicta porro et excepturi doloremque qui iste.',0,1,'2012-03-21 10:08:29'),(935,165,181,'Commodi consectetur beatae asperiores et. Illo atque necessitatibus deleniti et provident. Repellat laboriosam facere voluptatibus.',0,1,'1981-09-26 01:51:30'),(936,155,182,'Fugiat perferendis itaque eaque voluptatibus doloribus est asperiores. Porro fugit mollitia facere nulla. Tempora nisi rerum atque eos. Explicabo quo minima molestias corporis veniam aut eveniet.',1,0,'2012-03-15 13:32:00'),(937,169,178,'Quis omnis voluptatem voluptatem quas facere voluptatem. Enim perferendis necessitatibus dolorem quas.',1,0,'2016-05-15 17:52:15'),(938,172,138,'Iusto dignissimos qui neque error. Pariatur nostrum odit explicabo praesentium tempora id. Commodi voluptatem error autem. Iste fugit totam dolorem dolor dicta ullam occaecati.',1,1,'1970-12-11 02:20:24'),(939,142,147,'Iure est sint id voluptas. Consequatur molestiae esse saepe vero omnis eum. Et est quis cupiditate.',0,1,'2017-08-03 14:13:54'),(940,151,152,'Quis animi cumque sequi est aut nisi ullam provident. Enim eius quo rem sunt quam maxime. Modi sit sit aut sequi velit molestias sapiente. Labore quisquam consequatur ducimus inventore delectus.',1,0,'1997-01-23 20:39:13'),(941,149,178,'Ad omnis sequi aspernatur. Eligendi fugit ipsum nihil rem architecto. Odio quo fugit laboriosam sint quis.',0,1,'2003-05-08 09:22:20'),(942,179,172,'Molestiae aut nesciunt sapiente ut facilis sed magnam. Provident qui neque rem. Qui omnis velit quisquam qui dolorem cum alias rerum. Qui tenetur placeat et sit nihil.',1,1,'2019-07-29 13:24:39'),(943,186,114,'Sit atque eos qui quis odit optio modi. Ipsam laboriosam facere eum sed est laborum non. Eum quia vel eligendi numquam.',0,0,'1981-05-14 21:07:15'),(944,107,177,'Illo laboriosam repellat est tempora. Tempore eos rerum magnam repellat et velit dolorem. Libero et eum suscipit delectus maiores inventore eos.',0,0,'1987-08-16 08:18:25'),(945,171,119,'Sequi consectetur repellat eum dolores. Consequatur atque nulla eum. Sed perspiciatis eaque nobis aut.',1,1,'2008-03-13 01:04:05'),(946,105,118,'Voluptas est et provident et maxime ut. Quo aut magni et blanditiis. Distinctio magni assumenda eligendi dolor tempore.',0,0,'1979-07-09 10:53:15'),(947,155,136,'Aut deleniti voluptas impedit sapiente at quibusdam asperiores ut. Et odit molestias nihil rerum amet. Aut ratione esse ad quibusdam.',0,1,'1979-01-08 08:21:10'),(948,133,165,'Id ut temporibus exercitationem voluptas neque voluptas. Magni modi culpa id illo quis magnam. Voluptatibus voluptas similique ducimus illo provident dignissimos veritatis. Aut quasi illo provident ad rerum consequuntur.',1,0,'1998-07-05 23:51:47'),(949,181,107,'Quia unde omnis veniam veritatis aut. Tempora fuga molestias dolorem aliquid deserunt.',0,1,'2004-01-12 18:50:46'),(950,196,145,'Eaque consequuntur eveniet voluptas tempora recusandae expedita dolor. Tempore sunt dolorem doloribus dolores doloribus rerum temporibus. Quia veritatis ea cum adipisci eum aut quia. Ullam voluptates minima sed fuga nulla non quo ut.',0,1,'1977-11-07 03:41:39'),(951,187,150,'Sit saepe odit sed fugiat sed. Dolores corrupti maxime enim officia nam in ut. Facilis deleniti molestiae autem sit enim iste voluptatum.',0,0,'1975-09-25 19:17:55'),(952,127,155,'Enim autem soluta eveniet asperiores qui omnis. Fugit in quo nobis id. Sed ut enim hic et facilis ullam.',1,1,'2005-01-21 21:59:04'),(953,128,198,'Optio nemo voluptates vel non. Ea qui et cumque nostrum ut. Fugiat corporis est natus ut quia. Nostrum veritatis dolorem doloribus.',0,1,'2001-04-21 08:09:54'),(954,192,169,'Tempora sint nesciunt in omnis aliquid repudiandae voluptatibus sit. Quod et illum qui. Architecto voluptatibus voluptatem quasi fuga dolores rerum voluptatibus culpa. Enim iure assumenda accusantium facere nisi non consectetur.',0,0,'1982-10-17 13:52:15'),(955,145,143,'Corporis inventore ratione repudiandae. Cum consequuntur est hic tempore culpa accusantium ullam. Voluptate libero architecto ut quae animi non. Eos et aperiam et provident error.',0,1,'2006-10-22 17:57:13'),(956,120,193,'Molestiae expedita maxime perferendis accusamus in voluptatem quasi. Voluptatem consequatur nam dolorum dolores sed ut. Saepe ut reiciendis voluptas ut aut quia quos. Expedita velit ab consequatur et non molestiae quasi sint.',1,0,'2017-09-25 09:59:21'),(957,121,198,'Nobis veniam et laboriosam illo quae nisi nihil praesentium. Sit soluta quo unde totam.',0,1,'2018-10-22 14:55:51'),(958,165,106,'Ullam et autem minima architecto ea ipsum perspiciatis. Rerum quae rem et minima optio. Et aspernatur quaerat velit velit. Dolorem voluptatem sed autem.',0,0,'2013-09-30 11:12:28'),(959,111,171,'Rerum doloremque sunt sit laboriosam. Eaque ea ad molestiae.',0,1,'1987-02-23 16:52:30'),(960,182,182,'Pariatur corrupti vel neque non debitis. Sunt vel quis sed rerum veniam eveniet autem. Minima eos molestiae sequi ut. Ipsa eum optio accusamus adipisci voluptatem debitis.',1,0,'1992-02-21 04:30:55'),(961,189,187,'Optio enim non dolor eveniet dicta. Debitis quod ut nisi rerum est velit eaque explicabo. Asperiores quos qui in cupiditate omnis rerum tenetur.',0,0,'1977-01-25 11:40:51'),(962,200,144,'Sed et tempora vel quidem. Error aut voluptatem quasi nisi. Temporibus vero vitae vitae ut cupiditate consectetur et.',1,0,'1998-01-19 11:59:12'),(963,123,133,'Voluptatem officiis possimus ut repudiandae. Voluptas et deleniti qui id et et sint aspernatur. Molestiae voluptas fugiat recusandae odit. Consequatur est reiciendis corrupti assumenda consequatur sint molestias.',0,1,'2015-12-11 22:33:45'),(964,108,103,'Nesciunt saepe enim voluptates placeat omnis ut incidunt qui. Ex quo consectetur vel.',0,0,'1979-10-12 08:58:26'),(965,139,104,'Nostrum aut fugiat ut laudantium voluptas officia. Accusantium quidem qui ipsum. Sit quaerat atque ut voluptates sint est eius.',1,1,'1996-10-07 12:02:23'),(966,148,125,'Aut suscipit vel consequatur odio et voluptatem adipisci. Excepturi porro fuga placeat accusamus consequatur dolor qui voluptatum. Aut similique aut repellendus suscipit ut aut.',0,1,'1973-08-28 14:28:57'),(967,154,174,'In porro reiciendis ducimus minus quaerat. Exercitationem consequatur impedit accusantium reiciendis. Quia nesciunt qui quisquam nulla.',0,1,'1985-12-04 23:38:13'),(968,180,181,'Sit explicabo repellendus voluptas esse et nobis. Sit consequatur similique voluptatem sit esse dolor. Dolor porro hic porro perferendis quis. Veritatis exercitationem dicta et officiis. Ipsa tenetur aut officia perferendis.',1,0,'2008-12-07 21:14:30'),(969,172,172,'Minima placeat ut modi quia magnam eius. Laboriosam accusamus quia dicta est quia. Sed dolor occaecati omnis possimus impedit ad. Sed quis et officia fugit dolor omnis.',0,1,'1997-12-06 14:25:38'),(970,150,116,'Dolores minus magnam esse facere praesentium. Qui temporibus iusto a rerum voluptatem fugiat nobis. Facere dolore eveniet ea.',0,0,'2001-01-25 00:48:16'),(971,114,169,'Asperiores est animi tempora aut voluptatem ea. Facilis iste illo mollitia explicabo. Aut quos cum quae eaque non. In aut aut animi quidem sed quidem.',1,0,'2018-02-21 03:56:54'),(972,109,134,'Aliquid sit officia rem minus. Id repellendus et adipisci dolorum asperiores itaque error. Iste voluptatem ab fuga neque. Consequatur sint quas eos iusto.',1,0,'1985-01-22 02:16:53'),(973,167,173,'Quod architecto omnis tempora quis eaque. Sunt quia reiciendis dolores aut. Accusamus natus aspernatur impedit et eum.',0,1,'2006-03-11 02:01:39'),(974,140,178,'Ea quis quae ab iste vel. Facilis nemo unde repellendus repellendus vero. Rerum temporibus delectus sunt.',1,0,'1989-11-27 21:10:11'),(975,144,121,'Doloremque nisi eius eum autem. Laudantium non commodi veniam qui. Sit voluptatem delectus eius eius veritatis harum blanditiis. Dolores consectetur enim quia perspiciatis dolor non rem.',0,0,'2000-03-03 14:21:28'),(976,159,132,'Dolores architecto tempore rerum non hic laboriosam. Fugiat et consequatur aut quaerat. Fugit id perspiciatis neque magni odio eos dolores.',1,0,'1989-12-15 20:08:50'),(977,107,159,'Assumenda pariatur mollitia eum inventore inventore voluptas saepe. Neque laudantium atque ex aut quia. Sunt vitae repellendus quidem. Sint earum dignissimos vero. Et totam nostrum et quas.',0,1,'2015-08-19 07:59:24'),(978,176,129,'Quod quos et ut ea laudantium et reiciendis. Ut quia aut et qui nam. Expedita ad rerum error quaerat. Ipsam eligendi est provident non debitis et est.',0,0,'2017-09-22 06:06:14'),(979,191,184,'Ab aut at eligendi alias. Et consequatur aut enim numquam vitae. Ab laborum atque mollitia quia atque. Assumenda minima commodi sed.',1,0,'1990-01-30 10:45:29'),(980,132,129,'Repellat praesentium dolores autem earum possimus animi et. Nostrum velit et voluptatem distinctio. Officia rerum perspiciatis numquam et. Similique est sed et sint numquam architecto.',1,1,'2017-10-02 06:19:40'),(981,187,179,'Quia amet consequuntur consequatur error et. Non quibusdam at qui officia et magni. Magni sint fuga adipisci quia nisi. Ut enim dicta accusantium exercitationem voluptate. Quidem iste aut dolore esse eaque.',1,1,'2017-03-22 08:35:17'),(982,154,141,'Nobis vel rerum perferendis quia officiis et alias. Cupiditate voluptates vel nostrum animi et dolor pariatur ducimus. Facilis libero quisquam provident ea ipsam voluptas.',0,0,'1999-11-18 21:34:22'),(983,153,133,'Quis quo facilis perspiciatis voluptatem libero enim. Vitae vel ut ut. Ut qui atque voluptatem quia ipsam cupiditate.',0,0,'1985-05-08 17:33:01'),(984,122,124,'Et rerum iure officia minus. Magni nulla minus explicabo explicabo non soluta. Dignissimos eaque quia corporis ut.',1,0,'2005-11-01 13:10:02'),(985,104,171,'Nemo ad facilis officia sint. Sed quasi officia aut quia reprehenderit id. Cupiditate nesciunt velit est assumenda expedita quas.',1,0,'2020-05-12 14:10:45'),(986,139,118,'Quae quo id aliquam molestiae. Quo autem sed iure cupiditate. Sed error accusamus incidunt accusamus suscipit consequuntur vero ea.',0,1,'2006-10-21 23:26:30'),(987,140,147,'Harum nobis expedita in quod. Aspernatur molestias temporibus autem qui. A omnis aut molestiae culpa.',0,0,'2002-05-25 10:04:03'),(988,152,106,'Dolor hic quis quis. Voluptates ut quos eos amet. Dolorem est vitae sint sed odit.',1,1,'2018-04-13 14:27:48'),(989,120,191,'Amet est est molestiae voluptas quos enim libero. Dicta quos tempore iste quis. Vel in non vitae. Quia excepturi ducimus nihil ea hic quia iure sapiente.',1,1,'1983-04-27 08:32:59'),(990,184,163,'Doloribus autem blanditiis sint distinctio exercitationem deserunt. Esse eius voluptas quia iusto dolores voluptatum.',0,1,'1982-05-25 23:52:57'),(991,112,143,'Eum distinctio sit laborum voluptatem quia ea perspiciatis. Ex molestias nesciunt et impedit sed est id. Nesciunt aspernatur alias dolores non minus incidunt. In et officiis quia pariatur ipsam.',1,1,'1978-09-26 02:36:46'),(992,195,119,'Pariatur nihil maxime qui tempora velit sunt eum quaerat. Et voluptatem et fuga quam ullam nam. Reiciendis id ratione eveniet dolores. Fuga similique reiciendis omnis natus ipsum est.',0,1,'1993-09-16 04:58:59'),(993,101,170,'Voluptatem aut amet nulla amet fuga. Libero recusandae dolore id aut aut nobis excepturi. Officiis dicta numquam laborum fugit dolor quia necessitatibus. Odio ipsa ea blanditiis in consequuntur.',1,0,'1975-01-02 12:59:57'),(994,148,191,'Repellendus rerum quis voluptatibus voluptatem reprehenderit aut. Totam ipsam tenetur eum consequuntur. Enim neque consequatur perferendis quo.',0,0,'2000-10-03 19:17:54'),(995,153,179,'Non dicta laborum et. Officia labore totam placeat facere quis. Nobis optio recusandae quis blanditiis. Et ipsum assumenda sed rerum dolor. Magni quaerat facilis voluptatem.',0,1,'2012-01-30 16:24:39'),(996,119,140,'Dolorem architecto nesciunt ea qui animi nihil enim. In sint necessitatibus blanditiis necessitatibus et architecto. Similique numquam vel id explicabo.',0,0,'1994-12-02 16:53:30'),(997,158,173,'Et occaecati voluptatem veniam modi rerum. Illo sequi voluptatem itaque commodi voluptatem quas. Sequi cupiditate doloremque assumenda aut libero aut itaque dolor.',1,1,'2008-10-27 11:13:02'),(998,180,110,'Architecto ullam neque vitae. Qui ipsum et est qui est. Officiis molestiae deserunt necessitatibus consectetur aliquam. Reprehenderit aperiam magni quas quod assumenda ut.',1,1,'2015-06-23 04:10:50'),(999,105,102,'Voluptates aut voluptate et occaecati ut unde dolorem. Molestias qui expedita officiis itaque. Sit soluta quidem eaque eum quod aut ea.',1,1,'2003-07-28 17:24:57'),(1000,133,109,'Reprehenderit qui aliquam qui non aut aut. Harum officiis maiores minima quo. Quis perspiciatis dignissimos sapiente incidunt earum aperiam autem iusto. Sunt dolores ipsam deserunt consequuntur dolorem.',0,1,'1970-08-13 00:14:45');
/*!40000 ALTER TABLE `messages` ENABLE KEYS */;
UNLOCK TABLES;

--
-- Table structure for table `profiles`
--

DROP TABLE IF EXISTS `profiles`;
/*!40101 SET @saved_cs_client     = @@character_set_client */;
/*!50503 SET character_set_client = utf8mb4 */;
CREATE TABLE `profiles` (
  `user_id` int unsigned NOT NULL,
  `gender` char(1) CHARACTER SET utf8 COLLATE utf8_unicode_ci NOT NULL,
  `birthday` date DEFAULT NULL,
  `city` varchar(130) CHARACTER SET utf8 COLLATE utf8_unicode_ci DEFAULT NULL,
  `country` varchar(130) CHARACTER SET utf8 COLLATE utf8_unicode_ci DEFAULT NULL,
  `created_at` datetime DEFAULT CURRENT_TIMESTAMP,
  `updated_at` datetime DEFAULT CURRENT_TIMESTAMP ON UPDATE CURRENT_TIMESTAMP,
  PRIMARY KEY (`user_id`)
) ENGINE=InnoDB DEFAULT CHARSET=utf8 COLLATE=utf8_unicode_ci;
/*!40101 SET character_set_client = @saved_cs_client */;

--
-- Dumping data for table `profiles`
--

LOCK TABLES `profiles` WRITE;
/*!40000 ALTER TABLE `profiles` DISABLE KEYS */;
INSERT INTO `profiles` VALUES (101,'m','1975-05-06','Charleyshire','Tokelau','2018-05-12 10:04:44','2019-12-27 03:20:00'),(102,'m','1982-01-11','Noemieside','Angola','2016-01-23 18:08:00','1997-12-09 06:50:00'),(103,'f','1989-11-24','Port Dortha','Saint Barthelemy','1981-05-08 12:13:38','2013-08-19 06:25:40'),(104,'f','1975-04-11','South Saul','Mongolia','2011-08-15 19:38:25','2001-06-01 03:54:17'),(105,'m','1982-03-11','Kimberlyville','Italy','2003-03-17 05:45:01','2005-06-23 13:14:25'),(106,'m','1983-12-24','Carleemouth','Niger','2015-11-21 02:39:59','1995-11-14 03:00:23'),(107,'m','1990-08-03','New Alfred','Andorra','1974-02-22 15:51:50','2001-07-21 21:33:11'),(108,'m','1973-05-19','North Hershel','Gambia','2000-11-16 11:30:03','2018-03-18 11:03:40'),(109,'m','2016-11-22','Lake Isaacville','Romania','1990-02-13 03:34:25','1992-02-06 08:16:10'),(110,'m','2014-06-03','Lake Jaeden','Lebanon','2006-02-09 15:07:36','1978-09-19 01:40:23'),(111,'f','1997-09-06','Joshuabury','Guinea','2007-04-29 06:30:35','2008-06-07 17:48:56'),(112,'m','2002-07-24','Mannton','Japan','2015-08-26 00:55:07','2002-11-27 16:13:12'),(113,'f','1999-11-01','Desireemouth','Slovenia','1980-02-01 13:46:06','1986-02-12 04:14:37'),(114,'f','2014-09-22','Madisenfurt','Lao People\'s Democratic Republic','2015-01-30 22:57:10','1974-07-02 13:54:19'),(115,'f','1984-06-22','Lake Esthertown','Bouvet Island (Bouvetoya)','2008-02-24 07:42:55','1973-12-25 05:06:03'),(116,'m','2011-07-29','New Athena','Zimbabwe','1989-01-08 11:53:57','1989-11-23 14:26:57'),(117,'f','2014-04-08','Schambergerport','Mongolia','2016-07-07 20:57:02','2009-06-26 15:36:33'),(118,'f','1975-03-12','Efrainton','Serbia','1985-09-10 13:44:25','1985-10-26 11:35:59'),(119,'m','2004-06-20','Robertfort','Cuba','2015-02-20 19:10:54','2006-11-25 23:19:53'),(120,'f','1987-09-20','New Mayefurt','Iceland','1980-08-22 05:26:09','1982-06-28 16:05:08'),(121,'m','2002-10-18','West Ettie','Paraguay','1976-02-18 17:49:13','2000-09-18 23:31:22'),(122,'m','2014-09-19','Theodoreside','Micronesia','1993-07-11 07:57:50','2019-02-25 15:08:23'),(123,'m','1995-11-03','Lake Noel','Brazil','1976-02-06 11:46:36','1981-01-06 11:37:08'),(124,'f','1993-06-21','Lake Nyasia','Anguilla','1982-05-14 19:31:38','2009-09-15 10:06:06'),(125,'m','1980-01-26','Mayerview','Mali','1977-07-28 00:02:14','2009-02-27 09:27:31'),(126,'m','2018-09-12','Jacobibury','Morocco','2000-01-04 02:58:16','1973-10-09 13:03:32'),(127,'f','1978-03-19','Roselynville','Cote d\'Ivoire','1984-07-31 15:49:12','1982-12-03 20:23:45'),(128,'m','1997-11-21','Williamsonhaven','Poland','1985-12-01 09:00:09','2017-02-12 07:55:37'),(129,'m','2014-04-10','Kuhicmouth','Saint Pierre and Miquelon','1984-07-09 08:20:35','1993-10-30 12:26:57'),(130,'f','1999-02-22','New Rhea','Paraguay','1994-01-26 04:54:08','1971-06-13 15:59:15'),(131,'f','1978-01-19','East Travis','Micronesia','1980-04-19 23:07:41','1996-02-28 09:09:13'),(132,'m','1984-03-17','Ceceliastad','Saudi Arabia','2006-04-22 01:24:34','1978-11-16 00:31:57'),(133,'f','2014-11-05','Rolandostad','Dominican Republic','2001-01-16 19:21:47','1999-12-07 22:59:53'),(134,'f','2007-04-07','East Ryleyside','Congo','2009-02-04 18:12:13','1997-01-28 00:20:16'),(135,'f','2009-08-18','Vanceville','Saint Pierre and Miquelon','1972-10-18 19:22:05','2016-09-03 18:43:56'),(136,'f','2012-09-23','Theodoreborough','Guam','1996-08-25 13:26:23','1971-10-21 06:50:17'),(137,'m','1995-12-28','North Felicia','Tonga','2013-04-10 17:52:27','2019-01-30 20:04:58'),(138,'m','2003-11-01','Clarastad','Moldova','2014-11-09 04:31:33','1971-07-03 14:07:27'),(139,'m','1973-06-30','Keyonshire','Cyprus','1999-01-12 18:04:56','1979-09-02 10:54:08'),(140,'f','1991-09-04','Parisianland','Christmas Island','1982-08-27 19:07:01','1974-09-14 23:07:37'),(141,'f','1973-09-15','West Gracielatown','Cambodia','1993-03-16 12:31:44','1996-04-12 01:46:05'),(142,'f','1983-04-28','North Damion','Uruguay','2001-12-03 01:45:58','1981-02-18 18:45:06'),(143,'m','1977-11-10','Volkmanmouth','Saint Barthelemy','1980-12-25 13:40:43','1995-04-19 16:33:47'),(144,'m','1976-08-23','Bednarfort','United States Minor Outlying Islands','1979-07-19 16:07:43','2011-10-30 15:41:37'),(145,'f','2005-11-13','South Jessycastad','Philippines','1978-01-21 18:45:52','1991-06-22 17:18:05'),(146,'f','1994-04-06','Calefurt','Slovenia','2013-12-10 19:03:03','2011-01-22 08:04:14'),(147,'f','2017-09-09','South Kristopher','Christmas Island','2004-06-15 15:34:32','2005-04-06 21:55:23'),(148,'m','1970-10-10','New Arafort','Kiribati','2015-08-16 13:59:46','2007-05-15 07:00:04'),(149,'f','1993-03-15','Giovaniview','Ethiopia','2005-09-16 00:48:42','1980-11-22 05:57:56'),(150,'f','2010-04-20','Sistertown','Uzbekistan','1984-12-25 18:42:28','1991-01-06 15:26:55'),(151,'f','1995-01-19','Stokesburgh','Chile','2000-01-11 22:05:10','2008-12-03 07:58:06'),(152,'f','1998-08-19','Reynoldsfurt','Mauritania','1971-02-23 09:15:57','2007-12-11 15:51:12'),(153,'f','2009-11-11','South Jocelyn','Ethiopia','1990-02-18 05:19:16','1991-12-05 12:04:17'),(154,'m','1989-09-27','East Dayne','Aruba','1984-06-25 01:25:08','1993-09-03 06:14:32'),(155,'m','1978-09-01','Marksside','Angola','1997-11-10 14:02:05','1977-06-15 14:59:21'),(156,'m','2016-02-18','South Nikkoburgh','Tanzania','1979-07-04 12:42:19','2007-12-04 16:08:55'),(157,'m','1983-12-25','Watsonfort','Guinea','1980-02-06 10:05:04','1999-04-22 05:14:03'),(158,'f','2007-05-27','Walkerview','Taiwan','1995-07-25 15:00:27','1993-08-12 13:47:01'),(159,'f','1997-10-27','South Maggie','Montenegro','1979-12-20 21:10:58','2002-09-25 19:45:22'),(160,'f','2012-10-10','Lake Carissa','Chad','1999-05-05 18:16:24','2011-03-04 19:50:04'),(161,'f','1988-03-22','Port Mariana','Ecuador','2018-09-03 03:14:22','1978-06-05 06:37:31'),(162,'f','1977-04-14','Corkeryton','Myanmar','1974-09-16 03:57:05','1987-02-02 22:17:43'),(163,'m','1995-06-12','Dexterville','Wallis and Futuna','1976-10-10 20:24:38','1984-07-26 17:35:22'),(164,'m','1974-12-23','Port Joel','Iceland','2006-11-21 03:23:10','2013-06-27 09:05:06'),(165,'m','1974-08-10','South Rashad','Brazil','1970-03-16 09:46:42','1979-06-03 21:25:37'),(166,'m','1972-12-03','Luciennemouth','Benin','2013-08-05 03:43:31','1982-07-09 17:30:05'),(167,'f','2013-04-29','Bruentown','Iceland','1979-02-12 07:37:25','1974-10-03 23:41:54'),(168,'f','1986-05-05','Andersonburgh','Albania','1977-12-31 02:07:25','1980-01-03 08:34:10'),(169,'f','1983-09-08','Larkinside','Guinea','1997-06-09 21:35:23','1985-05-04 16:24:08'),(170,'m','1994-03-27','North Percy','Seychelles','1983-06-08 15:29:48','2001-05-19 21:43:24'),(171,'m','2016-08-14','Ashleyview','Cyprus','2003-11-07 15:37:20','1990-04-16 23:24:38'),(172,'f','2011-10-22','Rafaelhaven','Mongolia','1979-03-26 08:31:39','1982-03-04 02:09:43'),(173,'f','2016-08-07','West Damien','Lao People\'s Democratic Republic','2016-07-31 09:17:34','1991-03-01 04:40:36'),(174,'f','2013-05-04','Keelingstad','Lebanon','2003-09-17 03:37:27','2006-05-10 12:40:40'),(175,'f','2000-10-24','Gerholdmouth','Western Sahara','1995-10-01 13:10:03','2018-07-27 20:16:58'),(176,'f','2003-07-30','Lake Wandamouth','Serbia','2014-08-23 16:33:49','1971-11-09 23:06:09'),(177,'f','1998-04-04','North Joliestad','Philippines','1994-11-21 03:57:20','2009-05-11 08:52:16'),(178,'m','2003-03-04','South Norachester','Russian Federation','1977-03-23 22:24:48','1979-09-10 13:00:24'),(179,'f','2002-04-10','Maymiehaven','Saint Pierre and Miquelon','1987-05-21 18:44:50','1979-04-20 10:18:09'),(180,'m','2013-02-09','Metzburgh','Tajikistan','2005-11-02 14:06:33','1994-01-29 02:59:40'),(181,'f','1980-05-30','Deckowshire','Barbados','1993-12-27 10:39:09','1988-12-18 22:48:12'),(182,'f','1994-07-01','Millerfort','Canada','1994-03-17 10:11:30','1970-01-16 19:23:03'),(183,'m','2006-12-10','Altenwerthside','Norfolk Island','1987-07-13 10:52:05','1973-06-02 22:34:39'),(184,'m','2017-10-21','East Estefania','Tunisia','2010-11-23 01:33:37','1995-03-02 04:19:58'),(185,'f','1977-08-12','Maxton','Djibouti','1995-09-10 23:09:01','2000-08-17 23:26:50'),(186,'m','2015-07-06','Lake Angelinestad','Falkland Islands (Malvinas)','1990-11-18 12:06:52','1973-05-02 12:40:03'),(187,'m','2000-03-27','Lake Dougborough','Italy','1970-04-26 10:36:20','2010-07-21 09:10:06'),(188,'f','1982-08-02','Beaushire','Uzbekistan','2012-07-28 08:33:47','1979-02-07 19:17:27'),(189,'f','2001-08-02','Olafton','Wallis and Futuna','1999-12-14 22:27:33','2018-10-26 17:27:09'),(190,'m','1984-03-15','South Susana','Ethiopia','1996-09-14 21:23:32','2016-03-07 10:04:22'),(191,'m','2005-04-25','Port Luigi','Algeria','2008-03-07 18:39:19','1985-01-16 09:38:48'),(192,'m','1987-01-04','Miltonberg','Guyana','2007-12-11 02:13:52','1990-06-29 08:01:58'),(193,'m','2019-01-18','South Antwanmouth','Burundi','2015-03-26 14:04:07','1998-05-19 08:25:28'),(194,'m','1987-06-25','Kaneview','Djibouti','2002-02-27 19:59:59','1983-06-06 05:11:34'),(195,'m','1997-01-22','Glendachester','Korea','2016-12-20 23:25:06','1999-10-23 12:57:17'),(196,'m','1989-09-01','North Eleanoraberg','Sierra Leone','1980-05-31 20:12:15','1988-07-31 00:31:44'),(197,'m','2010-08-24','Schimmelshire','Kiribati','2000-08-26 20:53:40','1978-02-04 23:24:34'),(198,'f','1991-07-30','Fisherport','Vietnam','1973-01-20 17:54:56','2017-07-01 14:58:46'),(199,'f','2006-04-04','Juliomouth','Romania','1997-01-01 16:11:51','2012-05-02 14:39:19'),(200,'m','1981-10-03','Irmachester','India','2006-09-29 18:59:19','1996-11-12 03:17:17');
/*!40000 ALTER TABLE `profiles` ENABLE KEYS */;
UNLOCK TABLES;

--
-- Table structure for table `users`
--

DROP TABLE IF EXISTS `users`;
/*!40101 SET @saved_cs_client     = @@character_set_client */;
/*!50503 SET character_set_client = utf8mb4 */;
CREATE TABLE `users` (
  `id` int unsigned NOT NULL AUTO_INCREMENT,
  `first_name` varchar(100) CHARACTER SET utf8 COLLATE utf8_unicode_ci NOT NULL,
  `last_name` varchar(100) CHARACTER SET utf8 COLLATE utf8_unicode_ci NOT NULL,
  `email` varchar(100) CHARACTER SET utf8 COLLATE utf8_unicode_ci NOT NULL,
  `phone` varchar(100) CHARACTER SET utf8 COLLATE utf8_unicode_ci NOT NULL,
  `created_at` datetime DEFAULT CURRENT_TIMESTAMP,
  `updated_at` datetime DEFAULT CURRENT_TIMESTAMP ON UPDATE CURRENT_TIMESTAMP,
  PRIMARY KEY (`id`),
  UNIQUE KEY `email` (`email`),
  UNIQUE KEY `phone` (`phone`)
) ENGINE=InnoDB AUTO_INCREMENT=201 DEFAULT CHARSET=utf8 COLLATE=utf8_unicode_ci;
/*!40101 SET character_set_client = @saved_cs_client */;

--
-- Dumping data for table `users`
--

LOCK TABLES `users` WRITE;
/*!40000 ALTER TABLE `users` DISABLE KEYS */;
INSERT INTO `users` VALUES (101,'Brenda','Hessel','choppe@example.org','(890)935-4808x952','2007-04-19 16:06:04','1988-02-15 19:02:22'),(102,'Laura','Wuckert','junius.gibson@example.org','(866)262-3920x96167','2019-05-18 19:42:20','1987-08-18 13:26:38'),(103,'Amparo','DuBuque','ismael.hyatt@example.net','1-948-107-0868','2007-11-07 10:50:15','1977-10-17 23:53:37'),(104,'Loy','Smith','angelo17@example.net','1-546-122-8810','1985-02-12 23:16:56','2016-02-13 12:31:52'),(105,'Guido','Bogan','igusikowski@example.org','03822955341','1997-09-14 10:53:43','1989-01-10 21:39:34'),(106,'Denis','Hartmann','alphonso20@example.com','233-171-6183','1975-10-03 16:35:37','1997-08-13 03:33:38'),(107,'Ignatius','Bashirian','koch.kris@example.org','(404)650-9148x8609','2011-01-01 23:45:06','1971-07-25 12:57:52'),(108,'Leta','Schamberger','katrine21@example.net','(325)238-2939','1976-09-27 02:16:10','1974-05-07 17:12:47'),(109,'Brittany','Klocko','jazlyn25@example.com','(011)492-1709x6869','2006-03-13 07:04:10','1979-12-14 16:09:00'),(110,'Marcos','Haag','epagac@example.com','1-309-722-8625','1995-09-28 11:49:32','1996-09-16 14:45:41'),(111,'Marianne','Paucek','florian.jacobson@example.com','848.857.8528x43233','2019-04-17 13:48:01','1993-11-22 00:26:26'),(112,'Shanelle','Rutherford','schiller.emerson@example.org','+93(8)8185485352','2012-12-03 00:59:02','1992-11-21 00:56:29'),(113,'Jameson','Predovic','arvel05@example.com','1-410-613-5398x896','1982-11-10 04:31:13','1976-12-19 07:17:10'),(114,'Elmer','Harvey','hand.alberta@example.net','1-830-006-9216','2017-02-27 07:33:21','1986-03-12 09:17:58'),(115,'Jarrod','Mraz','ida.grimes@example.org','1-385-584-2670x62283','1997-10-21 16:12:02','2002-12-11 23:43:24'),(116,'Aubree','Altenwerth','pkling@example.org','769.856.4628x9762','2016-09-12 02:20:48','2006-01-18 15:31:31'),(117,'Colby','Robel','wullrich@example.org','1-469-462-5824','2010-09-27 03:24:32','1977-05-02 15:42:35'),(118,'Colton','Kautzer','arvilla.jerde@example.com','09783678975','2017-04-12 04:57:31','1973-11-24 20:21:19'),(119,'Lois','Kerluke','tpfannerstill@example.com','927-393-6091','1972-06-25 14:32:30','2011-10-27 16:51:32'),(120,'Devyn','Harvey','wschneider@example.net','283.089.4477x900','1989-05-04 11:48:49','2000-10-30 23:09:32'),(121,'Marcelle','Kling','zmuller@example.com','721-174-1890x6498','1982-07-23 06:08:02','1994-09-17 19:35:09'),(122,'Jessika','Ritchie','fcollins@example.net','04320935076','1987-12-21 18:14:25','1984-09-22 11:21:49'),(123,'Peggie','Bogan','edwin.boyle@example.org','1-912-776-3665','1987-04-03 19:57:41','2013-12-10 11:18:44'),(124,'Russel','Kris','vabernathy@example.net','1-331-619-8907x5545','1977-03-19 03:46:14','1970-05-27 10:46:51'),(125,'Juana','Lesch','yhahn@example.net','670.203.0276x229','2014-02-24 08:38:27','1984-06-19 01:58:29'),(126,'Pamela','Ankunding','lora.hirthe@example.org','961.118.1924','2019-10-26 19:40:57','1993-07-13 11:42:17'),(127,'Karlee','Gottlieb','onie.fadel@example.net','1-311-162-5187x3550','2013-11-26 02:43:29','1988-11-20 08:44:23'),(128,'Yoshiko','Nitzsche','xlakin@example.com','572-784-2535x388','2018-08-05 08:38:37','1984-10-22 02:01:38'),(129,'Yesenia','Quitzon','vmertz@example.org','01372241029','1980-02-01 06:11:56','1983-08-20 21:33:50'),(130,'Telly','Bechtelar','ethan64@example.org','132.487.3237x280','1979-11-29 12:47:46','1990-11-17 23:16:08'),(131,'Isaac','Koss','quitzon.donavon@example.com','507.041.9702x2180','2002-06-23 08:05:56','2012-03-12 21:09:28'),(132,'Litzy','Champlin','eulah.dooley@example.com','1-466-732-7248','2007-01-13 21:08:41','1991-01-16 14:59:47'),(133,'Marcella','Yost','alice93@example.org','468.356.2812x5480','1974-01-29 09:35:33','1994-07-15 14:27:36'),(134,'Timothy','DuBuque','elyssa.hansen@example.com','936.865.6160x8249','2007-06-29 19:14:47','1976-11-28 20:48:32'),(135,'Tamara','Mohr','lubowitz.judd@example.net','(524)190-3077x7397','1986-11-28 22:15:22','1981-02-01 06:57:00'),(136,'Evangeline','Will','kathleen24@example.org','(308)772-4976','1993-11-14 01:33:54','2005-05-20 17:55:55'),(137,'Graciela','Mosciski','breanne07@example.com','1-383-533-3843','2001-01-10 21:47:09','1976-10-06 16:02:17'),(138,'Michael','Mann','ken.kihn@example.net','+21(8)8968519094','1999-01-01 07:24:40','1988-08-09 05:03:18'),(139,'Eldora','Hartmann','grace.watsica@example.org','1-814-322-0511x07165','2001-04-21 07:49:38','2001-07-15 15:43:08'),(140,'Blanca','Rowe','o\'connell.tyson@example.com','1-944-943-8756','2010-12-28 03:21:23','1986-03-29 11:47:43'),(141,'Vallie','Thiel','birdie74@example.com','1-506-964-7917x50341','1992-06-30 02:37:12','2013-09-12 01:44:31'),(142,'Shanel','Senger','marvin.sam@example.org','(975)587-8737','2013-02-10 18:51:23','2011-08-12 04:50:47'),(143,'Estel','Heathcote','janick03@example.com','125.058.3885x504','1988-03-17 09:54:08','1988-11-27 13:21:58'),(144,'Neha','Bruen','cathryn15@example.org','1-639-270-0394x850','1983-01-03 02:09:47','1992-04-23 09:22:58'),(145,'Gwen','Runolfsdottir','robb59@example.net','1-094-169-0063','2018-03-21 11:00:00','2009-07-20 09:53:15'),(146,'Cassidy','Lesch','arianna.block@example.com','1-257-477-3468','1994-03-23 20:20:39','1991-08-24 01:18:36'),(147,'Hilma','Fahey','charity78@example.com','1-261-912-5278x426','2012-10-18 06:13:11','1976-03-24 11:05:18'),(148,'Haleigh','Zboncak','fnolan@example.org','053.033.0325','1975-09-19 18:57:25','2016-12-29 23:08:48'),(149,'Garrick','Hayes','hilll.merlin@example.org','1-883-585-1222x0772','2001-08-18 23:14:22','1992-10-15 12:54:26'),(150,'Anissa','Sawayn','gpacocha@example.com','587-749-9433','1974-01-23 19:26:20','1983-01-25 19:47:28'),(151,'Alfredo','Kohler','aufderhar.laila@example.net','101.944.2926','1980-12-14 16:45:52','2010-11-10 00:29:52'),(152,'Laurie','Sporer','freichert@example.org','853-411-0326x71493','2002-05-09 13:36:29','1970-03-26 17:15:32'),(153,'Riley','Franecki','ecollier@example.net','714-253-3527x9111','1998-01-24 20:10:30','1973-12-04 19:54:49'),(154,'Tatyana','Smitham','champlin.maria@example.org','267.635.6095x06987','1991-05-27 18:58:25','2016-08-21 01:33:43'),(155,'Angelo','Barton','sterling.parker@example.com','1-944-787-8936','1985-10-21 20:51:14','2007-11-07 10:29:15'),(156,'Manuel','Williamson','keshaun51@example.net','1-776-813-3370x408','1982-04-15 12:49:09','2010-12-07 22:23:12'),(157,'Berta','Bahringer','soledad.schiller@example.net','769-298-1037','1996-03-29 13:10:51','2005-01-26 10:55:16'),(158,'Boyd','Kemmer','sawayn.mabel@example.net','(228)333-6804','1999-04-15 09:51:15','1980-03-06 03:13:42'),(159,'Laurie','Hermiston','delpha52@example.com','(290)728-6504x546','2015-09-23 15:05:45','1971-01-24 07:09:41'),(160,'Bennett','Hauck','shanahan.scotty@example.net','(196)955-1948','1973-07-21 21:30:41','1999-07-31 04:45:49'),(161,'George','McGlynn','fanny48@example.org','726.386.7010x5110','2018-04-20 07:46:17','2006-08-21 11:34:41'),(162,'Rey','Feil','kieran02@example.org','(305)711-0887x1274','2005-08-26 03:26:09','2016-05-10 06:38:53'),(163,'William','O\'Keefe','krajcik.rosalia@example.com','1-838-412-8742','2000-04-29 20:58:28','1984-03-16 15:32:29'),(164,'Vernie','Armstrong','boyle.wyman@example.net','756-437-2326x2888','1997-10-27 23:34:54','1998-11-21 17:10:10'),(165,'Mozell','Turcotte','bthiel@example.org','1-463-445-5900','2012-02-08 15:34:39','1975-07-23 11:14:53'),(166,'Quinten','Schultz','mills.geovany@example.com','478.985.6374','1986-10-14 04:03:46','1972-04-07 02:48:25'),(167,'Macy','Dooley','rosenbaum.rafael@example.com','(993)342-3603','1977-10-23 15:20:39','2014-07-03 03:31:11'),(168,'Stacy','Okuneva','rickie96@example.net','1-959-947-3927x582','1996-05-26 10:52:23','1982-05-21 20:32:31'),(169,'Chris','Schiller','douglas.ullrich@example.net','091.974.1138x14776','1990-01-12 16:23:45','2013-09-19 17:32:17'),(170,'Winnifred','Mayer','rstracke@example.net','1-271-952-0868','2019-12-27 11:54:36','2007-05-22 08:22:27'),(171,'Gino','Reynolds','rippin.daisy@example.net','1-677-178-4440x27529','2012-12-20 00:21:49','1992-05-31 11:21:30'),(172,'Brycen','Dickens','laisha43@example.com','1-775-010-5031x6552','1989-12-19 05:05:57','2008-11-06 03:42:12'),(173,'Kennith','Ruecker','bradly00@example.net','772.749.0463x3691','2012-06-25 20:57:52','1992-07-01 15:44:44'),(174,'Pedro','Pacocha','kromaguera@example.net','(613)494-8616','1984-07-20 17:39:52','1971-11-05 10:14:38'),(175,'Margaretta','Lesch','kennedi86@example.net','08940688985','1985-04-29 06:35:26','1995-09-22 14:55:40'),(176,'Britney','Donnelly','io\'connell@example.com','210-231-3262','2019-11-24 14:57:24','2002-04-29 15:09:29'),(177,'Ray','Morissette','cathryn37@example.com','036-140-3712x98806','1972-03-12 11:39:09','1979-09-04 12:44:22'),(178,'Arvid','Casper','coleman.mante@example.com','1-102-600-4351','1987-03-11 00:09:10','2001-03-24 15:34:26'),(179,'Ciara','Cummerata','kaden52@example.org','498.761.1171x754','1989-03-20 07:56:17','1981-10-10 00:56:20'),(180,'Efrain','Moore','bednar.alek@example.net','290-446-8759x886','2004-02-14 17:06:56','2013-08-18 00:53:13'),(181,'Emile','Considine','ova63@example.com','248.169.2558','1994-04-11 20:23:04','2013-05-24 22:06:36'),(182,'Petra','Price','dlarson@example.net','305-647-4081x049','2009-04-09 22:50:19','1996-01-15 01:10:08'),(183,'Emelia','Gleason','clare45@example.org','1-379-475-2943','1974-07-23 04:37:55','2003-07-13 07:48:45'),(184,'Virgil','Skiles','thad87@example.com','872.122.5169','2009-12-18 08:52:44','1971-04-21 09:36:34'),(185,'Trevion','Friesen','alfreda.sipes@example.org','1-464-803-5709','2001-07-14 11:24:11','1974-12-21 07:58:57'),(186,'Pietro','Hills','royal27@example.net','798-700-7605x334','2010-11-03 05:43:14','2006-01-08 13:38:17'),(187,'Josefina','Fay','marvin.renee@example.com','984.448.7380x339','1998-11-11 13:25:34','2017-07-02 00:46:47'),(188,'Milford','Balistreri','reagan.fisher@example.com','(722)732-4955','2007-05-10 00:57:32','1979-05-23 01:50:57'),(189,'Jeff','Reilly','marcellus.bode@example.com','605-664-5900x9450','2020-03-20 23:36:39','1984-01-02 10:31:07'),(190,'Kaya','Sanford','mo\'connell@example.net','(392)343-1609','1972-03-11 11:50:21','2010-07-22 07:36:13'),(191,'Mohammed','Corkery','wilderman.kayli@example.net','1-834-956-3426x4123','1977-03-24 00:34:49','2003-03-14 21:36:35'),(192,'Sammy','Schaefer','vwintheiser@example.net','06932386856','2001-01-30 11:19:16','1970-10-17 17:36:31'),(193,'Parker','O\'Reilly','streich.lauryn@example.net','625.437.7219','1993-04-23 12:59:33','2006-06-25 03:23:46'),(194,'Ollie','Becker','ashlynn84@example.com','784-203-6341x599','1994-03-05 11:26:34','2009-02-10 07:27:53'),(195,'Caroline','Koch','kbradtke@example.com','772.930.0122x62183','1994-05-13 18:36:06','1983-08-20 01:06:58'),(196,'Jerrold','Oberbrunner','rebeka.spencer@example.com','723.849.3353x040','1991-02-11 18:17:23','1978-05-02 22:57:02'),(197,'Davon','Hills','brannon.klocko@example.com','249-937-4486','2017-03-04 07:24:37','1975-04-03 07:05:16'),(198,'Opal','Ryan','ole.o\'hara@example.org','976.908.1353x848','1976-10-13 13:42:56','1990-11-18 20:04:45'),(199,'Maye','Lowe','anika16@example.com','1-198-304-1058x94358','1997-05-20 00:10:39','1993-04-04 23:47:05'),(200,'Sabrina','Jerde','goyette.carson@example.net','429.082.8711','2008-12-24 05:18:42','2012-10-25 19:17:41');
/*!40000 ALTER TABLE `users` ENABLE KEYS */;
UNLOCK TABLES;

--
-- Dumping routines for database 'vk'
--
/*!40103 SET TIME_ZONE=@OLD_TIME_ZONE */;

/*!40101 SET SQL_MODE=@OLD_SQL_MODE */;
/*!40014 SET FOREIGN_KEY_CHECKS=@OLD_FOREIGN_KEY_CHECKS */;
/*!40014 SET UNIQUE_CHECKS=@OLD_UNIQUE_CHECKS */;
/*!40101 SET CHARACTER_SET_CLIENT=@OLD_CHARACTER_SET_CLIENT */;
/*!40101 SET CHARACTER_SET_RESULTS=@OLD_CHARACTER_SET_RESULTS */;
/*!40101 SET COLLATION_CONNECTION=@OLD_COLLATION_CONNECTION */;
/*!40111 SET SQL_NOTES=@OLD_SQL_NOTES */;

-- Dump completed on 2020-06-11  9:28:24
