-- MySQL dump 10.13  Distrib 8.0.20, for Win64 (x86_64)
--
-- Host: localhost    Database: vk
-- ------------------------------------------------------
-- Server version	8.0.20

/*!40101 SET @OLD_CHARACTER_SET_CLIENT=@@CHARACTER_SET_CLIENT */;
/*!40101 SET @OLD_CHARACTER_SET_RESULTS=@@CHARACTER_SET_RESULTS */;
/*!40101 SET @OLD_COLLATION_CONNECTION=@@COLLATION_CONNECTION */;
/*!50503 SET NAMES utf8mb4 */;
/*!40103 SET @OLD_TIME_ZONE=@@TIME_ZONE */;
/*!40103 SET TIME_ZONE='+00:00' */;
/*!40014 SET @OLD_UNIQUE_CHECKS=@@UNIQUE_CHECKS, UNIQUE_CHECKS=0 */;
/*!40014 SET @OLD_FOREIGN_KEY_CHECKS=@@FOREIGN_KEY_CHECKS, FOREIGN_KEY_CHECKS=0 */;
/*!40101 SET @OLD_SQL_MODE=@@SQL_MODE, SQL_MODE='NO_AUTO_VALUE_ON_ZERO' */;
/*!40111 SET @OLD_SQL_NOTES=@@SQL_NOTES, SQL_NOTES=0 */;

--
-- Table structure for table `communities`
--

DROP TABLE IF EXISTS `communities`;
/*!40101 SET @saved_cs_client     = @@character_set_client */;
/*!50503 SET character_set_client = utf8mb4 */;
CREATE TABLE `communities` (
  `id` int unsigned NOT NULL AUTO_INCREMENT,
  `name` varchar(150) NOT NULL,
  PRIMARY KEY (`id`),
  UNIQUE KEY `name` (`name`)
) ENGINE=InnoDB AUTO_INCREMENT=101 DEFAULT CHARSET=utf8mb4 COLLATE=utf8mb4_0900_ai_ci;
/*!40101 SET character_set_client = @saved_cs_client */;

--
-- Dumping data for table `communities`
--

LOCK TABLES `communities` WRITE;
/*!40000 ALTER TABLE `communities` DISABLE KEYS */;
INSERT INTO `communities` VALUES (3,'Anderson, Beier and Watsica'),(2,'Bernhard, Simonis and Smitham'),(20,'Block, Kerluke and Gusikowski'),(13,'Brekke and Sons'),(14,'Crist-Ernser'),(24,'Fahey-Gerhold'),(17,'Gottlieb-Greenholt'),(6,'Kirlin-O\'Hara'),(5,'Koch LLC'),(9,'Kohler-Quitzon'),(25,'Kshlerin LLC'),(15,'Kub and Sons'),(11,'Larson Group'),(16,'Lemke-Schoen'),(22,'Lindgren Ltd'),(21,'Quigley-Sipes'),(23,'Roob, Roob and Schimmel'),(1,'Rowe-Rogahn'),(8,'Ruecker LLC'),(4,'Schaefer LLC'),(10,'Schulist Ltd'),(18,'Ullrich Inc'),(7,'Vandervort, Gerhold and Murray'),(19,'Wilderman, Quitzon and Upton'),(12,'Zemlak-Predovic');
/*!40000 ALTER TABLE `communities` ENABLE KEYS */;
UNLOCK TABLES;

--
-- Table structure for table `communities_users`
--

DROP TABLE IF EXISTS `communities_users`;
/*!40101 SET @saved_cs_client     = @@character_set_client */;
/*!50503 SET character_set_client = utf8mb4 */;
CREATE TABLE `communities_users` (
  `community_id` int unsigned NOT NULL,
  `user_id` int unsigned NOT NULL,
  KEY `communities_users_user_id_fk` (`user_id`),
  KEY `communities_users_community_id_fk` (`community_id`),
  CONSTRAINT `communities_users_community_id_fk` FOREIGN KEY (`community_id`) REFERENCES `communities` (`id`),
  CONSTRAINT `communities_users_user_id_fk` FOREIGN KEY (`user_id`) REFERENCES `users` (`id`)
) ENGINE=InnoDB DEFAULT CHARSET=utf8mb4 COLLATE=utf8mb4_0900_ai_ci;
/*!40101 SET character_set_client = @saved_cs_client */;

--
-- Dumping data for table `communities_users`
--

LOCK TABLES `communities_users` WRITE;
/*!40000 ALTER TABLE `communities_users` DISABLE KEYS */;
INSERT INTO `communities_users` VALUES (21,4),(16,7),(17,1),(10,9),(22,1),(8,2),(22,3),(9,8),(6,5),(3,5),(19,8),(12,6),(25,1),(16,2),(3,4),(18,5),(3,3),(13,4),(4,7),(7,8),(24,1),(20,8),(3,4),(6,5),(21,5),(10,1),(11,4),(24,1),(11,2),(10,4),(16,9),(22,8),(14,5),(4,8),(2,2),(24,5),(10,2),(6,8),(23,9),(20,3),(8,4),(4,3),(19,6),(7,8),(4,3),(22,7),(24,6),(3,1),(18,3),(4,4),(15,8),(12,1),(14,6),(9,1),(2,2),(6,5),(2,8),(15,6),(18,7),(19,8),(18,1),(7,9),(6,4),(9,7),(25,2),(21,5),(5,7),(13,8),(24,7),(5,4),(2,5),(20,7),(17,8),(25,6),(25,3),(25,4),(24,6),(18,8),(20,2),(17,3),(3,4),(11,1),(20,2),(17,2),(24,7),(19,8),(22,9),(3,1),(23,3),(8,4),(17,7),(12,1),(10,2),(13,6),(8,7),(1,8),(8,4),(8,7),(17,8),(8,1),(17,5),(9,4),(17,7),(9,1),(17,1),(7,9),(11,2),(8,5),(5,7),(3,1),(24,8),(8,4),(20,7),(23,3),(8,6),(17,2),(14,7),(15,3),(10,1),(6,7),(21,9),(13,2),(1,5),(17,6),(7,2),(6,8),(8,2),(23,4),(17,5),(13,8),(14,2),(4,4),(5,9),(12,2),(18,4),(6,1),(23,4),(24,7),(1,9),(8,6),(12,8),(10,6),(15,5),(18,6),(22,9),(2,7),(21,8),(24,9),(5,8),(5,2),(6,4),(17,7),(16,6),(4,6),(21,8),(18,1),(1,2),(24,5),(17,8),(11,4),(6,4),(22,8),(17,2),(19,3),(18,9),(6,1),(25,8),(8,3),(15,3),(25,4),(5,9),(25,2),(7,3),(10,6),(5,7),(18,1),(2,7),(4,4),(15,6),(14,7),(21,8),(15,9),(9,7);
/*!40000 ALTER TABLE `communities_users` ENABLE KEYS */;
UNLOCK TABLES;

--
-- Table structure for table `friendship`
--

DROP TABLE IF EXISTS `friendship`;
/*!40101 SET @saved_cs_client     = @@character_set_client */;
/*!50503 SET character_set_client = utf8mb4 */;
CREATE TABLE `friendship` (
  `user_id` int unsigned NOT NULL,
  `friend_id` int unsigned NOT NULL,
  `status_id` int unsigned NOT NULL,
  `requested_at` datetime DEFAULT CURRENT_TIMESTAMP,
  `confirmed_at` datetime DEFAULT NULL,
  PRIMARY KEY (`user_id`,`friend_id`),
  KEY `friendship_friend_id_fk` (`friend_id`),
  KEY `friendship_status_id_fk` (`status_id`),
  CONSTRAINT `friendship_friend_id_fk` FOREIGN KEY (`friend_id`) REFERENCES `users` (`id`),
  CONSTRAINT `friendship_status_id_fk` FOREIGN KEY (`status_id`) REFERENCES `friendship_statuses` (`id`),
  CONSTRAINT `friendship_user_id_fk` FOREIGN KEY (`user_id`) REFERENCES `users` (`id`)
) ENGINE=InnoDB DEFAULT CHARSET=utf8mb4 COLLATE=utf8mb4_0900_ai_ci;
/*!40101 SET character_set_client = @saved_cs_client */;

--
-- Dumping data for table `friendship`
--

LOCK TABLES `friendship` WRITE;
/*!40000 ALTER TABLE `friendship` DISABLE KEYS */;
INSERT INTO `friendship` VALUES (1,1,3,'1984-07-16 21:45:35','1992-09-05 02:52:53'),(1,2,1,'1978-12-05 23:28:40','2001-03-19 01:59:12'),(1,3,3,'1990-06-14 11:41:03','2008-04-27 23:28:04'),(1,4,2,'1999-12-12 01:19:57','1973-12-31 11:08:38'),(1,5,1,'2018-10-10 03:07:26','1982-11-13 14:03:27'),(1,6,1,'1980-02-07 01:51:27','2004-07-17 17:45:02'),(1,7,1,'2020-04-08 07:57:37','1990-01-30 10:43:53'),(1,8,3,'2008-12-26 13:25:06','2011-07-04 12:45:03'),(1,9,1,'2012-01-14 19:01:39','2019-12-23 19:06:56'),(2,1,1,'1996-01-25 18:24:28','1989-11-26 17:55:27'),(2,2,1,'1974-04-08 07:49:44','1988-10-16 14:16:25'),(2,3,1,'2012-05-04 01:19:22','2011-01-08 01:54:00'),(2,5,1,'1976-11-08 07:37:27','2008-08-31 14:06:01'),(2,6,2,'1993-03-27 19:11:53','2004-06-11 18:34:22'),(2,7,1,'1981-04-24 08:39:30','1988-04-17 20:56:07'),(2,8,2,'1991-06-22 16:55:30','1971-12-19 10:30:36'),(2,9,1,'2014-10-21 19:32:07','2015-07-10 23:54:54'),(3,1,1,'2011-11-03 10:29:09','1988-10-29 11:00:25'),(3,3,1,'1984-07-23 19:47:32','2018-11-06 12:12:38'),(3,4,2,'1996-06-07 00:37:59','1990-01-28 06:58:07'),(3,5,1,'1984-01-01 23:06:59','1989-08-16 22:42:48'),(3,6,1,'1975-12-08 14:11:03','1983-05-26 11:59:49'),(3,7,2,'2016-12-10 09:48:48','2011-01-17 15:41:20'),(3,8,1,'2008-11-25 08:26:19','1975-07-03 17:52:06'),(3,9,2,'2017-02-07 15:58:46','2014-09-13 15:21:46'),(4,1,1,'1998-09-26 05:57:31','1982-07-20 15:10:53'),(4,2,2,'1991-01-25 13:26:40','1997-02-06 01:10:20'),(4,4,2,'1981-12-17 16:13:54','1972-10-02 21:11:21'),(4,5,1,'2004-08-06 12:09:09','2017-05-05 00:20:04'),(4,7,2,'2001-06-06 03:59:39','2002-09-12 16:48:21'),(4,8,1,'1972-01-05 03:07:40','2015-02-02 00:37:57'),(4,9,1,'1986-04-19 02:42:59','1982-09-27 16:22:29'),(5,1,3,'1993-08-30 14:20:10','2002-08-06 18:50:29'),(5,2,2,'2007-07-30 01:17:38','1997-09-07 14:17:55'),(5,3,1,'1983-07-19 06:30:14','1984-03-08 10:33:02'),(5,4,3,'1985-03-08 14:34:12','2011-03-10 10:20:46'),(5,5,2,'2009-06-22 18:58:06','2018-06-17 04:12:20'),(5,6,2,'1996-05-25 12:31:20','1994-02-27 11:56:25'),(5,7,2,'1973-02-08 18:22:27','1993-06-02 14:28:23'),(5,8,3,'2001-06-07 18:40:45','1983-08-02 08:09:12'),(6,1,2,'1974-01-29 02:09:21','1981-03-02 22:30:34'),(6,3,1,'2000-08-13 10:19:14','2015-06-23 09:11:57'),(6,4,2,'2007-01-16 20:36:57','1990-02-09 20:08:37'),(6,6,1,'2016-01-25 20:16:00','1993-11-08 21:16:32'),(6,7,1,'2016-08-22 06:33:08','2016-06-07 16:49:29'),(6,8,2,'1971-08-25 03:10:10','2017-10-24 04:54:59'),(6,9,3,'1990-07-24 04:55:23','1999-12-01 09:31:39'),(7,1,3,'1982-01-29 14:36:49','1976-10-03 04:33:45'),(7,2,3,'1982-03-30 06:46:41','1998-06-24 01:37:50'),(7,3,3,'1995-06-20 15:29:01','1980-01-31 06:58:02'),(7,4,2,'2003-09-17 04:39:55','2002-01-09 22:19:36'),(7,5,3,'2016-02-04 05:19:47','1991-04-26 14:19:30'),(7,6,1,'2011-10-14 04:36:14','2012-06-16 19:04:49'),(7,7,2,'2006-05-02 01:06:09','1990-12-10 14:42:56'),(7,8,3,'1990-12-07 14:55:54','2011-08-18 18:57:08'),(8,1,2,'2003-03-07 11:43:11','2006-03-25 06:33:01'),(8,2,1,'2012-02-29 06:39:55','1992-05-25 19:37:59'),(8,3,3,'1999-08-13 20:01:16','2009-03-08 15:55:47'),(8,4,2,'2000-02-04 02:05:57','2018-02-25 17:07:20'),(8,5,1,'2017-06-01 18:55:36','1995-07-13 01:57:17'),(8,6,2,'1995-11-04 12:13:08','1987-11-26 23:01:18'),(8,8,1,'2011-08-21 22:31:48','1987-02-20 03:07:36'),(8,9,1,'2017-03-16 18:27:23','2005-05-14 14:30:50'),(9,2,1,'1980-09-06 19:16:12','2003-10-28 07:59:47'),(9,3,3,'1984-02-25 00:29:51','2004-06-10 03:02:55'),(9,5,3,'2006-05-26 21:42:19','2002-12-22 09:45:45'),(9,6,2,'1995-12-31 13:09:39','2005-07-12 13:38:51'),(9,7,2,'1978-09-08 18:24:43','1993-09-08 04:20:37'),(9,8,2,'1974-12-14 02:29:19','1996-09-04 16:26:42'),(9,9,3,'2018-10-11 00:14:09','1987-03-31 21:18:53');
/*!40000 ALTER TABLE `friendship` ENABLE KEYS */;
UNLOCK TABLES;

--
-- Table structure for table `friendship_statuses`
--

DROP TABLE IF EXISTS `friendship_statuses`;
/*!40101 SET @saved_cs_client     = @@character_set_client */;
/*!50503 SET character_set_client = utf8mb4 */;
CREATE TABLE `friendship_statuses` (
  `id` int unsigned NOT NULL AUTO_INCREMENT,
  `name` varchar(150) NOT NULL,
  PRIMARY KEY (`id`),
  UNIQUE KEY `name` (`name`)
) ENGINE=InnoDB AUTO_INCREMENT=4 DEFAULT CHARSET=utf8mb4 COLLATE=utf8mb4_0900_ai_ci;
/*!40101 SET character_set_client = @saved_cs_client */;

--
-- Dumping data for table `friendship_statuses`
--

LOCK TABLES `friendship_statuses` WRITE;
/*!40000 ALTER TABLE `friendship_statuses` DISABLE KEYS */;
INSERT INTO `friendship_statuses` VALUES (2,'Confirmed'),(3,'Rejected'),(1,'Requested');
/*!40000 ALTER TABLE `friendship_statuses` ENABLE KEYS */;
UNLOCK TABLES;

--
-- Table structure for table `likes`
--

DROP TABLE IF EXISTS `likes`;
/*!40101 SET @saved_cs_client     = @@character_set_client */;
/*!50503 SET character_set_client = utf8mb4 */;
CREATE TABLE `likes` (
  `id` int unsigned NOT NULL AUTO_INCREMENT,
  `user_id` int unsigned NOT NULL,
  `target_id` int unsigned NOT NULL,
  `target_type_id` int unsigned NOT NULL,
  `created_at` datetime DEFAULT CURRENT_TIMESTAMP,
  PRIMARY KEY (`id`),
  KEY `likes_user_id_fk` (`user_id`),
  KEY `likes_target_type_id_fk` (`target_type_id`),
  CONSTRAINT `likes_target_type_id_fk` FOREIGN KEY (`target_type_id`) REFERENCES `target_types` (`id`),
  CONSTRAINT `likes_user_id_fk` FOREIGN KEY (`user_id`) REFERENCES `users` (`id`)
) ENGINE=InnoDB AUTO_INCREMENT=201 DEFAULT CHARSET=utf8mb4 COLLATE=utf8mb4_0900_ai_ci;
/*!40101 SET character_set_client = @saved_cs_client */;

--
-- Dumping data for table `likes`
--

LOCK TABLES `likes` WRITE;
/*!40000 ALTER TABLE `likes` DISABLE KEYS */;
INSERT INTO `likes` VALUES (1,86,8,4,'2020-06-23 09:10:40'),(2,68,4,1,'2020-06-23 09:10:40'),(3,59,54,4,'2020-06-23 09:10:40'),(4,95,2,1,'2020-06-23 09:10:40'),(5,7,66,1,'2020-06-23 09:10:40'),(6,48,13,1,'2020-06-23 09:10:40'),(7,52,5,3,'2020-06-23 09:10:40'),(8,21,3,2,'2020-06-23 09:10:40'),(9,41,56,3,'2020-06-23 09:10:40'),(10,11,86,4,'2020-06-23 09:10:40'),(11,18,5,3,'2020-06-23 09:10:40'),(12,35,64,1,'2020-06-23 09:10:40'),(13,80,57,2,'2020-06-23 09:10:40'),(14,56,44,2,'2020-06-23 09:10:40'),(15,10,5,4,'2020-06-23 09:10:40'),(16,55,92,4,'2020-06-23 09:10:40'),(17,99,10,3,'2020-06-23 09:10:40'),(18,24,66,3,'2020-06-23 09:10:40'),(19,94,92,4,'2020-06-23 09:10:40'),(20,23,75,1,'2020-06-23 09:10:40'),(21,98,75,4,'2020-06-23 09:10:40'),(22,72,21,4,'2020-06-23 09:10:40'),(23,89,73,4,'2020-06-23 09:10:40'),(24,60,10,3,'2020-06-23 09:10:40'),(25,31,37,4,'2020-06-23 09:10:40'),(26,48,62,3,'2020-06-23 09:10:40'),(27,45,27,4,'2020-06-23 09:10:40'),(28,9,51,2,'2020-06-23 09:10:40'),(29,86,46,3,'2020-06-23 09:10:40'),(30,26,10,3,'2020-06-23 09:10:40'),(31,29,27,2,'2020-06-23 09:10:40'),(32,69,94,3,'2020-06-23 09:10:40'),(33,22,26,3,'2020-06-23 09:10:40'),(34,45,30,1,'2020-06-23 09:10:40'),(35,83,71,1,'2020-06-23 09:10:40'),(36,13,47,4,'2020-06-23 09:10:40'),(37,39,7,1,'2020-06-23 09:10:40'),(38,63,64,2,'2020-06-23 09:10:40'),(39,64,24,2,'2020-06-23 09:10:40'),(40,69,59,4,'2020-06-23 09:10:40'),(41,62,46,2,'2020-06-23 09:10:40'),(42,78,58,3,'2020-06-23 09:10:40'),(43,15,1,3,'2020-06-23 09:10:40'),(44,91,79,1,'2020-06-23 09:10:40'),(45,61,47,2,'2020-06-23 09:10:40'),(46,9,95,2,'2020-06-23 09:10:40'),(47,53,20,2,'2020-06-23 09:10:40'),(48,40,78,3,'2020-06-23 09:10:40'),(49,25,8,3,'2020-06-23 09:10:40'),(50,98,96,4,'2020-06-23 09:10:40'),(51,47,72,1,'2020-06-23 09:10:40'),(52,78,31,1,'2020-06-23 09:10:40'),(53,11,94,2,'2020-06-23 09:10:40'),(54,91,49,3,'2020-06-23 09:10:40'),(55,25,98,1,'2020-06-23 09:10:40'),(56,86,80,2,'2020-06-23 09:10:40'),(57,65,2,1,'2020-06-23 09:10:40'),(58,64,79,4,'2020-06-23 09:10:40'),(59,63,15,4,'2020-06-23 09:10:40'),(60,83,57,2,'2020-06-23 09:10:40'),(61,4,13,3,'2020-06-23 09:10:40'),(62,31,93,3,'2020-06-23 09:10:40'),(63,81,87,4,'2020-06-23 09:10:40'),(64,96,4,2,'2020-06-23 09:10:40'),(65,47,40,3,'2020-06-23 09:10:40'),(66,78,8,1,'2020-06-23 09:10:40'),(67,100,87,2,'2020-06-23 09:10:40'),(68,5,23,1,'2020-06-23 09:10:40'),(69,34,69,2,'2020-06-23 09:10:40'),(70,4,91,2,'2020-06-23 09:10:40'),(71,44,87,1,'2020-06-23 09:10:40'),(72,59,81,2,'2020-06-23 09:10:40'),(73,92,80,1,'2020-06-23 09:10:40'),(74,79,23,4,'2020-06-23 09:10:40'),(75,21,70,4,'2020-06-23 09:10:40'),(76,29,81,1,'2020-06-23 09:10:40'),(77,46,74,2,'2020-06-23 09:10:40'),(78,30,60,1,'2020-06-23 09:10:40'),(79,67,5,1,'2020-06-23 09:10:40'),(80,3,44,1,'2020-06-23 09:10:40'),(81,16,51,1,'2020-06-23 09:10:40'),(82,72,46,1,'2020-06-23 09:10:40'),(83,33,19,4,'2020-06-23 09:10:40'),(84,32,67,2,'2020-06-23 09:10:40'),(85,79,86,4,'2020-06-23 09:10:40'),(86,1,29,2,'2020-06-23 09:10:40'),(87,14,50,1,'2020-06-23 09:10:40'),(88,88,17,1,'2020-06-23 09:10:40'),(89,48,79,3,'2020-06-23 09:10:40'),(90,17,31,1,'2020-06-23 09:10:40'),(91,22,2,2,'2020-06-23 09:10:40'),(92,7,5,1,'2020-06-23 09:10:40'),(93,100,91,3,'2020-06-23 09:10:40'),(94,6,60,4,'2020-06-23 09:10:40'),(95,35,23,1,'2020-06-23 09:10:40'),(96,83,84,3,'2020-06-23 09:10:40'),(97,94,61,1,'2020-06-23 09:10:40'),(98,38,14,3,'2020-06-23 09:10:40'),(99,48,62,3,'2020-06-23 09:10:40'),(100,59,87,3,'2020-06-23 09:10:40'),(101,29,71,3,'2020-06-23 09:10:40'),(102,12,66,4,'2020-06-23 09:10:40'),(103,59,19,1,'2020-06-23 09:10:40'),(104,43,54,2,'2020-06-23 09:10:40'),(105,33,49,2,'2020-06-23 09:10:40'),(106,84,82,3,'2020-06-23 09:10:40'),(107,31,87,2,'2020-06-23 09:10:40'),(108,43,92,2,'2020-06-23 09:10:40'),(109,82,13,1,'2020-06-23 09:10:40'),(110,53,9,4,'2020-06-23 09:10:40'),(111,98,37,4,'2020-06-23 09:10:40'),(112,26,67,3,'2020-06-23 09:10:40'),(113,82,41,3,'2020-06-23 09:10:40'),(114,63,44,2,'2020-06-23 09:10:40'),(115,16,89,4,'2020-06-23 09:10:40'),(116,15,86,4,'2020-06-23 09:10:40'),(117,55,29,4,'2020-06-23 09:10:40'),(118,100,67,2,'2020-06-23 09:10:40'),(119,67,33,3,'2020-06-23 09:10:40'),(120,23,19,2,'2020-06-23 09:10:40'),(121,81,22,3,'2020-06-23 09:10:40'),(122,61,9,3,'2020-06-23 09:10:40'),(123,78,8,1,'2020-06-23 09:10:40'),(124,94,60,1,'2020-06-23 09:10:40'),(125,95,30,3,'2020-06-23 09:10:40'),(126,25,36,1,'2020-06-23 09:10:40'),(127,7,24,1,'2020-06-23 09:10:40'),(128,35,68,2,'2020-06-23 09:10:40'),(129,76,71,2,'2020-06-23 09:10:40'),(130,20,21,2,'2020-06-23 09:10:40'),(131,51,24,3,'2020-06-23 09:10:40'),(132,66,27,2,'2020-06-23 09:10:40'),(133,95,67,3,'2020-06-23 09:10:40'),(134,52,9,4,'2020-06-23 09:10:40'),(135,10,86,1,'2020-06-23 09:10:40'),(136,45,22,3,'2020-06-23 09:10:40'),(137,5,3,4,'2020-06-23 09:10:40'),(138,87,35,1,'2020-06-23 09:10:40'),(139,64,76,4,'2020-06-23 09:10:40'),(140,22,37,1,'2020-06-23 09:10:40'),(141,80,46,4,'2020-06-23 09:10:40'),(142,1,41,1,'2020-06-23 09:10:40'),(143,84,13,1,'2020-06-23 09:10:40'),(144,33,19,4,'2020-06-23 09:10:40'),(145,34,74,3,'2020-06-23 09:10:40'),(146,8,43,4,'2020-06-23 09:10:40'),(147,19,25,3,'2020-06-23 09:10:40'),(148,60,100,1,'2020-06-23 09:10:40'),(149,84,72,1,'2020-06-23 09:10:40'),(150,5,12,2,'2020-06-23 09:10:40'),(151,84,87,4,'2020-06-23 09:10:40'),(152,60,46,2,'2020-06-23 09:10:40'),(153,2,67,2,'2020-06-23 09:10:40'),(154,30,73,3,'2020-06-23 09:10:40'),(155,48,18,2,'2020-06-23 09:10:40'),(156,69,11,2,'2020-06-23 09:10:40'),(157,7,91,2,'2020-06-23 09:10:40'),(158,97,82,1,'2020-06-23 09:10:40'),(159,39,46,1,'2020-06-23 09:10:40'),(160,14,36,2,'2020-06-23 09:10:40'),(161,88,23,3,'2020-06-23 09:10:40'),(162,87,78,2,'2020-06-23 09:10:40'),(163,6,46,1,'2020-06-23 09:10:40'),(164,16,49,4,'2020-06-23 09:10:40'),(165,23,34,1,'2020-06-23 09:10:40'),(166,3,12,2,'2020-06-23 09:10:40'),(167,3,71,2,'2020-06-23 09:10:40'),(168,17,47,4,'2020-06-23 09:10:40'),(169,75,25,4,'2020-06-23 09:10:40'),(170,25,25,3,'2020-06-23 09:10:40'),(171,77,31,1,'2020-06-23 09:10:40'),(172,20,33,1,'2020-06-23 09:10:40'),(173,12,54,2,'2020-06-23 09:10:40'),(174,95,83,2,'2020-06-23 09:10:40'),(175,81,27,4,'2020-06-23 09:10:40'),(176,74,98,3,'2020-06-23 09:10:40'),(177,46,25,4,'2020-06-23 09:10:40'),(178,49,91,1,'2020-06-23 09:10:40'),(179,54,52,4,'2020-06-23 09:10:40'),(180,45,21,3,'2020-06-23 09:10:40'),(181,88,31,4,'2020-06-23 09:10:40'),(182,46,65,4,'2020-06-23 09:10:40'),(183,45,58,3,'2020-06-23 09:10:40'),(184,3,46,1,'2020-06-23 09:10:40'),(185,78,20,3,'2020-06-23 09:10:40'),(186,54,82,2,'2020-06-23 09:10:40'),(187,97,39,1,'2020-06-23 09:10:40'),(188,89,40,2,'2020-06-23 09:10:40'),(189,55,68,3,'2020-06-23 09:10:40'),(190,66,8,2,'2020-06-23 09:10:40'),(191,85,100,2,'2020-06-23 09:10:40'),(192,22,75,1,'2020-06-23 09:10:40'),(193,25,94,4,'2020-06-23 09:10:40'),(194,84,41,2,'2020-06-23 09:10:40'),(195,27,86,2,'2020-06-23 09:10:40'),(196,76,38,3,'2020-06-23 09:10:40'),(197,5,30,2,'2020-06-23 09:10:40'),(198,97,70,3,'2020-06-23 09:10:40'),(199,92,78,1,'2020-06-23 09:10:40'),(200,22,76,1,'2020-06-23 09:10:40');
/*!40000 ALTER TABLE `likes` ENABLE KEYS */;
UNLOCK TABLES;

--
-- Table structure for table `media`
--

DROP TABLE IF EXISTS `media`;
/*!40101 SET @saved_cs_client     = @@character_set_client */;
/*!50503 SET character_set_client = utf8mb4 */;
CREATE TABLE `media` (
  `id` int unsigned NOT NULL AUTO_INCREMENT,
  `user_id` int unsigned NOT NULL,
  `filename` varchar(255) NOT NULL,
  `size` int NOT NULL,
  `metadata` json DEFAULT NULL,
  `media_type_id` int unsigned NOT NULL,
  `created_at` datetime DEFAULT CURRENT_TIMESTAMP,
  `updated_at` datetime DEFAULT CURRENT_TIMESTAMP ON UPDATE CURRENT_TIMESTAMP,
  PRIMARY KEY (`id`),
  KEY `media_user_id_fk` (`user_id`),
  KEY `media_media_type_id_fk` (`media_type_id`),
  CONSTRAINT `media_media_type_id_fk` FOREIGN KEY (`media_type_id`) REFERENCES `media_types` (`id`),
  CONSTRAINT `media_user_id_fk` FOREIGN KEY (`user_id`) REFERENCES `users` (`id`)
) ENGINE=InnoDB AUTO_INCREMENT=101 DEFAULT CHARSET=utf8mb4 COLLATE=utf8mb4_0900_ai_ci;
/*!40101 SET character_set_client = @saved_cs_client */;

--
-- Dumping data for table `media`
--

LOCK TABLES `media` WRITE;
/*!40000 ALTER TABLE `media` DISABLE KEYS */;
INSERT INTO `media` VALUES (1,5,'https://dropbox/vk/quo.avi',5025,'{\"owner\": \"Ansel Torphy\"}',3,'1993-04-29 16:53:20','2020-05-09 18:54:41'),(2,5,'https://dropbox/vk/nam.avi',394089,'{\"owner\": \"Ansel Torphy\"}',3,'2004-02-08 08:32:20','2020-05-09 18:54:41'),(3,1,'https://dropbox/vk/sit.png',148209,'{\"owner\": \"Taryn Welch\"}',2,'1987-07-31 10:50:51','2020-05-09 18:54:41'),(4,1,'https://dropbox/vk/iusto.mpeg',607337621,'{\"owner\": \"Taryn Welch\"}',1,'1981-04-22 09:17:40','2020-05-09 18:54:41'),(5,3,'https://dropbox/vk/ad.mpeg',224231,'{\"owner\": \"Yolanda Reinger\"}',1,'1970-06-10 00:21:21','2020-05-09 18:54:41'),(6,4,'https://dropbox/vk/molestias.jpeg',82573296,'{\"owner\": \"Darius Rosenbaum\"}',1,'1976-01-23 04:35:08','2020-05-09 18:54:41'),(7,8,'https://dropbox/vk/ab.avi',4487201,'{\"owner\": \"Grover Welch\"}',1,'2009-06-14 13:35:58','2020-05-09 18:54:41'),(8,9,'https://dropbox/vk/quo.jpeg',358242,'{\"owner\": \"Jessy Raynor\"}',2,'2017-07-19 13:16:18','2020-05-09 18:54:41'),(9,9,'https://dropbox/vk/nulla.avi',6614,'{\"owner\": \"Jessy Raynor\"}',2,'1980-11-21 21:13:46','2020-05-09 18:54:41'),(10,2,'https://dropbox/vk/numquam.png',7727,'{\"owner\": \"Francisca Veum\"}',3,'1977-11-20 14:33:44','2020-05-09 18:54:41'),(11,9,'https://dropbox/vk/hic.mpeg',336582,'{\"owner\": \"Jessy Raynor\"}',2,'1992-07-05 22:38:40','2020-05-09 18:54:41'),(12,1,'https://dropbox/vk/doloribus.avi',598185,'{\"owner\": \"Taryn Welch\"}',2,'1978-12-18 07:10:52','2020-05-09 18:54:41'),(13,7,'https://dropbox/vk/enim.png',9154,'{\"owner\": \"Devyn Lowe\"}',2,'1993-06-27 16:50:48','2020-05-09 18:54:41'),(14,3,'https://dropbox/vk/sit.png',971179,'{\"owner\": \"Yolanda Reinger\"}',1,'2019-08-09 20:37:15','2020-05-09 18:54:41'),(15,2,'https://dropbox/vk/autem.mpeg',914466,'{\"owner\": \"Francisca Veum\"}',2,'1983-02-27 08:35:04','2020-05-09 18:54:41'),(16,2,'https://dropbox/vk/recusandae.jpeg',7399,'{\"owner\": \"Francisca Veum\"}',2,'2017-09-25 17:59:51','2020-05-09 18:54:41'),(17,7,'https://dropbox/vk/nisi.jpeg',2209,'{\"owner\": \"Devyn Lowe\"}',1,'1984-05-07 08:50:47','2020-05-09 18:54:41'),(18,5,'https://dropbox/vk/ipsam.jpeg',51343,'{\"owner\": \"Ansel Torphy\"}',3,'1990-11-05 21:11:47','2020-05-09 18:54:41'),(19,8,'https://dropbox/vk/quaerat.jpeg',333177,'{\"owner\": \"Grover Welch\"}',3,'1978-02-05 05:02:26','2020-05-09 18:54:41'),(20,5,'https://dropbox/vk/velit.avi',501856,'{\"owner\": \"Ansel Torphy\"}',2,'1977-05-16 23:13:15','2020-05-09 18:54:41'),(21,2,'https://dropbox/vk/reiciendis.avi',499750,'{\"owner\": \"Francisca Veum\"}',3,'2007-06-07 04:50:54','2020-05-09 18:54:41'),(22,8,'https://dropbox/vk/quaerat.jpeg',9139,'{\"owner\": \"Grover Welch\"}',2,'2014-02-02 20:02:05','2020-05-09 18:54:41'),(23,3,'https://dropbox/vk/voluptatem.png',4275370,'{\"owner\": \"Yolanda Reinger\"}',1,'2002-03-17 13:06:31','2020-05-09 18:54:41'),(24,3,'https://dropbox/vk/itaque.png',434514,'{\"owner\": \"Yolanda Reinger\"}',2,'2010-07-31 05:23:12','2020-05-09 18:54:41'),(25,2,'https://dropbox/vk/dolores.mpeg',6998,'{\"owner\": \"Francisca Veum\"}',1,'2010-03-28 04:26:44','2020-05-09 18:54:41'),(26,6,'https://dropbox/vk/et.avi',983183,'{\"owner\": \"Tyreek Schinner\"}',2,'1985-03-10 19:19:55','2020-05-09 18:54:41'),(27,8,'https://dropbox/vk/facilis.png',406664,'{\"owner\": \"Grover Welch\"}',3,'2001-02-27 19:23:49','2020-05-09 18:54:41'),(28,4,'https://dropbox/vk/est.jpeg',604528638,'{\"owner\": \"Darius Rosenbaum\"}',3,'1986-02-13 12:59:19','2020-05-09 18:54:41'),(29,8,'https://dropbox/vk/qui.png',73771,'{\"owner\": \"Grover Welch\"}',1,'1981-01-15 21:18:45','2020-05-09 18:54:41'),(30,2,'https://dropbox/vk/eaque.mpeg',138864,'{\"owner\": \"Francisca Veum\"}',2,'2000-04-12 08:35:09','2020-05-09 18:54:41'),(31,7,'https://dropbox/vk/sequi.mpeg',2404692,'{\"owner\": \"Devyn Lowe\"}',2,'2010-11-01 23:12:01','2020-05-09 18:54:41'),(32,3,'https://dropbox/vk/quae.jpeg',5698984,'{\"owner\": \"Yolanda Reinger\"}',2,'1992-08-06 06:14:23','2020-05-09 18:54:41'),(33,5,'https://dropbox/vk/occaecati.jpeg',13340,'{\"owner\": \"Ansel Torphy\"}',1,'2019-12-28 09:14:03','2020-05-09 18:54:41'),(34,1,'https://dropbox/vk/corrupti.mpeg',8187579,'{\"owner\": \"Taryn Welch\"}',3,'1997-03-30 09:08:12','2020-05-09 18:54:41'),(35,6,'https://dropbox/vk/quo.avi',463006,'{\"owner\": \"Tyreek Schinner\"}',2,'1982-11-10 18:12:29','2020-05-09 18:54:41'),(36,5,'https://dropbox/vk/maiores.mpeg',888439,'{\"owner\": \"Ansel Torphy\"}',2,'2009-09-05 10:16:41','2020-05-09 18:54:41'),(37,9,'https://dropbox/vk/consequuntur.jpeg',6016,'{\"owner\": \"Jessy Raynor\"}',3,'1971-10-27 23:17:39','2020-05-09 18:54:41'),(38,8,'https://dropbox/vk/recusandae.avi',1130,'{\"owner\": \"Grover Welch\"}',3,'1982-06-02 18:15:38','2020-05-09 18:54:41'),(39,8,'https://dropbox/vk/incidunt.mpeg',43180,'{\"owner\": \"Grover Welch\"}',1,'1983-08-10 13:56:15','2020-05-09 18:54:41'),(40,4,'https://dropbox/vk/quia.avi',540581,'{\"owner\": \"Darius Rosenbaum\"}',3,'2017-01-18 23:08:54','2020-05-09 18:54:41'),(41,9,'https://dropbox/vk/consectetur.avi',32617,'{\"owner\": \"Jessy Raynor\"}',2,'1970-11-26 01:43:41','2020-05-09 18:54:41'),(42,4,'https://dropbox/vk/vero.png',563367,'{\"owner\": \"Darius Rosenbaum\"}',1,'1971-10-20 06:58:10','2020-05-09 18:54:41'),(43,9,'https://dropbox/vk/aut.jpeg',26355351,'{\"owner\": \"Jessy Raynor\"}',3,'1972-01-17 19:50:28','2020-05-09 18:54:41'),(44,7,'https://dropbox/vk/voluptatem.png',185092,'{\"owner\": \"Devyn Lowe\"}',2,'2017-03-22 20:14:28','2020-05-09 18:54:41'),(45,4,'https://dropbox/vk/sunt.mpeg',6550692,'{\"owner\": \"Darius Rosenbaum\"}',3,'1979-01-04 08:26:20','2020-05-09 18:54:41'),(46,4,'https://dropbox/vk/molestias.avi',225359,'{\"owner\": \"Darius Rosenbaum\"}',3,'2002-07-26 05:54:41','2020-05-09 18:54:41'),(47,1,'https://dropbox/vk/reiciendis.avi',919766,'{\"owner\": \"Taryn Welch\"}',2,'2002-12-26 01:36:49','2020-05-09 18:54:41'),(48,4,'https://dropbox/vk/ducimus.avi',32787599,'{\"owner\": \"Darius Rosenbaum\"}',1,'2015-09-07 21:48:19','2020-05-09 18:54:41'),(49,8,'https://dropbox/vk/qui.avi',9001389,'{\"owner\": \"Grover Welch\"}',1,'1993-05-18 16:23:37','2020-05-09 18:54:41'),(50,5,'https://dropbox/vk/eaque.jpeg',10540286,'{\"owner\": \"Ansel Torphy\"}',3,'2010-03-11 16:06:49','2020-05-09 18:54:41'),(51,8,'https://dropbox/vk/maxime.png',561521,'{\"owner\": \"Grover Welch\"}',1,'1991-08-30 20:20:48','2020-05-09 18:54:41'),(52,9,'https://dropbox/vk/dolore.mpeg',45377,'{\"owner\": \"Jessy Raynor\"}',1,'1986-06-19 01:54:24','2020-05-09 18:54:41'),(53,5,'https://dropbox/vk/quibusdam.mpeg',121530,'{\"owner\": \"Ansel Torphy\"}',1,'2015-01-09 03:37:00','2020-05-09 18:54:41'),(54,5,'https://dropbox/vk/omnis.avi',15000,'{\"owner\": \"Ansel Torphy\"}',3,'1976-03-01 13:58:40','2020-05-09 18:54:41'),(55,2,'https://dropbox/vk/eos.mpeg',5216247,'{\"owner\": \"Francisca Veum\"}',2,'2014-12-20 16:52:21','2020-05-09 18:54:41'),(56,8,'https://dropbox/vk/dignissimos.png',784693,'{\"owner\": \"Grover Welch\"}',2,'2017-08-18 23:03:27','2020-05-09 18:54:41'),(57,7,'https://dropbox/vk/omnis.avi',913084,'{\"owner\": \"Devyn Lowe\"}',1,'1979-08-26 03:31:07','2020-05-09 18:54:41'),(58,7,'https://dropbox/vk/id.jpeg',243642,'{\"owner\": \"Devyn Lowe\"}',2,'1993-04-09 22:11:02','2020-05-09 18:54:41'),(59,9,'https://dropbox/vk/impedit.png',6119,'{\"owner\": \"Jessy Raynor\"}',1,'1985-11-15 23:58:23','2020-05-09 18:54:41'),(60,5,'https://dropbox/vk/molestiae.avi',190833,'{\"owner\": \"Ansel Torphy\"}',1,'1998-10-29 19:59:52','2020-05-09 18:54:41'),(61,1,'https://dropbox/vk/ullam.png',204913,'{\"owner\": \"Taryn Welch\"}',2,'1996-05-02 21:39:09','2020-05-09 18:54:41'),(62,2,'https://dropbox/vk/laborum.jpeg',2028,'{\"owner\": \"Francisca Veum\"}',2,'2014-04-11 13:45:33','2020-05-09 18:54:41'),(63,2,'https://dropbox/vk/nesciunt.png',497793,'{\"owner\": \"Francisca Veum\"}',2,'2007-10-20 06:42:38','2020-05-09 18:54:41'),(64,5,'https://dropbox/vk/at.png',442066,'{\"owner\": \"Ansel Torphy\"}',2,'2009-03-25 01:37:46','2020-05-09 18:54:41'),(65,2,'https://dropbox/vk/labore.jpeg',641731934,'{\"owner\": \"Francisca Veum\"}',1,'1982-12-11 10:11:54','2020-05-09 18:54:41'),(66,8,'https://dropbox/vk/corporis.jpeg',2407547,'{\"owner\": \"Grover Welch\"}',1,'2018-08-31 07:33:35','2020-05-09 18:54:41'),(67,2,'https://dropbox/vk/velit.png',80919717,'{\"owner\": \"Francisca Veum\"}',3,'2017-10-31 20:44:24','2020-05-09 18:54:41'),(68,8,'https://dropbox/vk/dolorem.mpeg',2928,'{\"owner\": \"Grover Welch\"}',2,'1987-07-02 10:18:41','2020-05-09 18:54:41'),(69,5,'https://dropbox/vk/eum.avi',585593,'{\"owner\": \"Ansel Torphy\"}',3,'1980-03-14 06:16:57','2020-05-09 18:54:41'),(70,5,'https://dropbox/vk/delectus.avi',27802,'{\"owner\": \"Ansel Torphy\"}',3,'2013-04-14 01:43:29','2020-05-09 18:54:41'),(71,3,'https://dropbox/vk/nulla.jpeg',255520,'{\"owner\": \"Yolanda Reinger\"}',1,'2010-05-06 14:36:09','2020-05-09 18:54:41'),(72,4,'https://dropbox/vk/praesentium.png',591768,'{\"owner\": \"Darius Rosenbaum\"}',2,'2019-02-06 14:54:41','2020-05-09 18:54:41'),(73,1,'https://dropbox/vk/amet.mpeg',54257,'{\"owner\": \"Taryn Welch\"}',1,'2019-09-01 23:18:43','2020-05-09 18:54:41'),(74,8,'https://dropbox/vk/numquam.mpeg',1136860,'{\"owner\": \"Grover Welch\"}',3,'2012-05-25 04:20:02','2020-05-09 18:54:41'),(75,4,'https://dropbox/vk/quidem.png',8014490,'{\"owner\": \"Darius Rosenbaum\"}',1,'1998-04-27 04:38:55','2020-05-09 18:54:41'),(76,9,'https://dropbox/vk/impedit.mpeg',657391863,'{\"owner\": \"Jessy Raynor\"}',2,'2014-10-11 16:11:29','2020-05-09 18:54:41'),(77,7,'https://dropbox/vk/tempora.jpeg',192061,'{\"owner\": \"Devyn Lowe\"}',3,'1981-12-12 21:28:56','2020-05-09 18:54:41'),(78,4,'https://dropbox/vk/quia.jpeg',7069,'{\"owner\": \"Darius Rosenbaum\"}',1,'1990-08-17 21:14:06','2020-05-09 18:54:41'),(79,7,'https://dropbox/vk/iusto.avi',175002,'{\"owner\": \"Devyn Lowe\"}',1,'1976-01-19 10:04:22','2020-05-09 18:54:41'),(80,6,'https://dropbox/vk/optio.jpeg',610287,'{\"owner\": \"Tyreek Schinner\"}',2,'2004-08-01 10:25:00','2020-05-09 18:54:41'),(81,2,'https://dropbox/vk/explicabo.mpeg',9715769,'{\"owner\": \"Francisca Veum\"}',2,'2004-09-28 19:19:55','2020-05-09 18:54:41'),(82,8,'https://dropbox/vk/non.avi',44176235,'{\"owner\": \"Grover Welch\"}',1,'2009-05-12 16:50:50','2020-05-09 18:54:41'),(83,9,'https://dropbox/vk/explicabo.avi',288826,'{\"owner\": \"Jessy Raynor\"}',1,'1987-01-24 10:51:04','2020-05-09 18:54:41'),(84,6,'https://dropbox/vk/quod.png',6817,'{\"owner\": \"Tyreek Schinner\"}',1,'1999-11-24 18:03:48','2020-05-09 18:54:41'),(85,5,'https://dropbox/vk/omnis.mpeg',909124,'{\"owner\": \"Ansel Torphy\"}',1,'1985-08-08 06:44:20','2020-05-09 18:54:41'),(86,7,'https://dropbox/vk/sed.avi',45160624,'{\"owner\": \"Devyn Lowe\"}',1,'2015-05-26 05:00:04','2020-05-09 18:54:41'),(87,8,'https://dropbox/vk/quisquam.png',60259,'{\"owner\": \"Grover Welch\"}',3,'1983-09-16 13:01:48','2020-05-09 18:54:41'),(88,1,'https://dropbox/vk/unde.avi',6218390,'{\"owner\": \"Taryn Welch\"}',2,'1982-10-17 21:01:08','2020-05-09 18:54:41'),(89,8,'https://dropbox/vk/nihil.png',669143,'{\"owner\": \"Grover Welch\"}',3,'1978-04-25 20:21:57','2020-05-09 18:54:41'),(90,6,'https://dropbox/vk/omnis.mpeg',560413,'{\"owner\": \"Tyreek Schinner\"}',1,'1991-04-18 14:36:11','2020-05-09 18:54:41'),(91,1,'https://dropbox/vk/placeat.png',608343,'{\"owner\": \"Taryn Welch\"}',2,'1978-01-24 23:46:10','2020-05-09 18:54:41'),(92,9,'https://dropbox/vk/et.png',24286,'{\"owner\": \"Jessy Raynor\"}',3,'1976-04-20 21:28:29','2020-05-09 18:54:41'),(93,8,'https://dropbox/vk/tenetur.avi',286404,'{\"owner\": \"Grover Welch\"}',3,'1985-04-19 11:52:33','2020-05-09 18:54:41'),(94,8,'https://dropbox/vk/sapiente.png',714255145,'{\"owner\": \"Grover Welch\"}',1,'1979-07-19 20:19:52','2020-05-09 18:54:41'),(95,1,'https://dropbox/vk/rerum.mpeg',349161,'{\"owner\": \"Taryn Welch\"}',2,'1980-01-22 08:47:41','2020-05-09 18:54:41'),(96,8,'https://dropbox/vk/hic.avi',876596,'{\"owner\": \"Grover Welch\"}',3,'2014-08-21 20:20:57','2020-05-09 18:54:41'),(97,6,'https://dropbox/vk/ipsam.avi',27142141,'{\"owner\": \"Tyreek Schinner\"}',3,'1982-01-20 19:08:44','2020-05-09 18:54:41'),(98,4,'https://dropbox/vk/quia.jpeg',325494,'{\"owner\": \"Darius Rosenbaum\"}',1,'2012-06-26 11:07:44','2020-05-09 18:54:41'),(99,5,'https://dropbox/vk/ea.png',987686,'{\"owner\": \"Ansel Torphy\"}',3,'1970-04-11 04:25:38','2020-05-09 18:54:41'),(100,9,'https://dropbox/vk/ut.png',951945,'{\"owner\": \"Jessy Raynor\"}',1,'1983-11-28 13:57:42','2020-05-09 18:54:41');
/*!40000 ALTER TABLE `media` ENABLE KEYS */;
UNLOCK TABLES;

--
-- Table structure for table `media_types`
--

DROP TABLE IF EXISTS `media_types`;
/*!40101 SET @saved_cs_client     = @@character_set_client */;
/*!50503 SET character_set_client = utf8mb4 */;
CREATE TABLE `media_types` (
  `id` int unsigned NOT NULL AUTO_INCREMENT,
  `name` varchar(255) NOT NULL,
  PRIMARY KEY (`id`),
  UNIQUE KEY `name` (`name`)
) ENGINE=InnoDB AUTO_INCREMENT=4 DEFAULT CHARSET=utf8mb4 COLLATE=utf8mb4_0900_ai_ci;
/*!40101 SET character_set_client = @saved_cs_client */;

--
-- Dumping data for table `media_types`
--

LOCK TABLES `media_types` WRITE;
/*!40000 ALTER TABLE `media_types` DISABLE KEYS */;
INSERT INTO `media_types` VALUES (3,'audio'),(1,'photo'),(2,'video');
/*!40000 ALTER TABLE `media_types` ENABLE KEYS */;
UNLOCK TABLES;

--
-- Table structure for table `messages`
--

DROP TABLE IF EXISTS `messages`;
/*!40101 SET @saved_cs_client     = @@character_set_client */;
/*!50503 SET character_set_client = utf8mb4 */;
CREATE TABLE `messages` (
  `id` int unsigned NOT NULL AUTO_INCREMENT,
  `from_user_id` int unsigned NOT NULL,
  `to_user_id` int unsigned NOT NULL,
  `body` text NOT NULL,
  `is_important` tinyint(1) DEFAULT NULL,
  `is_delivered` tinyint(1) DEFAULT NULL,
  `created_at` datetime DEFAULT CURRENT_TIMESTAMP,
  PRIMARY KEY (`id`),
  KEY `messages_from_user_id_fk` (`from_user_id`),
  KEY `messages_to_user_id_fk` (`to_user_id`),
  CONSTRAINT `messages_from_user_id_fk` FOREIGN KEY (`from_user_id`) REFERENCES `users` (`id`),
  CONSTRAINT `messages_to_user_id_fk` FOREIGN KEY (`to_user_id`) REFERENCES `users` (`id`)
) ENGINE=InnoDB AUTO_INCREMENT=201 DEFAULT CHARSET=utf8mb4 COLLATE=utf8mb4_0900_ai_ci;
/*!40101 SET character_set_client = @saved_cs_client */;

--
-- Dumping data for table `messages`
--

LOCK TABLES `messages` WRITE;
/*!40000 ALTER TABLE `messages` DISABLE KEYS */;
INSERT INTO `messages` VALUES (1,6,8,'Nesciunt rerum voluptates a. Dolorem rerum porro error accusamus amet veritatis aperiam voluptatem.',1,1,'1994-12-29 00:31:58'),(2,1,6,'Aut consequatur esse assumenda et voluptatem totam. Fuga temporibus illum et voluptate recusandae. Voluptatem quia atque eum quidem minima rerum. Consequuntur nemo omnis ullam explicabo quis culpa voluptatum.',0,0,'2005-12-23 00:20:28'),(3,7,3,'Ex sunt mollitia non ipsam illo quo est id. Atque sed commodi earum quia inventore. Numquam quod voluptatum tenetur fuga. Quo ab magni itaque ipsa.',1,1,'1992-02-24 21:01:08'),(4,3,4,'Facilis adipisci cum doloribus eligendi a et voluptas quia. Adipisci rerum in beatae praesentium optio enim beatae. Non dolores assumenda neque hic.',0,0,'1970-08-13 13:43:35'),(5,3,6,'Aut magnam fuga quisquam eos. Sed magni facilis omnis aspernatur. Id veniam pariatur placeat voluptates non impedit. Rem omnis veritatis quisquam corporis dolores.',0,1,'2015-01-04 15:17:51'),(6,2,5,'Ab saepe error non fugit fugiat voluptas. Neque consequatur quasi aliquam reprehenderit ex delectus et. Blanditiis odio eveniet corrupti asperiores veniam. Nobis impedit quidem id voluptatem ut molestiae.',1,0,'2015-11-04 19:47:35'),(7,1,4,'Qui doloribus ipsa et sit dicta. Autem cupiditate omnis velit consequuntur ex. Iste debitis perferendis necessitatibus iure mollitia eum et. Doloremque iure et consectetur.',1,0,'1981-09-14 00:25:11'),(8,1,9,'Laborum asperiores eum autem. Aspernatur distinctio expedita soluta officia vel. Nobis cumque in qui quo. Odit atque hic atque molestiae non numquam.',0,0,'2017-09-11 01:56:55'),(9,5,8,'Iste repellendus est qui quos. Officia omnis facere voluptatum. Velit consequatur voluptatem nemo eius beatae quas ipsa officia. Saepe sunt illum distinctio maiores distinctio. Enim quisquam animi recusandae quo.',0,1,'2016-02-25 06:19:07'),(10,2,9,'Beatae placeat necessitatibus perspiciatis eveniet aliquid reiciendis enim aut. Amet et fugiat voluptatum iste voluptates quidem. Nulla modi vel quibusdam quidem sit dolore. Eum voluptatem provident consequatur nihil. Quas ratione et quia eveniet cupiditate.',0,0,'2003-10-20 18:08:27'),(11,7,1,'Asperiores ut aut voluptatum nulla. Quia saepe ratione voluptatum quia praesentium. Illo ut autem aut odit aliquid.',0,0,'2017-12-06 23:49:11'),(12,9,6,'Laborum nemo est ullam itaque est ipsam. Recusandae voluptatem ratione autem eum. Vero et nisi quod cum. Reprehenderit ipsa aspernatur provident necessitatibus. Expedita voluptates eius est sequi sit voluptas velit.',0,1,'2005-10-18 11:36:19'),(13,9,9,'Et enim repudiandae ipsum et. Odit aspernatur voluptas ut est similique. Consectetur deserunt rem impedit dicta occaecati aut eos.',1,1,'2003-01-23 11:43:41'),(14,6,9,'Magni eveniet quia similique qui similique id quae quia. Aliquid totam sit error repellat vero. Quos aut sint suscipit debitis. Dolore excepturi ad illo nihil ut.',1,1,'1983-03-04 18:25:26'),(15,1,2,'Voluptatem dicta aut aliquid distinctio quia qui. Odio quas veniam maiores est ut.',0,0,'1981-06-23 01:31:14'),(16,9,2,'Aliquam cupiditate totam debitis qui soluta. Libero labore reiciendis sequi incidunt soluta. Ducimus a sit animi harum quam veniam nesciunt.',0,0,'1997-11-22 12:06:02'),(17,4,9,'Ut suscipit possimus eum libero inventore earum odio. Exercitationem praesentium eveniet vitae sit blanditiis non. Fugiat dignissimos et nihil rerum non labore.',0,0,'2017-05-14 07:03:45'),(18,1,8,'Ut voluptate eum dolorem iste. Sapiente quaerat voluptatem molestias deleniti. Rerum et provident consequatur qui odio minima. Voluptas sed dolores illum.',0,0,'2013-05-30 02:20:45'),(19,9,6,'Vitae quod sed voluptas deserunt quod necessitatibus consequatur. Voluptas est ut inventore aliquid deleniti sit. Laborum officia sit aliquid laborum voluptates quo quas.',1,1,'2008-06-19 18:55:07'),(20,9,1,'Et voluptatem ut quasi culpa itaque quia magni. Qui eius delectus deserunt qui. Sapiente aut vero aut quo. Fuga et id iusto dolorem fugiat commodi aliquam necessitatibus.',1,1,'2015-09-25 19:38:30'),(21,4,4,'Saepe fugit veniam aspernatur quam dolor qui praesentium ea. Tempore vitae nihil quia velit facilis reiciendis. Tempora recusandae est ut fugit praesentium. Et quis est dolorem eos eos.',0,1,'2020-02-20 07:15:42'),(22,7,2,'Nulla non maiores non quas repellendus quia. Quis ut nihil ipsam et. Aperiam esse rerum eveniet nihil et est.',0,0,'1988-08-13 06:06:46'),(23,5,2,'Itaque laborum qui quis voluptatibus magni. Ut asperiores voluptatem est aperiam molestiae animi. Magnam nobis aliquam sit aperiam illo quam porro. Similique beatae expedita rerum consequatur natus dolore et.',1,1,'2002-03-28 07:43:47'),(24,1,2,'Cumque in et aut officiis iste. Doloribus qui et cumque qui sint deleniti mollitia. Autem voluptas nemo odit sunt. Harum veniam nihil rem minus impedit aut. Quos beatae ad fugit ipsa qui at quia.',1,1,'1986-03-21 15:23:41'),(25,6,1,'Libero commodi modi saepe qui quibusdam sed unde eligendi. In non nihil et. Architecto similique quia saepe temporibus nihil. Dicta est quo et a ipsam autem.',0,1,'1976-10-13 08:18:06'),(26,5,6,'Neque voluptatem odit aut illo in quia. Laborum commodi nulla illo placeat numquam. Quis repudiandae numquam mollitia ut repellat harum.',1,1,'1995-08-03 13:27:30'),(27,8,4,'Corrupti omnis tempore optio amet fuga rerum nisi. Voluptatem eius ipsa id. Vitae esse expedita quaerat nisi eius sit officia eaque.',0,1,'1993-02-05 22:29:46'),(28,7,9,'Dicta eum laudantium laudantium autem. Et corrupti ullam eum eum quia recusandae commodi. Modi nihil eum quaerat quia et nobis omnis.',1,1,'2014-10-30 05:22:04'),(29,6,6,'Deserunt voluptate dicta eum quo. Veniam dolorum excepturi hic nihil omnis vitae molestiae. Adipisci atque corporis ea impedit neque. Eum omnis nisi reprehenderit in consequatur sunt laudantium.',0,0,'2020-03-11 12:30:09'),(30,4,8,'Et ut cumque recusandae aliquam consequuntur modi quos. Et voluptatem ut sunt ut. Non soluta soluta quas non maxime neque vero et.',1,0,'1981-02-08 02:08:17'),(31,2,6,'Ea ducimus illum qui nostrum sed. Qui et porro sint officiis aut cumque iste. Quia molestiae officiis dicta aliquid voluptatem. Est nostrum aperiam molestiae at sint accusantium.',0,1,'1980-07-03 21:28:37'),(32,9,7,'Velit porro saepe minima. Accusamus sed necessitatibus omnis qui blanditiis et atque. Qui qui consequatur unde animi voluptatum aut aut. Quo vero nostrum eligendi deleniti ut.',1,0,'1983-07-05 14:39:58'),(33,7,4,'Quia optio quisquam sed amet eos asperiores vitae. Et nihil facilis veniam. Esse quidem temporibus voluptates.',0,0,'1978-01-23 13:21:02'),(34,4,6,'Quas aperiam deserunt quod mollitia minus et et. Cupiditate dolor natus amet et perferendis porro enim eaque. Est qui nisi aut. Qui saepe eaque eum repellendus.',0,1,'2004-09-01 23:47:40'),(35,7,8,'Enim et molestiae ut perspiciatis odit dolorem unde. Occaecati quos a praesentium vero. Assumenda aliquid voluptatum possimus debitis tempore. Quisquam esse odio mollitia et in vero molestias.',1,0,'1977-07-16 12:22:33'),(36,4,5,'At rerum exercitationem ea non expedita repellat. Laudantium nemo debitis impedit. Sit alias odio eum vel eligendi et blanditiis.',0,0,'1971-03-20 06:07:56'),(37,8,1,'Tempora ratione voluptatem nam doloribus est ducimus illo. Quae rerum veritatis quo expedita iusto optio. Alias aut provident quia laborum nihil. Molestiae qui laudantium quae id quis.',0,1,'2001-07-19 22:40:36'),(38,6,8,'Quia eaque velit excepturi exercitationem accusantium ad. Officia voluptatum quia optio reiciendis eos sunt sit. Sint inventore iste sit repudiandae.',0,0,'1996-10-04 12:12:14'),(39,8,9,'Impedit inventore dolor rerum necessitatibus beatae. Ut necessitatibus et sit dolor ipsam impedit libero. Aut qui facere suscipit est. Occaecati ipsum laudantium sunt facilis.',0,1,'1992-02-04 12:01:32'),(40,2,3,'Sapiente et voluptatem delectus odio quia itaque. Quia alias atque qui vel aut eaque illo. Quasi voluptatem autem quas rerum molestiae modi.',0,0,'1981-03-11 01:31:21'),(41,2,4,'Molestiae consectetur voluptatem unde. Aut qui et repellat odit officia at praesentium. Ullam illum reiciendis possimus animi iure expedita. Recusandae non ea nemo voluptatem.',1,0,'1993-06-25 10:35:13'),(42,7,4,'Officiis mollitia autem officiis. Libero voluptas non fuga dolores qui aspernatur. Repudiandae tempora deleniti qui minus et adipisci delectus temporibus.',0,0,'1988-05-20 22:44:03'),(43,1,7,'Aliquid aut eum ea libero deserunt sit non. Ullam fuga consequatur quaerat soluta optio. Et tempora molestias laborum. Expedita aut omnis consectetur id nobis.',1,0,'2004-10-25 19:23:53'),(44,7,2,'Qui dicta et error aut adipisci ut. Assumenda ex at et libero temporibus non quaerat. Nostrum eos recusandae modi.',0,0,'1999-04-19 07:32:13'),(45,4,4,'Dolor ut enim soluta eos. Enim eveniet consequatur nihil ad repellat molestiae. Fuga rerum sunt commodi dolores aut suscipit. Cum odit aut eum deleniti sunt vitae.',1,1,'1973-06-15 22:48:24'),(46,2,9,'Repudiandae omnis ea rerum consequatur praesentium laudantium. Asperiores optio tenetur nobis sit fugit eos. Voluptatem fuga quo qui amet et.',0,1,'1981-11-15 07:02:36'),(47,5,3,'Quisquam non quaerat eligendi. Id molestiae repellat magni architecto qui itaque. Tempore dolorum et quos ea perspiciatis est.',1,1,'2019-11-13 04:17:18'),(48,4,7,'Exercitationem id sit est placeat est debitis. Incidunt maxime nam qui quia rerum minus. Temporibus quia aut est. Sapiente est error neque voluptas ea.',1,0,'1988-09-05 02:05:16'),(49,5,9,'Quas non sequi animi soluta eaque repudiandae. Eveniet molestiae voluptatum sint quia doloremque. Quas dolor quia assumenda laboriosam facere. Sed molestiae est qui amet est et porro.',1,1,'1976-01-09 02:37:10'),(50,2,1,'Est non unde eveniet magni doloribus. Officia quod architecto magnam inventore. Magni quia delectus nemo labore quam eum est officia. Omnis unde suscipit cupiditate consequatur.',0,1,'1982-07-30 03:08:15'),(51,9,1,'Architecto repellat eum est quisquam est et ad. Quaerat nisi non in rerum nihil cupiditate distinctio delectus. Reprehenderit non sed ab facere ipsam veniam. Consequatur officia omnis tenetur sed aut.',0,0,'1976-09-21 05:23:58'),(52,4,1,'Iusto dolore natus consequatur debitis. Dolores qui nobis nihil facere aut qui. Nisi temporibus quasi beatae fuga rerum velit. Repellendus nesciunt et enim.',1,0,'1991-06-02 18:58:25'),(53,7,8,'Quia culpa quia autem excepturi autem. Temporibus recusandae eos beatae sunt. Maiores maiores et pariatur harum vel rem fugiat.',1,1,'1998-11-19 00:56:28'),(54,3,4,'Iusto in at aut et voluptatem. Nesciunt earum ut voluptatem. Consequatur laudantium maxime odit ut. Tenetur velit sit molestiae nesciunt.',0,1,'1974-09-15 08:28:39'),(55,2,3,'Nesciunt alias in repudiandae voluptatem rem quasi. Tempore ad nihil facere ea veniam. Ea quo cum consectetur est aut impedit illo.',1,1,'2004-07-17 11:21:05'),(56,4,6,'Odit pariatur itaque ut quo eligendi laudantium sapiente. Saepe minus quisquam repellat voluptatem nihil labore. Impedit sed aut ipsam deserunt et. Dolore molestiae ut eos sed et.',0,1,'2007-07-12 01:13:21'),(57,8,5,'Sit vitae ut totam rem illo. Mollitia et qui aut ipsum. Quia ut exercitationem quidem minima a.',0,1,'1995-05-09 03:21:02'),(58,5,8,'Non asperiores eveniet adipisci sed tempora aut aliquam. Facilis occaecati eos delectus est officia ea molestiae incidunt. Non omnis et deleniti placeat laudantium sit. Iusto aliquid ullam perferendis. Eum odit omnis qui id voluptatem accusamus dolor.',0,0,'1972-04-22 16:22:45'),(59,6,4,'Sint aut ipsam adipisci minus amet. Vel illum quam dolore tenetur et. Doloribus debitis asperiores delectus non.',0,0,'2007-08-25 07:33:11'),(60,5,2,'Nihil natus laborum mollitia eveniet distinctio. Deleniti modi accusantium quia dolores eos voluptatibus et. Perferendis nihil a et iusto consequatur ad qui. Similique omnis delectus est porro.',1,0,'1983-10-29 11:05:25'),(61,3,5,'Non sit molestiae velit qui. Nisi aut aliquam velit dolorum voluptates magni qui. Facilis sequi necessitatibus et.',1,1,'2019-10-30 16:50:53'),(62,7,9,'Sequi saepe consequatur veniam qui impedit ab. Voluptatum sed quis sed adipisci consequatur magnam. Eveniet fugit est possimus ad itaque quo eveniet est. Praesentium quo repellendus ut inventore.',1,0,'1981-05-20 07:30:07'),(63,9,9,'Ullam facilis vero omnis. Voluptatem odit enim sit sapiente ratione. Non ipsum quo inventore beatae quisquam eius. Beatae velit sint non quaerat reiciendis et consequatur mollitia.',1,0,'1980-02-05 00:06:36'),(64,6,4,'Sequi cum et aut officiis qui nam quisquam. Sunt recusandae at ad hic optio accusamus. Id fugit non nihil.',1,0,'1987-12-06 05:20:23'),(65,6,8,'Aperiam saepe mollitia fuga eligendi explicabo sed tempore. Consequatur exercitationem blanditiis magnam qui. Voluptatibus quos reiciendis qui eaque culpa facere amet veritatis.',1,0,'1987-11-16 15:47:16'),(66,5,7,'Officiis est est sint ut modi. Minus neque voluptatum neque quia molestiae voluptatem. Id fugiat dolor fugit accusamus. Sapiente ut pariatur omnis mollitia.',1,1,'2009-06-17 04:11:18'),(67,6,5,'Animi sit est ad. Sunt qui aut ut delectus. Optio minima dicta voluptas qui sed voluptas. Reiciendis ut corporis atque nam sint.',0,0,'2001-06-21 15:05:50'),(68,4,8,'Ab et rerum molestiae voluptates laudantium veniam quibusdam. Autem distinctio modi et explicabo.',0,0,'1980-01-08 11:53:22'),(69,1,8,'Rerum quae architecto consectetur. Velit autem nulla natus atque error minus. Optio inventore dolores sit eligendi praesentium. Totam laboriosam similique laboriosam maiores nisi dolorum.',1,0,'1999-12-09 08:24:11'),(70,1,3,'Et voluptates officia voluptas quia eos deserunt ipsa. Dolores et facere non vel veritatis. Officia quis ratione aut inventore voluptatibus quam. Quos aperiam voluptatem fuga labore. In eos dolores illum sint.',0,0,'2003-06-12 04:31:58'),(71,5,7,'Aperiam eos maxime voluptates exercitationem qui et sed sint. Error vero eum dolore. Magni autem est cum ipsam nam autem et et. Minima dolor ullam consequuntur consectetur aliquid.',0,0,'1990-01-31 16:08:52'),(72,4,5,'Blanditiis soluta porro ut non sint optio. Quia perferendis est dicta nostrum reprehenderit atque. Voluptas saepe suscipit rerum nesciunt ut cumque. Corporis consequatur vel distinctio.',1,1,'1980-11-14 22:16:37'),(73,7,7,'Ratione aut maiores odio enim id. Distinctio qui earum quo qui id. Maiores ea magnam voluptatum et expedita.',1,1,'1986-04-15 11:41:47'),(74,8,4,'Et qui porro assumenda totam quia ea. Dignissimos accusamus quas iusto molestiae placeat excepturi dolor. Dolorum quisquam est et magnam. Provident et doloremque fuga assumenda itaque aut repellendus. Laboriosam consectetur et id sunt quia sed dolor.',1,1,'1995-01-06 21:36:29'),(75,3,9,'Veritatis aut id perferendis voluptates. Vel non ut ipsa ut. Non ab expedita vero voluptate saepe neque. Accusamus quod ut sed vel dolorem id.',1,1,'1976-12-01 00:45:33'),(76,7,8,'Culpa iste veniam facere eveniet laborum alias dolores aspernatur. Vel ratione culpa dolorem est aut saepe. Cum minus molestias quia nesciunt est veniam. Vero unde laboriosam earum est.',1,1,'1993-01-30 22:29:09'),(77,1,8,'Voluptas eveniet vel dolorem nobis aut tenetur facilis ratione. Velit distinctio consequatur eos delectus. Et dolorem deserunt voluptate. Et aut recusandae et facere quis et quia.',1,0,'1995-02-10 19:04:00'),(78,3,3,'Amet corporis quia sed odio est deserunt. Autem molestias ducimus at minima hic qui. Quaerat ut officia hic et.',1,0,'1982-05-22 07:16:42'),(79,7,8,'Ea temporibus aut delectus. Veniam laboriosam et voluptatum magnam. Consequatur rerum cum non eveniet dolor. Quia asperiores tenetur officia et dolore. Commodi consequuntur enim laboriosam veniam eum rerum rerum.',0,0,'2011-04-07 18:25:42'),(80,6,5,'Doloribus in nobis consequuntur soluta laudantium expedita. Qui dolorem sit dolores porro iusto explicabo modi. Qui est dolorem corrupti ipsa possimus temporibus nulla. Expedita est magni vitae aut harum. Velit voluptas ut dolorem mollitia ut quae nihil.',1,0,'1980-11-01 01:21:05'),(81,5,2,'Commodi deleniti velit et et numquam. Velit dicta mollitia ipsum.',1,1,'2008-07-04 22:22:50'),(82,8,6,'Labore voluptate dignissimos sunt id. Aut veniam et dolores sapiente. Temporibus dolores repudiandae qui reprehenderit ut necessitatibus. Incidunt beatae aut soluta eum eligendi.',0,0,'2004-04-10 19:43:12'),(83,8,2,'Ut deleniti provident magnam. Et dolores molestias reprehenderit debitis voluptatem aliquam. Et repellendus ut excepturi excepturi sunt ratione veniam. Alias ut nostrum repellendus sed aspernatur voluptas laboriosam repellendus. A deleniti officia aliquid alias quia sit.',1,1,'2014-11-06 04:55:58'),(84,5,4,'Minima ad dolores saepe esse voluptatem nostrum accusamus. Recusandae unde temporibus impedit vel at. Quaerat id enim velit aut. Temporibus possimus molestiae quas et omnis rerum rerum.',1,1,'2008-12-04 22:10:54'),(85,1,6,'Eos recusandae non et. Ratione autem exercitationem nesciunt quod temporibus et adipisci. Quis voluptate et nesciunt laborum.',1,1,'1972-10-21 13:37:55'),(86,5,4,'Modi libero necessitatibus et. Quae aliquam facere et quis voluptates. Aut repudiandae vitae doloremque accusantium ad cum reprehenderit.',1,1,'1977-11-14 11:21:25'),(87,9,6,'Et totam quisquam ipsa in rem. Expedita minima velit ea. Dolor atque fugit eos rem sapiente architecto unde. Fugit voluptatum nemo explicabo in doloribus ad temporibus. Sed est at repellat.',1,1,'2001-06-02 11:50:48'),(88,4,5,'Et saepe in esse animi. Vel sit dicta occaecati in consequatur. Ex quibusdam architecto iusto maiores.',0,1,'1979-09-20 23:07:31'),(89,2,6,'Consectetur aut optio facilis quasi. Ut fuga aut repellendus autem magni repudiandae. Et rerum sunt itaque nihil non sed. Ut quo cumque aut autem laborum quo et.',0,1,'1995-07-03 02:04:04'),(90,7,4,'Harum et dicta laboriosam porro. Occaecati optio ut dolor commodi. Doloremque voluptate aspernatur illo cupiditate. Quia aperiam quia a labore.',0,0,'1976-11-05 03:19:39'),(91,5,9,'Labore vitae distinctio facere voluptas in delectus non. Inventore rerum eius ratione omnis mollitia reprehenderit rerum eum. Maiores sunt adipisci rerum repudiandae itaque.',0,0,'2017-09-01 02:31:14'),(92,9,1,'Sunt rerum qui qui alias deserunt molestiae ex. Et consequatur aliquam provident. Aut suscipit itaque quo in et nisi eveniet aut. Omnis aspernatur libero dolorem quis est quia exercitationem. Aut et soluta ipsam similique voluptatibus.',1,1,'2008-08-17 06:35:50'),(93,1,2,'Ut vitae qui et quas aliquid perferendis. In rerum omnis at sint perferendis mollitia id. Quis et sunt nulla sequi. Accusantium aut culpa sunt non pariatur distinctio quaerat maxime.',0,1,'1972-05-14 20:59:58'),(94,5,5,'Ratione maxime fuga quasi quibusdam itaque. Cum voluptatibus fuga laudantium quia facilis iste. Porro iure dolores id voluptatum. Natus sit earum asperiores.',0,0,'2018-07-21 00:14:53'),(95,2,2,'Tempore doloremque reiciendis ipsam sit. Rerum perspiciatis itaque cupiditate molestiae ea est ut incidunt. Maiores sint temporibus ad suscipit dolor. Optio eos cumque vitae facilis consequatur sequi.',1,0,'2020-03-24 08:38:23'),(96,9,6,'Eos atque cupiditate ut qui tenetur sed. Dolorum dolorem ducimus aut omnis et repellendus accusamus. Iusto alias similique dicta ut accusantium. Aliquam facilis voluptatem corrupti repellat qui aut repudiandae.',0,1,'1987-03-02 15:35:44'),(97,4,3,'Explicabo adipisci nobis iusto inventore ut. Saepe voluptatem sed et harum minima deleniti. Unde molestiae consequatur ea aut vitae aperiam praesentium. Quam in molestiae qui magnam quaerat. Velit occaecati dicta nam.',1,1,'1991-08-28 21:04:27'),(98,4,4,'Aut doloribus esse repellendus et quod officia. A rem illum est sint earum atque.',0,1,'1990-01-17 01:45:30'),(99,4,9,'Labore aliquam et aut repudiandae vitae praesentium. Qui sunt distinctio dolore velit quia. Nulla voluptates repellendus aut doloremque consectetur nam.',0,1,'1972-03-29 02:29:36'),(100,9,4,'Sint quam reiciendis numquam atque. Accusantium aut delectus consectetur autem quidem vel. Eius molestiae molestiae distinctio sit non voluptatum.',1,1,'1985-05-09 13:40:09'),(101,2,7,'Quod dolore unde et. Placeat maxime voluptatibus quia aliquam est explicabo. Illo in magni quisquam non enim architecto. Provident expedita provident hic.',0,1,'2016-07-05 06:56:24'),(102,7,9,'Quisquam velit fugit commodi nisi. Quaerat ut recusandae quis ipsum. Reiciendis incidunt commodi dolor. Sint quo nisi ea qui.',0,1,'1993-12-13 05:23:32'),(103,4,7,'Consequatur enim vitae ad asperiores animi dolorem est. Occaecati sit error iusto molestiae laudantium ut porro. Voluptatum pariatur expedita sed iusto.',1,0,'2019-10-10 03:49:26'),(104,8,4,'Ullam id ut quia. Quo aspernatur in non quia qui ut hic est. Sit qui sequi fugiat itaque culpa omnis sint. Aut ut nisi rem aut et.',0,0,'1994-07-28 17:36:26'),(105,4,1,'Corrupti asperiores libero adipisci et. Labore consequatur laborum accusantium est repellat molestiae. Omnis voluptatem aperiam velit sed aliquid qui iure.',1,1,'2010-08-20 15:47:11'),(106,2,3,'Quo incidunt sunt ipsam. Velit quibusdam sequi et ut voluptatem a consequatur. Laborum laudantium adipisci autem doloribus. Alias cupiditate perspiciatis et sit ex id ad.',0,1,'2020-01-24 08:11:16'),(107,9,6,'Sunt adipisci consequatur nisi architecto labore. Qui et dolore dolorum at beatae minus. Quis earum dolor ab et amet est. Voluptates voluptate vitae tenetur quaerat dolor et.',1,0,'1981-03-17 06:43:14'),(108,2,7,'Voluptas aperiam maxime assumenda iusto ipsum dolores est consequuntur. Aut autem ipsum architecto molestias. Fuga temporibus cumque et voluptate ullam pariatur consequuntur. Sed perferendis et dicta voluptates amet. Ipsum doloremque atque qui officia.',1,1,'1999-06-27 07:51:16'),(109,2,7,'Saepe veritatis sint ex id et et. Possimus voluptates fuga dolore quisquam omnis rerum fuga.',0,1,'1975-05-12 15:28:48'),(110,2,1,'Occaecati iste sed et facere ex voluptatem voluptatem illum. Nisi ex omnis harum incidunt ut nihil. Aut quibusdam veritatis dolorem aspernatur.',1,1,'1997-09-13 07:46:47'),(111,3,8,'Nihil et ipsum voluptas laborum earum nesciunt optio. Non quam dolor laudantium odio quo molestiae illum. Magnam nisi minima quis qui. Quia rerum eum rerum vel at laboriosam.',0,0,'1992-06-14 01:04:00'),(112,2,5,'Quia odio omnis nostrum architecto animi pariatur delectus. Sed eaque sunt quo aperiam sed. Porro necessitatibus consequatur iusto ut ipsum. Optio ut aperiam aliquam minus et. Quod et dolor aspernatur fuga ducimus qui atque.',1,1,'1976-09-08 06:50:59'),(113,7,8,'Voluptatem amet tempore voluptatem nihil quidem rerum. Et accusantium sint sed.',0,0,'2013-06-12 17:35:44'),(114,7,9,'Quas consequatur veritatis nihil voluptas. Illo nostrum nihil rerum velit nemo. Quisquam atque minus quo vel harum neque et.',1,1,'2004-03-20 17:57:19'),(115,1,7,'Neque quod libero hic earum quia sit. Rerum et excepturi enim. Consequuntur nobis quasi sequi ipsam.',1,1,'2012-08-23 01:53:36'),(116,4,2,'Laborum architecto magni placeat non. Optio magni error non eum qui ut ut. Hic rem aut tempora sed alias.',0,0,'2015-11-22 07:14:50'),(117,8,2,'Qui nisi ratione voluptas maiores aut. Omnis dolor laboriosam quas et minima voluptates quod. Molestiae qui delectus eum eaque occaecati ut aspernatur. Dolorem occaecati laudantium illum in.',0,0,'2015-05-06 09:33:36'),(118,7,8,'Vero et exercitationem quia. Delectus possimus praesentium et. Amet ut ut iste aut.',1,1,'1981-10-15 06:44:12'),(119,7,7,'Ullam sed ea ipsum et et. Dolores quibusdam laborum nam. Necessitatibus alias et animi repellat facilis.',0,1,'1987-05-27 12:58:09'),(120,4,3,'Ut libero laboriosam repellat quam facere sunt quasi. Deserunt dolorem enim illo eos aut ut asperiores. Dicta quae quae beatae. Qui aut aspernatur repudiandae odit eum non.',0,1,'1973-03-18 04:09:29'),(121,9,6,'Iusto rerum nostrum dolores officiis rerum. Itaque tenetur officiis aut sed provident provident itaque repellat. Culpa autem laborum provident vel ad.',1,0,'1994-10-03 14:03:56'),(122,1,4,'Ut nostrum modi at id ratione mollitia rerum. Mollitia quia consequatur deleniti. Voluptate omnis necessitatibus porro et. Consectetur rerum corrupti blanditiis excepturi fuga.',1,0,'2012-09-28 00:31:39'),(123,5,2,'Eius minima ut eveniet. Id aliquid asperiores asperiores expedita aperiam sit. Et velit distinctio minus corrupti voluptatibus voluptates voluptate. Saepe ducimus animi aut ea.',0,1,'1976-05-06 19:53:24'),(124,4,6,'Cum incidunt expedita voluptatem suscipit perspiciatis tempora suscipit eum. Non omnis voluptatibus non ullam ut labore debitis. Sapiente ut ea error et. Aut incidunt natus qui.',0,0,'1986-11-27 18:48:53'),(125,7,6,'Veniam repudiandae consequatur culpa animi. Architecto distinctio nisi est aliquid. Rerum aut ipsum quidem voluptatibus id voluptatibus sequi. Facere vitae natus illo ut voluptas ab.',1,1,'2009-12-09 23:26:57'),(126,5,1,'Qui nam debitis quam deleniti magni. Incidunt sed id provident sit sed numquam. Id culpa ratione repellat dolorem. Sapiente consequatur quo omnis.',0,0,'1982-01-07 02:18:04'),(127,8,7,'Consequuntur aut quidem sequi ipsa. Est omnis quas exercitationem aspernatur sit voluptas eius modi. Cupiditate quia provident repellat.',1,1,'1982-01-15 21:11:20'),(128,5,4,'Officiis eligendi cupiditate aliquid consequatur atque sit eos. Nobis et aut non provident ratione velit. Reiciendis a rerum vitae a. Voluptas quas deserunt magni illo.',0,0,'2008-10-25 12:38:01'),(129,1,3,'Iste ducimus dolores accusantium iusto quia voluptas maxime. Eligendi iusto sit nam aut et. Alias rerum qui asperiores minima odio tempora. Quisquam suscipit qui numquam repellendus mollitia quo.',1,1,'1970-03-06 11:56:23'),(130,6,1,'Quo consectetur et quibusdam neque et voluptatem. Eligendi neque aut ipsa perspiciatis. Rerum voluptatum sit vitae alias dolorem.',0,1,'2015-12-18 06:17:13'),(131,9,3,'Blanditiis natus rerum aliquam sint quaerat culpa quia. Ut sit sequi est sed sit suscipit. Ut magnam explicabo dolores maiores commodi exercitationem voluptatem.',0,0,'1972-05-16 05:22:11'),(132,8,9,'Consequuntur animi similique fugiat ea. Numquam aliquid odit rerum ut neque quia debitis. Et ut placeat itaque.',1,1,'1975-10-21 15:53:58'),(133,4,2,'Repellendus nihil velit aut minima. Adipisci natus necessitatibus est non quia amet molestiae. Optio veniam dolor quibusdam eaque molestiae porro. Ad consequatur iste voluptas hic eligendi.',0,0,'1985-05-14 23:24:41'),(134,6,6,'Id est dolores quidem dolorem nihil impedit. Ipsa commodi qui veniam illo blanditiis consequatur velit maxime. Ratione explicabo error sint ut.',0,1,'1977-01-27 09:51:16'),(135,8,5,'Vitae minima voluptas sunt hic ut cum. Doloremque ducimus earum quia.',1,0,'1993-01-27 01:07:51'),(136,1,4,'Ipsam ducimus aperiam eum molestiae. Tempora aut aut ratione eius veritatis cumque.',1,0,'1984-09-30 17:09:49'),(137,7,5,'Veniam qui aut id velit. At nesciunt omnis omnis consequatur est nisi. Quibusdam ut sed nam eius maxime.',1,0,'1985-03-04 02:53:51'),(138,4,1,'Voluptates quaerat odit tempore est pariatur modi voluptatem ullam. Fuga sunt voluptates et possimus blanditiis velit. Asperiores laboriosam consequatur suscipit expedita ut.',0,0,'1997-12-31 02:36:49'),(139,5,2,'Porro non magnam quos tenetur perferendis facilis. Explicabo fuga veniam est in. Et ut voluptatem ut aliquam. Quo odio enim labore quia repudiandae aut illo.',0,1,'2018-07-06 09:17:39'),(140,1,8,'Et quos dolore ut quasi excepturi. Ut vel occaecati ut quisquam quidem voluptatum. Libero ratione dolor voluptates dolores. Facere totam suscipit rerum quam tempore ratione.',0,0,'2000-04-18 03:18:45'),(141,3,9,'In et est commodi eligendi ut corrupti sunt. A et aut doloribus eius fuga quis corrupti. Magnam iusto ratione sunt qui exercitationem voluptatem error. Velit voluptatem soluta omnis dolores.',1,1,'1992-01-25 05:37:57'),(142,4,5,'Sequi culpa labore nostrum omnis enim non. Expedita similique assumenda id dicta qui quidem deserunt possimus. Sit dolor rerum non dolore. Omnis ut quo consectetur quia. Fuga nesciunt atque optio distinctio aperiam harum.',0,1,'1974-12-05 13:56:03'),(143,9,8,'Praesentium amet in alias optio. Sit laboriosam est fugiat expedita impedit. Vel dolores consectetur laborum aut libero mollitia vel iusto.',1,0,'2013-02-04 18:22:20'),(144,7,1,'Dolorem at aspernatur animi nulla. Magnam iure itaque enim ad nesciunt fugiat dolores. Perferendis fugiat soluta eos illum.',0,1,'1977-06-24 15:07:59'),(145,8,5,'Quam ipsum laboriosam omnis tempora animi voluptas. Aut qui impedit deleniti nam. Voluptatem doloremque similique molestias voluptas sed est voluptatem.',1,0,'1994-04-15 03:00:12'),(146,2,2,'Officiis hic labore dicta eius repudiandae. Et quia distinctio veniam qui corrupti et et. Aliquid officia expedita recusandae qui repellat ut est consequatur.',0,1,'2005-09-16 18:57:45'),(147,3,1,'Asperiores necessitatibus et ut at qui. Tempore in saepe dolorem mollitia deleniti eos dolore omnis. Molestias odit perspiciatis omnis sunt.',1,1,'1977-10-04 12:17:39'),(148,2,2,'Consequatur dolor aperiam debitis quasi illo et. Odit est rerum beatae animi vel alias laborum. Sapiente dolorum ut ab. Soluta neque minima delectus corrupti.',1,1,'2006-05-05 19:10:28'),(149,4,2,'Corrupti voluptates possimus deserunt atque. Nemo qui necessitatibus quia minima autem quaerat. Quo enim voluptate velit consequatur quis. Aliquam voluptatem ipsum alias consequatur. Porro in nisi enim sit beatae maxime consequatur.',1,0,'1991-08-27 08:49:33'),(150,9,9,'Omnis quisquam quo adipisci voluptas tempore. Corporis reiciendis ducimus quia et accusantium consectetur. Ipsa ut rem et odit. Voluptate numquam velit deserunt omnis quo.',1,0,'1998-01-16 02:14:46'),(151,5,2,'Esse ea aut quae dicta sunt aut esse. Ea unde doloremque officiis vel quam dolorem non. Fugiat omnis accusantium perspiciatis illum iste nam.',1,0,'1999-03-30 20:07:33'),(152,9,4,'Natus quo eos voluptatem quaerat exercitationem est voluptatem. Reprehenderit accusamus suscipit autem. Velit sequi tenetur rerum voluptas facere dolores. Natus debitis sit quia rerum.',1,1,'1988-06-10 23:56:32'),(153,2,7,'Suscipit facilis eaque quis consequatur. Quam illum sit sit nam porro. In possimus distinctio est est neque qui.',0,1,'1986-11-29 23:02:57'),(154,7,8,'Eum quidem voluptatem necessitatibus consequatur unde. Sed doloremque aut architecto rerum reprehenderit. Omnis est dignissimos maxime optio facere similique. Modi nesciunt omnis aut at consequatur ut quae.',0,0,'1998-06-27 11:31:45'),(155,6,5,'Facilis natus ut dignissimos vel minima est. Dolores quaerat autem cumque necessitatibus et. Odio temporibus voluptatum odio a. Placeat magni fugit laboriosam reprehenderit.',0,0,'2001-03-14 09:11:54'),(156,3,6,'Quis eveniet quasi autem ipsum labore et odio eius. Repellat voluptate nam iusto saepe voluptas. Nam quis rerum eius veritatis assumenda nobis rerum.',1,1,'1999-11-24 15:24:44'),(157,1,5,'Ullam incidunt molestias eveniet provident earum. Nesciunt beatae autem rerum. Voluptas et quas dolor eum ex quod labore. Tempora voluptate et doloremque quas aut quisquam quo.',0,0,'2005-11-24 04:35:57'),(158,7,7,'Sed inventore ea nihil a possimus. Quisquam dolores qui non tenetur. Necessitatibus eos asperiores quod et dolor nostrum ea explicabo. Et natus ea in dolorem veritatis sed architecto.',0,1,'2008-01-20 15:04:05'),(159,8,6,'Consectetur odit cumque adipisci aut eaque. Quam officiis temporibus ea animi minus quibusdam.',1,0,'1983-10-30 23:07:25'),(160,4,6,'Necessitatibus voluptatem nam dolores a quidem id quibusdam. In nam placeat at corporis porro provident quas. Et a quis laborum aperiam sed repudiandae.',1,1,'1983-07-18 02:59:28'),(161,7,2,'Et nostrum esse error voluptates expedita voluptatem nemo. Quidem aut non molestiae natus est quos.',1,1,'2005-09-08 02:23:41'),(162,5,4,'Sapiente itaque culpa totam quis. Quia nihil est vel aperiam ratione dolorum perspiciatis. Quae eos eos occaecati magni. Reiciendis aperiam qui aut totam iste.',0,1,'2011-12-26 15:58:24'),(163,1,7,'Eligendi et ut id nihil. In repellat sunt eos nihil ad voluptatem. Aliquam incidunt cupiditate sint architecto ducimus exercitationem et. Est natus delectus atque voluptas laudantium minus adipisci.',1,0,'2000-07-25 15:10:51'),(164,2,2,'Et animi in aliquam praesentium provident. Sit qui sit sint magni ipsam voluptates.',1,1,'2008-03-22 18:24:58'),(165,4,3,'Voluptates rem ipsa in laborum amet corrupti dolor. Aut est qui libero quaerat consectetur. Reiciendis dolorem soluta minus in illum rerum reprehenderit.',0,0,'2012-07-25 16:54:47'),(166,9,1,'Sint rem esse blanditiis magnam explicabo odit. Quos voluptatem quaerat unde quis.',1,0,'1978-09-04 04:30:46'),(167,1,3,'Quis odit aut velit cum asperiores. Aliquam perferendis nam ea excepturi adipisci qui. Enim deserunt praesentium eos voluptatem. Beatae tempore laboriosam dolorum autem. At officia saepe maxime amet dicta dolor.',1,1,'1984-10-03 11:37:59'),(168,5,4,'Eum ut delectus quia est repudiandae eum eos. Fugit dolorem praesentium voluptatem corporis esse repudiandae et. Ea cupiditate qui voluptatibus.',0,0,'1982-06-19 15:18:22'),(169,2,9,'Sunt qui eum nemo blanditiis aut. Et officiis vel modi est nisi. Saepe iste consequatur totam. Nostrum incidunt laborum qui culpa.',0,0,'2003-01-22 12:05:44'),(170,4,4,'Iusto dolorem debitis blanditiis. Quaerat perferendis nulla ipsum reprehenderit est sed.',0,1,'1986-09-17 04:28:52'),(171,3,3,'Harum eligendi nobis deleniti debitis laborum enim aut rem. Tempore deserunt quae velit sapiente quisquam qui. Quasi numquam id est deleniti.',0,0,'2011-11-30 18:10:50'),(172,4,2,'Consectetur quis sit molestiae consequuntur. Velit reiciendis vero pariatur. Facere nihil debitis nesciunt qui.',1,1,'1987-07-19 13:59:23'),(173,7,1,'Quis ex incidunt culpa numquam necessitatibus. Explicabo fugiat ducimus aut dolor. Dolorem expedita laudantium odio repudiandae reiciendis. Qui voluptatem debitis unde illum a ut.',0,1,'1996-03-29 09:09:43'),(174,8,4,'Harum aut odit excepturi accusamus a ut in. Minima ea unde magnam vel impedit aliquid. Doloremque ut quia aliquid esse rerum. Architecto ex mollitia aut veritatis et magni vero eos. Illo ut molestias tempora ipsum aut.',1,0,'2016-06-13 14:02:05'),(175,5,2,'A deleniti nemo officiis et ipsum iusto. Animi quod accusantium vitae iure. Laborum dolores quidem aut molestiae vel porro quia.',0,1,'1994-07-19 03:02:52'),(176,3,6,'Eum quos blanditiis minus nihil natus. Autem doloremque soluta at ex et dignissimos itaque. Minus recusandae est deserunt ea et.',0,1,'1998-03-18 01:02:12'),(177,9,4,'Delectus cumque enim hic. Consectetur inventore quaerat ut quia.',1,0,'2009-07-28 18:48:28'),(178,7,2,'Quidem beatae mollitia ut enim sequi iure praesentium. Ea enim adipisci et sed. Recusandae quod commodi provident ipsum repudiandae dolore sit. Omnis ratione expedita ea sequi culpa.',1,1,'2006-03-02 10:49:55'),(179,8,1,'Molestiae architecto ducimus ex recusandae consectetur consectetur. Ut est impedit iure velit. Voluptate omnis nisi aliquam officia ipsa. Rem quasi fuga possimus qui dolorem consequatur enim.',1,0,'1998-05-12 05:55:58'),(180,7,8,'Est laudantium aut non sunt ut beatae eaque aut. Voluptate voluptatem sequi cupiditate architecto. Est quas minus molestiae quia. Ut totam minus delectus repellendus blanditiis aperiam iure.',0,0,'1995-07-23 17:02:35'),(181,8,4,'Nulla quis quam sint deleniti ut odio laudantium. Enim quia nostrum porro quis. Voluptatem delectus qui quasi est.',1,0,'1980-01-01 06:16:49'),(182,2,5,'Aliquam repellat error dolor rem qui earum. Unde qui repellat id officiis commodi adipisci. Qui sequi iusto sequi placeat.',0,1,'1977-11-03 17:34:28'),(183,2,5,'Veniam non dignissimos a est. Soluta doloremque iure laborum alias enim sit ducimus. Itaque qui quas voluptates voluptates expedita deleniti commodi.',0,0,'1997-11-03 04:41:36'),(184,3,2,'Omnis id tenetur aut ut. Dolor doloribus aut ad necessitatibus laudantium. Ducimus dolor aut reprehenderit.',1,1,'1985-07-26 16:05:23'),(185,5,4,'Animi voluptas quo est. Aspernatur qui vero dolore nihil sint ea. Amet hic quia dolorem ratione voluptatem.',1,0,'1988-09-02 02:34:04'),(186,3,4,'Dignissimos dolorem hic recusandae nihil. Voluptas nemo et quam ipsum dicta possimus velit dolorum. Officia autem quia dolores consequatur ex culpa possimus placeat.',0,1,'1979-02-14 00:45:44'),(187,7,1,'Et aut aliquam consequuntur perferendis repudiandae. Aut est ratione dolores laboriosam cum sint ratione. Rerum consequatur aut illo.',1,0,'1973-10-09 09:51:43'),(188,6,8,'Impedit vel quo suscipit voluptate. Autem quas magnam nemo voluptatem. Non laboriosam nulla consequatur pariatur.',1,1,'2008-06-28 22:12:08'),(189,2,3,'Culpa qui dolores dignissimos nam. Aspernatur nulla nulla nisi voluptas eius saepe. Sit aliquam quo et.',1,1,'1997-04-12 10:48:12'),(190,2,3,'Quam ratione eius et voluptatum animi voluptas est. Nam occaecati vel veritatis voluptates eos. Iure doloribus amet aut modi est doloribus molestiae et. Reiciendis ducimus voluptatem provident nesciunt voluptas voluptas aliquam. Cumque esse nesciunt eligendi molestias eum dolores aut.',1,1,'2017-07-23 14:59:18'),(191,8,1,'Nesciunt est sint ad rem. Facere a qui explicabo aliquid accusantium. Exercitationem unde voluptates veniam maiores eos facilis rerum magni. Sapiente ea et eos est qui laborum.',1,1,'1970-04-03 00:15:49'),(192,1,8,'Ratione aut perferendis veritatis. Ut necessitatibus consectetur accusantium totam neque eveniet. In voluptatem quidem tenetur rerum dolore recusandae quod.',0,0,'2002-07-28 03:42:42'),(193,6,5,'Sint et voluptas tempore vitae dolorem et tempore. Eos labore eius possimus ab. Aut consequatur cum nemo ratione.',1,0,'1984-12-04 17:25:29'),(194,6,9,'Molestiae id at est quaerat. Voluptatem dolor suscipit necessitatibus repudiandae. Et voluptas et placeat incidunt impedit.',0,1,'1976-10-31 11:59:06'),(195,4,2,'Et aut quod facere ipsam. Esse numquam ea ipsum atque nihil aspernatur veniam. Perspiciatis qui vitae nostrum qui nostrum. Iusto libero consequatur eveniet architecto illum nostrum. Vero natus et incidunt debitis.',1,0,'2002-01-23 11:04:51'),(196,7,7,'Quibusdam iure consectetur facilis tenetur esse incidunt et. Commodi vitae inventore et voluptatem. Ratione ea repellendus totam est saepe aut. Eos aut quos modi et blanditiis enim ut ut.',1,1,'1975-10-07 03:32:39'),(197,5,2,'Maxime possimus aliquam nesciunt iusto rerum. Recusandae id dicta et commodi cumque pariatur ab. Maiores sunt cum nulla dicta provident. Expedita reprehenderit nemo eligendi aut.',0,1,'1972-02-21 18:22:46'),(198,3,6,'Et quo quod quae quisquam occaecati reprehenderit. Temporibus aut dolor unde ipsam excepturi. Qui quae doloremque non.',0,0,'1993-04-14 07:46:48'),(199,9,4,'Quis velit soluta corporis suscipit. Quasi ea consequatur voluptas rerum. Rerum voluptatibus minus ex adipisci voluptatem non. Est rerum perferendis provident.',0,1,'2000-10-14 20:42:54'),(200,9,4,'Minima ea voluptates sapiente consequatur accusantium cupiditate optio. Voluptatem fugiat voluptatem aliquam magnam veniam suscipit. Porro nostrum quod sunt laborum consequatur.',0,1,'2005-04-05 07:06:54');
/*!40000 ALTER TABLE `messages` ENABLE KEYS */;
UNLOCK TABLES;

--
-- Table structure for table `posts`
--

DROP TABLE IF EXISTS `posts`;
/*!40101 SET @saved_cs_client     = @@character_set_client */;
/*!50503 SET character_set_client = utf8mb4 */;
CREATE TABLE `posts` (
  `id` int unsigned NOT NULL AUTO_INCREMENT,
  `user_id` int unsigned NOT NULL,
  `community_id` int unsigned DEFAULT NULL,
  `head` varchar(255) DEFAULT NULL,
  `body` text NOT NULL,
  `media_id` int unsigned DEFAULT NULL,
  `is_public` tinyint(1) DEFAULT '1',
  `is_archived` tinyint(1) DEFAULT '0',
  `views_counter` int unsigned DEFAULT '0',
  `created_at` datetime DEFAULT CURRENT_TIMESTAMP,
  `updated_at` datetime DEFAULT CURRENT_TIMESTAMP ON UPDATE CURRENT_TIMESTAMP,
  PRIMARY KEY (`id`),
  KEY `posts_user_id_fk` (`user_id`),
  KEY `posts_community_id_fk` (`community_id`),
  KEY `posts_media_id_fk` (`media_id`),
  CONSTRAINT `posts_community_id_fk` FOREIGN KEY (`community_id`) REFERENCES `communities` (`id`),
  CONSTRAINT `posts_media_id_fk` FOREIGN KEY (`media_id`) REFERENCES `media` (`id`),
  CONSTRAINT `posts_user_id_fk` FOREIGN KEY (`user_id`) REFERENCES `users` (`id`)
) ENGINE=InnoDB AUTO_INCREMENT=101 DEFAULT CHARSET=utf8mb4 COLLATE=utf8mb4_0900_ai_ci;
/*!40101 SET character_set_client = @saved_cs_client */;

--
-- Dumping data for table `posts`
--

LOCK TABLES `posts` WRITE;
/*!40000 ALTER TABLE `posts` DISABLE KEYS */;
INSERT INTO `posts` VALUES (1,95,6,'omnis','Sequi dolor velit ut aut. Impedit atque dolore provident assumenda eaque. Ab natus tempore perferendis eos.',4,0,1,976951,'2006-02-11 17:08:35','2020-06-23 09:10:47'),(2,77,7,'magnam','Ducimus enim minima ipsam aut est. Labore nobis tenetur similique. Ut qui sed cupiditate quisquam error omnis.',5,1,0,31,'1991-10-03 00:40:05','2020-06-23 09:10:47'),(3,3,6,'doloribus','Et eos aut doloribus asperiores non tenetur quibusdam. Temporibus provident voluptas nisi corrupti molestias et. Et qui ea aut voluptas. Voluptatem quia doloremque ut qui error voluptatem nostrum sit.',9,1,0,7724,'2015-12-04 20:04:46','2020-06-23 09:10:47'),(4,79,5,'omnis','Odio in omnis saepe enim eos. Reprehenderit reprehenderit ut in. Quasi quis et porro nobis vel at incidunt.',2,0,1,3679,'1999-03-06 15:52:03','2020-06-23 09:10:47'),(5,88,1,'libero','Numquam ut quia nam eius repudiandae rerum ut. Expedita dignissimos enim rerum aut. Similique laudantium error quae.',8,0,0,12596821,'2010-03-28 20:24:44','2020-06-23 09:10:47'),(6,7,5,'et','Voluptatem sit explicabo illum amet quae dignissimos reprehenderit. Laborum blanditiis aut ex ipsam. Blanditiis deserunt magnam quam vel quia et.',9,1,0,1941969,'2011-12-26 22:14:28','2020-06-23 09:10:40'),(7,64,3,'hic','Consequuntur molestiae perspiciatis rerum iusto distinctio unde pariatur. Sint sunt nisi tempora voluptatem pariatur. Vel soluta aut sequi officia officiis. Et voluptatem eum officiis natus mollitia.',3,0,0,25167,'2003-06-03 22:50:25','2020-06-23 09:10:47'),(8,3,4,'vero','Sunt suscipit fugit aliquam molestiae commodi aliquid excepturi odio. Quod omnis repellendus qui ea et. Recusandae commodi accusamus in beatae veniam qui.',3,1,0,68614255,'2008-07-23 00:40:54','2020-06-23 09:10:47'),(9,22,1,'non','Perspiciatis dolorum neque iste consequatur et sit nulla a. Consequatur numquam amet sapiente. Necessitatibus vitae occaecati voluptatum placeat. Nulla omnis voluptas consequatur.',25,1,0,44,'1984-03-25 06:04:00','2020-06-23 09:10:47'),(10,99,5,'porro','Ex voluptatem itaque quos rerum. Et quia voluptatum ut rerum molestias voluptatem illum aut. Modi quam et ut. Sunt cupiditate dolores consequatur labore et.',9,0,1,79,'1998-07-15 10:45:07','2020-06-23 09:10:47'),(11,34,7,'natus','Quam blanditiis fugiat aut veritatis velit. Earum laborum vel laborum expedita. Fugiat est officia cum culpa. Similique labore quo consectetur dolorem velit.',25,0,0,94955542,'1984-03-03 09:39:39','2020-06-23 09:10:47'),(12,70,6,'rerum','Rerum sit odit numquam corporis sed quis. Consequatur qui non est et rerum illum aut fugiat. Rerum quod nostrum enim et.',8,1,1,577,'2016-11-10 02:40:30','2020-06-23 09:10:47'),(13,50,5,'modi','Et alias deleniti pariatur ratione voluptas aut. Nisi praesentium sit exercitationem. Libero placeat rerum dolorum quasi et perspiciatis. Voluptatum ut vel provident quis quo numquam. Optio error rerum iste sequi.',8,0,1,880,'1993-06-17 11:22:07','2020-06-23 09:10:47'),(14,41,5,'culpa','Sed odit assumenda ab tempore odit soluta. Et ab dolor tempora perspiciatis voluptatem. Tenetur aut et dolorum deserunt.',25,1,1,50170077,'2014-06-24 09:01:59','2020-06-23 09:10:47'),(15,51,3,'aut','Ea alias explicabo tempore eum. Asperiores temporibus cumque ut totam minus fugiat dicta. Odit aut enim provident molestiae id doloribus fugit.',5,0,1,906,'1988-05-02 04:28:15','2020-06-23 09:10:47'),(16,34,15,'nihil','Tempore sapiente porro expedita praesentium voluptatem. Itaque ipsum neque autem voluptatibus. Optio voluptas quam nihil iste velit id. Officia quis perferendis et sed eligendi.',6,1,1,4133309,'2007-03-05 19:51:06','2020-06-23 09:10:47'),(17,18,9,'vitae','Quo ipsum consequatur et ea. Alias at illum voluptatem saepe aliquam nostrum facilis. Aut enim doloribus natus eos nam. Commodi earum esse est quod sunt.',8,1,1,6441,'2012-07-26 06:54:27','2020-06-23 09:10:47'),(18,86,9,'officiis','Sed sit aspernatur voluptas quo similique. Totam eum neque aut alias error doloremque. Dolor odit perferendis dolore qui voluptate et.',8,0,1,543490,'1988-03-04 01:46:26','2020-06-23 09:10:47'),(19,79,2,'voluptatibus','Cumque harum unde eius optio aspernatur. Quas perspiciatis itaque aliquid vel perspiciatis modi officiis quaerat. Eum ad est praesentium consequatur ut animi et. Incidunt laboriosam facilis delectus quam.',1,0,0,82821,'1976-11-16 13:00:50','2020-06-23 09:10:47'),(20,36,9,'recusandae','Quis itaque aut dicta. Atque expedita dolor in est qui voluptatibus. Ea et ipsa ad est omnis vel. Deleniti aut eligendi itaque exercitationem et amet.',7,0,0,29210554,'2014-05-02 02:27:38','2020-06-23 09:10:47'),(21,44,7,'ea','Temporibus fuga provident laboriosam non. Quod vitae modi qui sunt hic. Nisi nisi voluptas nihil optio voluptates voluptatibus. Perspiciatis earum animi molestiae non odio ipsa ab culpa.',6,1,1,20658978,'1997-10-04 13:04:55','2020-06-23 09:10:47'),(22,10,4,'adipisci','Autem et nam iure omnis consequatur placeat. Dignissimos ut nobis dolores. Assumenda voluptatum et eos rerum quia iure vero. Qui harum labore quia optio nihil.',6,1,1,43635083,'2010-06-02 03:19:56','2020-06-23 09:10:47'),(23,15,9,'maiores','Sequi beatae blanditiis saepe non aut et rem. Quibusdam exercitationem et hic quod. Rerum et nesciunt minima sit non ipsum aut debitis. Et deleniti facere distinctio non.',3,1,0,17,'1996-08-03 18:32:28','2020-06-23 09:10:47'),(24,47,7,'in','Odio deserunt aspernatur soluta laudantium reiciendis ea. Et praesentium eum aut praesentium. Fugit impedit repellat aut minus.',4,0,1,558307,'1978-03-03 18:41:16','2020-06-23 09:10:47'),(25,91,15,'quos','Optio voluptas voluptatem incidunt id assumenda earum ex. Ad nihil animi consectetur et labore. Ullam deserunt qui sed velit rerum ut.',7,0,1,232671809,'1979-03-13 04:48:47','2020-06-23 09:10:47'),(26,16,4,'tenetur','Quae nesciunt dolor est rerum molestias quae. Dolor soluta quis ut nesciunt. Voluptas ut ut sint qui necessitatibus perferendis velit.',1,0,1,0,'2005-04-16 20:56:46','2020-06-23 09:10:47'),(27,3,4,'odio','Eos rerum officiis incidunt ratione. Molestiae et aliquam unde. Eum exercitationem sit odit consequatur et assumenda aspernatur. Molestiae recusandae odit et et.',6,0,0,671,'2016-09-19 19:34:49','2020-06-23 09:10:47'),(28,65,2,'sed','Voluptas eos blanditiis incidunt architecto. Enim et molestiae occaecati dignissimos. Deleniti sit debitis voluptatem officia accusamus omnis et. Natus dolorum commodi rerum quas aut. Sunt et quia ut qui doloremque repellat.',8,1,0,4837,'1975-01-29 00:01:21','2020-06-23 09:10:47'),(29,21,8,'veniam','Adipisci ipsa eum suscipit quidem est et. Adipisci sit occaecati quas ut temporibus quia dolorem. Aliquam enim ipsa ut qui explicabo et esse. Hic est atque sequi sequi ut.',8,1,0,4993882,'1974-01-27 00:48:06','2020-06-23 09:10:47'),(30,6,2,'error','Saepe facilis quis rerum. Officiis et accusantium odit voluptatum. Enim assumenda et est reiciendis quisquam. Dolorum consectetur maiores tempore aut est.',4,1,0,1,'2001-10-27 21:26:00','2020-06-23 09:10:47'),(31,69,3,'id','Deserunt sint voluptas beatae quia odit. Harum quo quos totam. Vitae alias corporis suscipit et.',6,1,1,5,'1996-11-18 11:26:05','2020-06-23 09:10:47'),(32,26,7,'voluptatem','Minima deleniti ea quos. Doloremque ut quisquam minima molestias.',5,0,1,6014,'1975-03-26 02:38:34','2020-06-23 09:10:47'),(33,24,6,'similique','Repudiandae dolor alias non in quia. Est odit mollitia unde dolore delectus aspernatur. Quo velit sint reiciendis aperiam explicabo assumenda. Quia sunt quo sit tempora omnis aut nam sit.',8,0,1,423084,'2007-06-04 03:04:56','2020-06-23 09:10:47'),(34,39,8,'repellendus','Veniam quis molestias incidunt neque molestias. Aut non aut ad non ut. Consequatur aliquid dolor deserunt possimus.',7,0,1,32763,'2020-03-02 16:13:13','2020-06-23 09:10:47'),(35,24,4,'voluptatum','Sunt cum architecto aut nemo. Molestias ullam hic dolore quis reiciendis dolore. Suscipit tempora suscipit maiores hic debitis soluta dolorem qui.',5,0,1,7954278,'2019-01-24 17:48:05','2020-06-23 09:10:47'),(36,3,9,'porro','Voluptate sequi magni rerum. Est non omnis deserunt ab hic dolores consequatur. Quia cum sunt cumque repellat et.',6,0,0,86937,'1994-09-24 05:37:08','2020-06-23 09:10:47'),(37,42,3,'dolores','Culpa eum inventore distinctio consectetur nam consequuntur voluptatem esse. Delectus magni distinctio vel facilis. Quaerat at est unde in. Autem placeat maxime quae sit ea.',7,1,0,6375268,'1974-08-24 01:41:53','2020-06-23 09:10:47'),(38,4,9,'quaerat','Nihil nostrum fugiat repudiandae eligendi fuga magni aut. Et ducimus qui dolor consectetur qui. Animi mollitia quia magnam laborum aut. Aut reiciendis facilis aut distinctio asperiores cumque. Illo eveniet voluptatem pariatur ut aut in voluptate quod.',4,0,0,621781390,'2003-03-07 03:42:10','2020-06-23 09:10:47'),(39,91,9,'qui','Amet velit voluptates non et in sed. Deleniti ullam cupiditate ut repellat. Cupiditate reiciendis sint consequatur illo sunt debitis.',8,1,1,540,'1984-06-29 07:37:37','2020-06-23 09:10:47'),(40,45,7,'quo','Maiores itaque fuga asperiores ab. Labore quas porro necessitatibus et quisquam ut porro. Quo aut quidem quisquam culpa natus mollitia numquam. Aperiam qui dolorem commodi est.',7,0,1,786,'2011-11-14 22:39:26','2020-06-23 09:10:47'),(41,49,8,'alias','Sit aut in exercitationem sit facilis perferendis sapiente. Omnis doloremque molestiae dolores qui fugit error. Nulla reiciendis et ea eveniet ipsum et harum.',7,0,0,9359102,'2003-03-06 18:30:32','2020-06-23 09:10:47'),(42,13,8,'exercitationem','Molestiae saepe ducimus consequuntur libero aut. Atque quia enim velit similique praesentium. Sit neque quis recusandae ducimus non ut.',2,1,0,0,'1992-03-04 18:47:43','2020-06-23 09:10:47'),(43,17,6,'odit','Nesciunt enim et quisquam est. Sed ducimus itaque amet atque. Perferendis sed libero dicta ut dolores dolor. Numquam placeat est qui molestias ratione velit voluptas.',8,1,0,55,'1975-09-19 11:55:29','2020-06-23 09:10:47'),(44,45,4,'ullam','Voluptate non voluptatem aut ut rem quo molestiae. Dolorum adipisci eum excepturi accusamus. Porro suscipit fugit minima.',7,1,1,97875,'1988-07-25 23:17:56','2020-06-23 09:10:47'),(45,74,5,'et','Atque dolore aut similique voluptas voluptatem minus sed. Fuga suscipit inventore dignissimos. Voluptate velit sapiente quod ut.',6,1,0,3,'2019-06-22 18:49:21','2020-06-23 09:10:47'),(46,35,5,'exercitationem','Enim eum ratione molestiae explicabo aut voluptas. Ad aperiam et aut voluptatem. Dicta eaque ut saepe amet ratione qui culpa est. Sint dolorem repellendus voluptate sed laboriosam et quo.',4,0,0,945595,'1971-05-12 02:16:31','2020-06-23 09:10:47'),(47,52,1,'unde','Omnis ducimus ab nesciunt vero. Autem dolore ut possimus. Id nihil est voluptate optio sit.',25,0,1,562169,'1986-09-03 04:49:54','2020-06-23 09:10:47'),(48,57,15,'unde','Dolor quasi et ipsam rerum. Totam culpa qui veritatis itaque et. Dignissimos incidunt eum quas dignissimos dolores modi rerum. Provident numquam perferendis sapiente et ad unde.',8,1,1,45689916,'1979-07-28 09:09:07','2020-06-23 09:10:47'),(49,27,6,'excepturi','Unde necessitatibus ut neque dolor molestias sed. Nulla ut et asperiores. Sit ipsum et impedit voluptas.',3,0,1,770269,'2012-12-02 16:47:26','2020-06-23 09:10:47'),(50,65,2,'excepturi','Quo aliquid et officiis id assumenda itaque. Rerum voluptas minima commodi aspernatur. Delectus maiores voluptatum sunt aut.',8,0,0,11,'1989-11-05 00:30:04','2020-06-23 09:10:47'),(51,43,8,'nisi','Ipsum eum porro ab aliquam mollitia. Facere ut laudantium porro soluta vel doloremque aut.',4,0,0,442323818,'1976-10-02 13:59:11','2020-06-23 09:10:47'),(52,22,4,'sunt','Qui omnis facilis unde impedit. Ut vel aspernatur est dignissimos inventore voluptatum quis. Consequatur autem perspiciatis praesentium voluptatum. Architecto aut nesciunt qui accusamus.',4,0,1,33,'2012-05-12 18:28:37','2020-06-23 09:10:47'),(53,77,8,'qui','Facilis dolorem eligendi iure sunt ut. Eaque consequatur provident minima sapiente rem et et. Suscipit sed totam eligendi atque sed dolor.',5,1,0,6243,'1977-10-02 13:45:57','2020-06-23 09:10:47'),(54,22,1,'neque','Quo nisi ipsa sint voluptates odit temporibus sint. Sed sit quis vero rem incidunt.',9,0,0,334278,'1983-01-29 05:01:26','2020-06-23 09:10:47'),(55,75,1,'laborum','Accusamus excepturi facilis maxime quia eaque. Explicabo illum qui consectetur molestias labore. Tempora laboriosam adipisci aperiam qui qui incidunt. Occaecati laborum harum illum voluptatibus ullam ducimus porro.',2,1,0,3101101,'2000-11-28 20:24:51','2020-06-23 09:10:47'),(56,15,6,'explicabo','Praesentium neque et dolor. Nihil sapiente nulla consequuntur sit rerum. Est libero voluptatem voluptatem cumque voluptas ea mollitia iusto.',4,1,0,64793,'2012-02-06 12:38:38','2020-06-23 09:10:47'),(57,45,2,'atque','Sint rerum maxime sequi odit. Voluptatibus doloribus non quia illo accusantium ut et nihil. Quas modi voluptas aut quo. Quidem tenetur placeat voluptates.',7,1,0,4,'2002-06-02 19:37:01','2020-06-23 09:10:47'),(58,81,6,'atque','Sed consequatur repellendus vero. Esse a facere qui aliquam expedita. Facilis quia doloribus commodi. Vel dicta molestiae sit sed architecto laudantium omnis.',5,0,0,571261,'1986-11-30 02:19:36','2020-06-23 09:10:47'),(59,70,7,'facilis','Deleniti voluptatem qui ut ullam aut et. Totam et voluptatibus eveniet eum dolores.',1,0,1,2099,'1978-07-01 03:24:53','2020-06-23 09:10:47'),(60,7,7,'quasi','Delectus impedit neque explicabo ad quisquam. Molestias voluptas excepturi dolores culpa consequatur. Fuga ea doloremque sequi aut et eum animi. Velit consequatur perferendis quis est qui.',4,0,1,96,'2006-07-05 08:36:41','2020-06-23 09:10:47'),(61,23,2,'rem','Atque omnis sint non officia quam voluptas. Nemo mollitia autem labore sint explicabo sunt.',7,1,1,0,'1990-02-09 13:52:56','2020-06-23 09:10:47'),(62,96,8,'nihil','Ut molestias omnis repellat hic et. Et et qui aut qui sint. Et aut consequuntur recusandae ullam.',7,1,0,9292,'2007-06-09 10:59:00','2020-06-23 09:10:47'),(63,13,1,'nihil','Pariatur sunt et sed laborum sed voluptatum magnam. Sed adipisci et et ipsum quos. Eum officiis veniam voluptatem quia voluptatibus eveniet sed. Vitae iste aspernatur et ea.',6,0,1,4940023,'2015-05-04 19:07:02','2020-06-23 09:10:47'),(64,72,1,'optio','Veritatis alias itaque sit. Blanditiis natus quasi sed enim sit ipsa laboriosam. Mollitia praesentium eos et id eveniet inventore.',4,0,0,1225862,'1991-01-02 17:00:59','2020-06-23 09:10:47'),(65,26,15,'tempore','Sint facere nisi repudiandae aut quisquam soluta aut. Quia veniam praesentium architecto sapiente. Est non dicta sunt ex. Consequatur fuga voluptas cum officia.',6,0,1,38,'1976-08-05 01:07:16','2020-06-23 09:10:47'),(66,10,7,'voluptates','Quas temporibus repellat nesciunt blanditiis sit perspiciatis suscipit. Architecto non rem odit. Eaque incidunt reiciendis dolor repellendus sint.',3,0,1,489222375,'1971-03-16 14:12:44','2020-06-23 09:10:47'),(67,72,15,'dolor','Magni ducimus nemo est tenetur. Aspernatur autem ut quibusdam nesciunt. Aut veritatis aut quia fuga molestiae qui illo.',5,0,0,6945,'1977-09-27 23:27:04','2020-06-23 09:10:47'),(68,34,15,'illum','Blanditiis voluptas soluta nobis voluptates reiciendis debitis. Soluta nostrum qui quisquam voluptate. Quaerat non nostrum ut aut cum magni consequuntur.',8,1,0,5259,'1987-05-26 19:39:49','2020-06-23 09:10:47'),(69,52,7,'voluptatem','Architecto non voluptas nobis harum. Voluptas neque nobis delectus voluptas nam. Ea quia commodi amet itaque voluptatum laudantium error.',5,1,0,4012223,'2013-11-19 20:05:11','2020-06-23 09:10:47'),(70,57,5,'assumenda','Rem omnis voluptate qui et dignissimos. Ut vero aperiam qui voluptas tempora aut dolor enim.',9,0,1,4,'1994-02-26 18:07:14','2020-06-23 09:10:47'),(71,28,9,'ipsum','Cumque quasi nesciunt repellat excepturi. Delectus unde optio sapiente consequuntur voluptates atque et ratione.',2,1,0,6655,'1989-09-09 02:52:16','2020-06-23 09:10:47'),(72,70,8,'omnis','Qui praesentium maxime veniam cupiditate. Id earum autem facilis sunt non. Quod asperiores aut magnam.',4,1,0,58,'1972-12-11 03:45:38','2020-06-23 09:10:47'),(73,66,9,'eligendi','Animi ipsam occaecati adipisci ex. Non aut quae consequatur consequatur incidunt dolorem quis. Aut ut inventore cumque quia quis fugit ea.',25,0,1,224994,'2001-08-18 23:11:50','2020-06-23 09:10:47'),(74,21,7,'autem','Nostrum sit et eum rerum et magni. Neque alias et adipisci unde. Est illum suscipit ut quia temporibus nesciunt quia. Quia dolorum qui et est libero voluptatum. Alias quas omnis ipsam velit voluptas.',5,1,1,1000,'2014-06-21 20:38:27','2020-06-23 09:10:47'),(75,6,8,'iste','Ab dolor qui ratione. Illo natus neque nemo aspernatur dignissimos et. Esse et ea blanditiis atque neque voluptatibus est molestias. Voluptatem tempore dignissimos molestiae hic deleniti.',8,0,1,0,'2014-03-10 08:49:52','2020-06-23 09:10:47'),(76,63,4,'tenetur','Consectetur qui nemo corporis et dolores autem doloribus rerum. Aut ab quod voluptatibus placeat. Vel nostrum quis ratione eveniet qui commodi. Temporibus vel qui aliquid. Voluptatem quasi quia nesciunt quo.',4,0,1,6,'2015-11-17 17:52:40','2020-06-23 09:10:47'),(77,3,1,'sit','Nobis ut ut quibusdam nihil voluptatem consequuntur est. Non sint ullam autem aut qui. Soluta sint tenetur ab nobis tempore ea eligendi. Vel nostrum nemo voluptate et molestiae.',7,1,1,493476022,'1983-02-17 02:13:14','2020-06-23 09:10:47'),(78,21,1,'rerum','Excepturi architecto architecto aperiam et quia et. Officiis totam ut sed unde. Dolor harum asperiores tempora sit.',2,1,1,2235362,'1988-10-18 20:45:40','2020-06-23 09:10:47'),(79,97,3,'possimus','Voluptatem aut aut possimus ducimus libero quis voluptatem. Minus ut earum impedit adipisci doloremque vel dignissimos illum. Ex tempora saepe alias esse.',6,0,0,784146,'1983-05-01 02:12:34','2020-06-23 09:10:47'),(80,23,5,'fugiat','Saepe aut et quisquam quisquam. Sit sequi nam error blanditiis.',6,0,1,29073366,'1991-11-25 08:25:17','2020-06-23 09:10:47'),(81,23,6,'tempora','Quisquam iste earum facilis quod similique adipisci neque. Earum sed quaerat rerum reprehenderit temporibus aut harum eos. Rerum nesciunt et dolorem nihil similique laboriosam nesciunt eligendi.',2,0,1,31582564,'2006-01-24 15:37:29','2020-06-23 09:10:47'),(82,46,4,'soluta','Enim molestias et laborum. Et cupiditate ut expedita et. Voluptatum laborum est voluptatibus ea quibusdam tempore.',2,0,1,450408,'2010-07-07 04:57:22','2020-06-23 09:10:47'),(83,61,6,'corporis','Iste velit ipsa ut voluptatem non reiciendis. Debitis repellendus fuga voluptatibus possimus omnis sunt quia. Sequi fugit nobis exercitationem nulla sunt et. Et commodi quia eius eligendi necessitatibus explicabo.',5,1,0,0,'2000-07-29 22:43:50','2020-06-23 09:10:47'),(84,66,8,'culpa','Exercitationem facere dolorem rerum. Beatae dolores officiis in vel culpa amet dolores.',4,1,1,330787,'2014-09-27 21:14:36','2020-06-23 09:10:47'),(85,50,8,'rem','Dolorem perferendis soluta saepe rem harum inventore laboriosam. Labore est officiis itaque pariatur possimus ducimus. Ab id laudantium magnam nihil consectetur sed.',9,1,0,77449910,'1987-10-07 22:07:22','2020-06-23 09:10:47'),(86,50,2,'voluptatem','Eos dolore aut blanditiis. Nam a est impedit. Qui distinctio dolorem nam.',8,1,0,251,'1999-02-15 01:32:22','2020-06-23 09:10:47'),(87,99,2,'suscipit','Et nisi et et dolorum aut. Est itaque saepe veniam repellendus. Commodi quae dolorem incidunt ab.',9,1,1,58337636,'1990-02-21 11:32:48','2020-06-23 09:10:47'),(88,48,7,'sit','Exercitationem aut facere eaque. Sint consequuntur velit cupiditate enim pariatur reprehenderit.',8,1,1,13248859,'1999-04-14 14:53:13','2020-06-23 09:10:47'),(89,41,3,'quisquam','A nam consectetur in atque. Quam rerum rerum eum itaque tempore. Quibusdam aut non at non provident consequatur porro.',7,1,1,3,'2008-02-15 13:41:15','2020-06-23 09:10:47'),(90,62,5,'veniam','Minus iure nobis omnis expedita a. Necessitatibus iure nihil possimus cupiditate ipsa. Inventore aut iusto quae.',7,0,0,91213,'1983-06-19 00:25:54','2020-06-23 09:10:47'),(91,88,15,'et','Provident voluptatem explicabo id accusamus qui sint dolorum. Ut est laudantium non itaque dicta et. Ad necessitatibus necessitatibus veniam odio et qui rem quia.',8,1,1,587110,'2012-10-20 05:21:16','2020-06-23 09:10:47'),(92,55,4,'voluptas','Et laboriosam libero aut saepe sit. Et deleniti aut aut enim accusamus. Fugit est omnis et a ut culpa molestiae totam.',1,0,1,0,'1985-03-02 19:59:59','2020-06-23 09:10:47'),(93,12,4,'reiciendis','Ut amet necessitatibus omnis numquam nisi. Facere quia doloremque voluptatum atque voluptatem in. Eligendi placeat et mollitia est fugit.',8,1,0,8,'2007-09-23 20:15:47','2020-06-23 09:10:47'),(94,91,6,'commodi','Quod et sint est. Minima nemo facilis delectus dicta sapiente tempora aut.',1,0,1,2,'1977-11-22 12:16:55','2020-06-23 09:10:47'),(95,21,8,'qui','Nesciunt voluptatem est in iure. Minus voluptas doloribus asperiores sed error aut. Voluptatem est excepturi eum vel neque. Voluptatem sit ut eos dolor.',25,0,1,78955,'1986-12-10 20:02:43','2020-06-23 09:10:47'),(96,33,2,'ipsam','Tempore quia quo blanditiis. Aut velit non quia dicta. Est et labore debitis amet voluptatem aliquid. Molestiae asperiores sequi aut.',1,1,1,1860331,'1987-06-12 10:58:26','2020-06-23 09:10:47'),(97,99,4,'dicta','Aliquam pariatur quae reiciendis nihil neque nemo dicta. Cumque qui aliquid aut consequatur et provident ut sint. Quae placeat cupiditate nam harum. Illo nemo nam impedit sint.',6,1,0,0,'1982-07-31 05:02:41','2020-06-23 09:10:47'),(98,97,3,'a','Optio nam et eius non quis. Voluptate id rerum veniam. Ut laudantium non deleniti dolore qui optio. Dolorem ut labore consequatur dolorem.',1,0,1,5520305,'1994-04-07 22:59:16','2020-06-23 09:10:47'),(99,91,3,'natus','Aut eius aut provident dolorem. Reiciendis id quidem eum numquam cupiditate maxime vero nulla. Nihil eos laborum ut cumque velit eum vel. Rerum consequatur fugiat iusto eum perspiciatis maiores suscipit.',9,0,0,0,'2000-07-10 07:57:20','2020-06-23 09:10:47'),(100,64,5,'qui','Sit consequuntur ab perferendis eaque ea. Perferendis eum est eius numquam necessitatibus. Id deleniti voluptates aut suscipit repudiandae id facere.',25,1,1,54,'2013-05-30 12:23:32','2020-06-23 09:10:47');
/*!40000 ALTER TABLE `posts` ENABLE KEYS */;
UNLOCK TABLES;

--
-- Table structure for table `profiles`
--

DROP TABLE IF EXISTS `profiles`;
/*!40101 SET @saved_cs_client     = @@character_set_client */;
/*!50503 SET character_set_client = utf8mb4 */;
CREATE TABLE `profiles` (
  `user_id` int unsigned NOT NULL,
  `photo_id` int unsigned DEFAULT NULL,
  `gender` char(1) NOT NULL,
  `birthday` date DEFAULT NULL,
  `city` varchar(130) DEFAULT NULL,
  `country` varchar(130) DEFAULT NULL,
  `is_private` tinyint(1) DEFAULT '0',
  `created_at` datetime DEFAULT CURRENT_TIMESTAMP,
  `updated_at` datetime DEFAULT CURRENT_TIMESTAMP ON UPDATE CURRENT_TIMESTAMP,
  PRIMARY KEY (`user_id`),
  KEY `profiles_photo_id_fk` (`photo_id`),
  CONSTRAINT `profiles_photo_id_fk` FOREIGN KEY (`photo_id`) REFERENCES `media` (`id`) ON DELETE SET NULL,
  CONSTRAINT `profiles_user_id_fk` FOREIGN KEY (`user_id`) REFERENCES `users` (`id`) ON DELETE CASCADE
) ENGINE=InnoDB DEFAULT CHARSET=utf8mb4 COLLATE=utf8mb4_0900_ai_ci;
/*!40101 SET character_set_client = @saved_cs_client */;

--
-- Dumping data for table `profiles`
--

LOCK TABLES `profiles` WRITE;
/*!40000 ALTER TABLE `profiles` DISABLE KEYS */;
INSERT INTO `profiles` VALUES (1,1,'m','2015-04-24','Mitchelltown','2',0,'1971-09-08 15:32:33','2020-05-09 18:48:44'),(2,37,'w','1970-07-30','Neilberg','61',0,'1977-10-14 23:48:25','2020-05-09 18:48:44'),(3,81,'m','1986-02-02','New Janelle','5',0,'1997-12-02 22:50:03','2020-05-09 18:48:44'),(4,92,'m','2002-04-29','Port Samirfurt','67824298',1,'1997-01-13 18:07:04','2020-05-09 18:49:01'),(5,16,'w','1979-11-05','Jadaville','89237124',0,'1976-09-11 18:42:15','2020-05-09 18:48:44'),(6,5,'m','2004-07-28','Reymundoburgh','2652',0,'1994-09-21 09:07:29','2020-05-09 18:48:44'),(7,78,'m','1993-05-03','Lawsonside','50',0,'2001-01-29 12:32:12','2020-05-09 18:48:44'),(8,72,'m','1991-02-12','Hirtheport','22',0,'1987-06-16 11:35:32','2020-05-09 18:48:44'),(9,25,'w','2012-07-25','Cronintown','714',0,'1988-01-06 21:24:18','2020-05-09 18:48:44'),(10,8,'m','1971-03-10','Gaylordborough','944577777',0,'2006-11-04 18:44:33','2020-05-09 18:48:44'),(11,66,'w','2011-06-08','Trevionchester','',0,'2017-04-17 01:18:16','2020-05-09 18:48:44'),(12,4,'w','1983-04-23','Emorystad','335',0,'1994-12-08 03:55:43','2020-05-09 18:48:44'),(13,24,'w','1990-03-23','Elishaport','',0,'1998-09-27 10:11:28','2020-05-09 18:48:44'),(14,6,'m','1977-09-02','East Dana','65517623',0,'2006-04-17 01:29:08','2020-05-09 18:48:44'),(15,56,'m','1983-08-31','Kuhnview','39891',1,'2002-12-21 11:23:28','2020-05-09 18:49:01'),(16,63,'m','1987-11-30','Gracielaland','2757',0,'1985-01-20 21:11:07','2020-05-09 18:48:44'),(17,47,'w','1971-02-21','North Reinamouth','2826585',0,'1985-04-01 16:23:01','2020-05-09 18:48:44'),(18,44,'m','1977-01-11','Koelpinfort','701',0,'1977-11-07 08:23:20','2020-05-09 18:48:44'),(19,78,'w','2009-04-30','Bartonmouth','166239',0,'2005-10-02 04:41:14','2020-05-09 18:48:44'),(20,58,'w','1996-01-27','Lake Danial','263776569',0,'1997-01-16 21:46:22','2020-05-09 18:48:44'),(21,54,'m','1994-11-23','Cronafort','968',0,'2003-09-03 01:28:25','2020-05-09 18:48:44'),(22,98,'m','2001-12-11','North Elmira','797375',1,'1994-05-01 04:45:06','2020-05-09 18:49:01'),(23,25,'w','2002-02-18','Sipesstad','7240',0,'2002-02-16 23:09:09','2020-05-09 18:48:44'),(24,32,'w','1997-06-09','Purdyville','',0,'2003-08-18 02:10:14','2020-05-09 18:48:44'),(25,84,'w','1982-06-23','New Tillman','2',0,'2008-04-14 01:09:26','2020-05-09 18:48:44'),(26,25,'w','1998-09-21','Schinnerside','69479908',0,'1995-05-14 14:38:19','2020-05-09 18:48:44'),(27,71,'m','1980-08-18','Port Ralph','47857',1,'1973-03-29 13:56:42','2020-05-09 18:49:01'),(28,82,'m','1977-06-04','West Emeryfort','801690435',0,'1975-01-18 04:57:27','2020-05-09 18:48:44'),(29,95,'w','2000-01-01','Wunschton','41',1,'1982-06-25 07:18:43','2020-05-09 18:49:01'),(30,28,'m','1993-06-14','Harrisburgh','772',0,'2009-10-10 07:26:03','2020-05-09 18:48:44'),(31,54,'w','1994-05-07','New Clementinastad','58795',0,'2019-10-16 03:03:22','2020-05-09 18:48:44'),(32,84,'m','2019-03-29','New Reinhold','6',0,'1987-04-29 05:15:21','2020-05-09 18:48:44'),(33,60,'w','2015-08-19','New August','958516',1,'2020-03-24 22:34:37','2020-05-09 18:49:01'),(34,47,'w','2000-09-09','New Jada','840860',0,'1986-07-18 08:56:09','2020-05-09 18:48:44'),(35,55,'w','1995-12-13','South Marianna','23018',0,'1970-06-18 12:41:27','2020-05-09 18:48:44'),(36,33,'w','2018-07-14','North Idell','8291',1,'1989-03-04 09:02:09','2020-05-09 18:49:01'),(37,100,'m','1989-02-28','Lake Mathiaston','995799',0,'1971-11-02 18:11:27','2020-05-09 18:48:44'),(38,100,'m','1972-10-14','East Domenic','9',0,'1974-06-28 03:19:54','2020-05-09 18:48:44'),(39,99,'m','2001-10-28','Lemkeberg','5',1,'1990-11-04 15:11:28','2020-05-09 18:49:01'),(40,93,'w','1977-02-05','Beckerberg','24',0,'1997-12-12 03:22:03','2020-05-09 18:48:44'),(41,69,'m','2012-03-26','South Hillary','',0,'2013-01-22 08:37:02','2020-05-09 18:48:44'),(42,68,'m','1998-10-19','Port Sabina','61',0,'2013-01-21 18:19:08','2020-05-09 18:48:44'),(43,29,'w','1975-03-05','East Fredy','4',1,'2000-08-07 21:47:07','2020-05-09 18:49:01'),(44,40,'m','2004-09-29','East Savannah','2',0,'1973-07-15 20:56:36','2020-05-09 18:48:44'),(45,13,'m','2015-06-23','West Ralphton','8948840',0,'1976-04-26 23:00:19','2020-05-09 18:48:44'),(46,44,'m','2002-11-30','North Tyra','809785079',1,'1985-02-23 03:29:02','2020-05-09 18:49:01'),(47,81,'w','1983-04-07','Greenmouth','20483',0,'1972-11-03 12:41:21','2020-05-09 18:48:44'),(48,71,'m','1984-01-08','North Flobury','366483583',1,'2011-07-14 17:13:05','2020-05-09 18:49:01'),(49,14,'w','2014-10-17','Betsyberg','69267',1,'1977-03-23 07:30:00','2020-05-09 18:49:01'),(50,54,'m','1998-06-11','Aryannahaven','864932830',0,'1991-05-28 13:18:46','2020-05-09 18:48:44'),(51,29,'m','1977-08-11','New Arlene','6',0,'2017-03-27 06:51:19','2020-05-09 18:48:44'),(52,82,'m','1986-06-08','West Marcellashire','546171704',1,'2002-05-09 19:34:35','2020-05-09 18:49:01'),(53,21,'w','1996-11-08','West Elmira','2961694',0,'1988-05-16 17:46:24','2020-05-09 18:48:44'),(54,60,'m','1975-07-08','New Elmorefort','157',0,'2000-06-12 08:02:55','2020-05-09 18:48:44'),(55,37,'m','1989-07-24','East Madisen','65293',1,'1990-07-08 13:06:35','2020-05-09 18:49:01'),(56,2,'m','1990-04-02','Lake Erikamouth','',0,'1983-03-15 22:13:12','2020-05-09 18:48:44'),(57,1,'m','1983-09-21','Fredymouth','829',0,'1993-05-29 11:58:05','2020-05-09 18:48:44'),(58,100,'w','1972-02-26','West Saul','83',1,'1999-09-15 04:25:16','2020-05-09 18:49:01'),(59,93,'m','1973-11-29','New Christop','',1,'1974-10-12 04:25:19','2020-05-09 18:49:01'),(60,65,'m','2001-08-11','Melvinshire','616',1,'1987-01-06 14:05:07','2020-05-09 18:49:01'),(61,48,'w','1998-04-01','North Hiram','561672359',1,'2008-06-17 15:23:30','2020-05-09 18:49:01'),(62,43,'m','2001-05-01','New Alexzander','6040',0,'2011-08-08 11:24:31','2020-05-09 18:48:44'),(63,70,'m','1989-01-26','Lake Trudiebury','6058',0,'1981-06-20 08:31:58','2020-05-09 18:48:44'),(64,20,'m','2018-10-15','Batzstad','4027660',1,'2004-10-03 11:15:05','2020-05-09 18:49:01'),(65,91,'w','2001-05-10','West Christopher','2240',1,'2015-12-25 02:19:14','2020-05-09 18:49:01'),(66,95,'m','2008-01-19','Paulmouth','62926',1,'1982-03-13 16:16:19','2020-05-09 18:49:01'),(67,100,'m','1996-10-22','Lake Jennings','459',1,'2018-06-16 21:52:09','2020-05-09 18:49:01'),(68,16,'w','1981-09-14','Raefort','59776',1,'1977-01-06 02:31:55','2020-05-09 18:49:01'),(69,80,'m','1987-08-16','New Alejandra','53',1,'2001-06-07 13:45:46','2020-05-09 18:49:01'),(70,49,'w','1998-03-13','Port Deonburgh','40',1,'1976-06-19 07:47:15','2020-05-09 18:49:01'),(71,7,'w','1987-03-30','Port Brionnaview','',1,'1983-11-07 05:16:30','2020-05-09 18:49:01'),(72,86,'w','1974-04-05','South Maynard','2877329',1,'1990-06-05 08:51:43','2020-05-09 18:49:01'),(73,8,'m','2015-04-30','Keelinghaven','814337',1,'1972-09-10 18:23:36','2020-05-09 18:49:01'),(74,84,'m','1978-11-16','Binsstad','81',1,'2010-10-30 17:33:31','2020-05-09 18:49:01'),(75,95,'m','1984-12-01','East Elvera','',1,'1970-06-30 17:14:23','2020-05-09 18:49:01'),(76,22,'w','1977-02-23','Stokesburgh','248670700',1,'2014-11-25 04:04:47','2020-05-09 18:49:01'),(77,25,'w','1977-01-22','Lake Paolo','52361',1,'2000-01-24 04:39:00','2020-05-09 18:49:01'),(78,59,'w','2009-05-25','East Gregoryland','65870',0,'2016-01-28 09:39:34','2020-05-09 18:48:44'),(79,19,'m','1991-03-31','South Haventown','31802387',1,'1984-06-30 07:12:48','2020-05-09 18:49:01'),(80,18,'w','1989-11-13','Georgianaport','70428319',1,'1998-03-08 17:35:37','2020-05-09 18:49:01'),(81,31,'m','1987-01-12','Ernserside','4885',0,'2010-04-03 23:20:55','2020-05-09 18:48:44'),(82,3,'w','1972-03-01','East Brayan','51118',1,'2009-07-23 08:50:25','2020-05-09 18:49:01'),(83,20,'w','2011-01-03','Ileneville','',1,'2014-06-22 06:26:38','2020-05-09 18:49:01'),(84,92,'w','2015-08-13','Lake Artland','2506824',1,'1999-12-02 01:10:54','2020-05-09 18:49:01'),(85,100,'w','2009-06-23','North Rowanville','27',0,'2003-02-16 15:27:19','2020-05-09 18:48:44'),(86,24,'m','1975-01-10','Libbyland','6',1,'2011-11-15 15:41:12','2020-05-09 18:49:01'),(87,17,'w','1993-03-01','Danielton','2653899',1,'2008-11-25 00:48:36','2020-05-09 18:49:01'),(88,15,'m','2017-11-22','Lake Treva','',0,'2013-04-08 15:00:12','2020-05-09 18:48:44'),(89,21,'m','1994-06-25','Kaileeville','45',1,'2011-07-12 05:05:29','2020-05-09 18:49:01'),(90,60,'w','1979-08-07','South Efren','80380',1,'2016-07-21 16:33:32','2020-05-09 18:49:01'),(91,35,'m','2018-04-26','Amarachester','32049161',0,'2015-07-01 03:55:50','2020-05-09 18:48:44'),(92,97,'m','2019-10-03','Ratkeshire','94',1,'1986-03-26 06:30:56','2020-05-09 18:49:01'),(93,81,'m','2000-11-26','East Philip','4980',1,'2010-04-08 18:33:25','2020-05-09 18:49:01'),(94,10,'w','2010-11-19','Lake Hipolito','29873439',1,'2007-09-02 08:29:27','2020-05-09 18:49:01'),(95,9,'m','2012-01-09','Lamontland','1542',1,'2007-11-25 02:48:06','2020-05-09 18:49:01'),(96,13,'m','2016-12-16','Streichmouth','7244844',1,'2005-08-02 12:28:54','2020-05-09 18:49:01'),(97,37,'m','2016-11-01','Christianbury','38708',1,'2002-03-19 21:20:48','2020-05-09 18:49:01'),(98,45,'w','1992-05-20','North Brendaport','3',1,'1974-02-09 03:19:42','2020-05-09 18:49:01'),(99,14,'w','1979-02-22','Pagacmouth','275885',1,'1982-07-29 03:05:46','2020-05-09 18:49:01'),(100,35,'w','1994-11-22','North Henry','',1,'2006-06-04 04:53:46','2020-05-09 18:49:01');
/*!40000 ALTER TABLE `profiles` ENABLE KEYS */;
UNLOCK TABLES;

--
-- Table structure for table `target_types`
--

DROP TABLE IF EXISTS `target_types`;
/*!40101 SET @saved_cs_client     = @@character_set_client */;
/*!50503 SET character_set_client = utf8mb4 */;
CREATE TABLE `target_types` (
  `id` int unsigned NOT NULL AUTO_INCREMENT,
  `name` varchar(255) NOT NULL,
  `created_at` datetime DEFAULT CURRENT_TIMESTAMP,
  PRIMARY KEY (`id`),
  UNIQUE KEY `name` (`name`)
) ENGINE=InnoDB AUTO_INCREMENT=5 DEFAULT CHARSET=utf8mb4 COLLATE=utf8mb4_0900_ai_ci;
/*!40101 SET character_set_client = @saved_cs_client */;

--
-- Dumping data for table `target_types`
--

LOCK TABLES `target_types` WRITE;
/*!40000 ALTER TABLE `target_types` DISABLE KEYS */;
INSERT INTO `target_types` VALUES (1,'messages','2020-06-23 09:10:40'),(2,'users','2020-06-23 09:10:40'),(3,'media','2020-06-23 09:10:40'),(4,'posts','2020-06-23 09:10:40');
/*!40000 ALTER TABLE `target_types` ENABLE KEYS */;
UNLOCK TABLES;

--
-- Table structure for table `user_statuses`
--

DROP TABLE IF EXISTS `user_statuses`;
/*!40101 SET @saved_cs_client     = @@character_set_client */;
/*!50503 SET character_set_client = utf8mb4 */;
CREATE TABLE `user_statuses` (
  `id` int unsigned NOT NULL AUTO_INCREMENT,
  `name` varchar(150) NOT NULL,
  PRIMARY KEY (`id`),
  UNIQUE KEY `name` (`name`)
) ENGINE=InnoDB AUTO_INCREMENT=4 DEFAULT CHARSET=utf8mb4 COLLATE=utf8mb4_0900_ai_ci;
/*!40101 SET character_set_client = @saved_cs_client */;

--
-- Dumping data for table `user_statuses`
--

LOCK TABLES `user_statuses` WRITE;
/*!40000 ALTER TABLE `user_statuses` DISABLE KEYS */;
INSERT INTO `user_statuses` VALUES (1,'active'),(2,'blocked'),(3,'deleted');
/*!40000 ALTER TABLE `user_statuses` ENABLE KEYS */;
UNLOCK TABLES;

--
-- Table structure for table `users`
--

DROP TABLE IF EXISTS `users`;
/*!40101 SET @saved_cs_client     = @@character_set_client */;
/*!50503 SET character_set_client = utf8mb4 */;
CREATE TABLE `users` (
  `id` int unsigned NOT NULL AUTO_INCREMENT,
  `first_name` varchar(100) NOT NULL,
  `last_name` varchar(100) NOT NULL,
  `email` varchar(100) NOT NULL,
  `phone` varchar(100) NOT NULL,
  `status_id` int unsigned DEFAULT NULL,
  `created_at` datetime DEFAULT CURRENT_TIMESTAMP,
  `updated_at` datetime DEFAULT CURRENT_TIMESTAMP ON UPDATE CURRENT_TIMESTAMP,
  PRIMARY KEY (`id`),
  UNIQUE KEY `email` (`email`),
  UNIQUE KEY `phone` (`phone`),
  KEY `users_status_id_fk` (`status_id`),
  CONSTRAINT `users_status_id_fk` FOREIGN KEY (`status_id`) REFERENCES `user_statuses` (`id`) ON DELETE SET NULL
) ENGINE=InnoDB AUTO_INCREMENT=101 DEFAULT CHARSET=utf8mb4 COLLATE=utf8mb4_0900_ai_ci;
/*!40101 SET character_set_client = @saved_cs_client */;

--
-- Dumping data for table `users`
--

LOCK TABLES `users` WRITE;
/*!40000 ALTER TABLE `users` DISABLE KEYS */;
INSERT INTO `users` VALUES (1,'Taryn','Welch','myrl74@example.com','08548889999',1,'1987-10-19 19:11:17','1989-05-17 21:43:38'),(2,'Francisca','Veum','erdman.thalia@example.net','(115)838-2376x785',1,'1973-03-25 00:14:52','1976-02-08 02:53:51'),(3,'Yolanda','Reinger','xgreen@example.com','(073)076-6250x05143',1,'1975-02-23 01:40:35','2001-01-21 06:40:19'),(4,'Darius','Rosenbaum','carli.romaguera@example.com','(123)682-9769',1,'2013-03-20 23:02:52','2020-05-09 18:46:44'),(5,'Ansel','Torphy','kennedy.johnston@example.net','(887)898-2946x860',1,'1998-10-12 05:52:41','2018-05-27 20:52:33'),(6,'Tyreek','Schinner','rgorczany@example.net','1-882-290-6362',1,'2009-01-11 15:55:10','2020-05-09 18:46:44'),(7,'Devyn','Lowe','vvandervort@example.net','1-597-233-7927x5998',1,'1990-05-03 10:01:50','2005-01-30 02:25:51'),(8,'Grover','Welch','thahn@example.net','853-876-1979',1,'1970-01-12 07:28:34','2020-04-17 00:50:53'),(9,'Jessy','Raynor','patrick.schultz@example.org','1-884-147-6080',1,'1995-12-26 03:56:39','2020-05-09 18:46:44'),(10,'Karl','Reilly','kgreenholt@example.net','(567)054-2233x522',1,'1981-09-17 13:17:35','2006-02-09 16:54:55'),(11,'Karolann','Casper','marquardt.winifred@example.com','091-711-1097x840',1,'1971-02-06 11:59:29','1997-02-13 19:15:33'),(12,'Elna','Heathcote','griffin.howe@example.com','(374)853-7940',1,'1975-10-24 13:07:01','1976-08-01 18:38:42'),(13,'Pearl','Lueilwitz','fleta27@example.net','(427)905-5617',1,'1989-03-06 19:52:00','2008-05-27 12:36:33'),(14,'Humberto','Orn','bdaniel@example.net','389-497-8112x92493',1,'1983-02-13 06:15:02','2013-10-13 18:42:49'),(15,'Angelina','Blick','qtorp@example.net','1-003-845-5577x040',1,'2009-09-04 13:24:07','2020-05-09 18:46:44'),(16,'Winona','Keebler','madonna.ankunding@example.org','846.175.6539',1,'1984-03-26 18:11:29','2002-08-11 18:01:23'),(17,'Daphney','Kuhic','jakob01@example.org','+55(6)5085318972',1,'1996-01-02 01:23:34','2010-05-05 13:56:43'),(18,'Amiya','Bins','isom.harvey@example.com','(933)390-8214',1,'1976-08-21 14:31:49','1988-12-06 20:40:31'),(19,'Jillian','Volkman','kevin.goldner@example.com','1-610-223-2851x577',1,'1970-11-29 07:39:52','1993-10-23 10:07:43'),(20,'Giovani','Mayer','demarcus45@example.net','+56(3)3640696605',1,'2004-02-07 12:43:28','2020-05-09 18:46:44'),(21,'Felicita','Wolf','oren.spinka@example.net','(699)323-2200',1,'1981-02-17 11:47:45','2005-12-10 03:10:34'),(22,'Makayla','Kerluke','ignacio53@example.org','(045)763-7345x941',1,'1975-06-30 07:20:07','1995-07-22 12:51:53'),(23,'Genevieve','Stoltenberg','tstrosin@example.net','853.193.3440',1,'1980-02-21 12:13:44','2018-08-02 08:16:19'),(24,'Kailee','Klein','elizabeth.moore@example.org','1-834-659-7716x34519',1,'1985-02-03 16:45:18','1994-11-07 03:37:35'),(25,'Llewellyn','Beer','dayna09@example.net','05305866765',1,'1975-02-08 20:02:35','2015-02-26 04:07:24'),(26,'Glen','Stehr','hermann.christy@example.net','745-235-1350x97025',1,'2003-01-01 05:40:25','2005-12-13 03:20:27'),(27,'Moses','Schuster','austin53@example.net','420.883.6407',1,'2001-04-04 11:13:47','2020-05-09 18:46:44'),(28,'Earnestine','Lesch','hettinger.art@example.net','1-810-408-6037',1,'1991-01-29 04:15:01','2019-03-11 05:32:20'),(29,'Angelica','McKenzie','randi00@example.com','837-187-4630x619',1,'2007-12-15 21:21:50','2020-05-09 18:46:44'),(30,'Jamir','Olson','lowe.maryam@example.com','1-230-622-9001',1,'2014-11-20 05:49:26','2020-05-09 18:46:44'),(31,'Marlen','Mraz','lola76@example.com','(701)551-8557x78281',1,'1973-05-02 23:44:29','2014-12-16 02:25:16'),(32,'Jamir','McGlynn','thad28@example.com','464-174-2049x440',1,'2012-01-03 07:00:45','2020-05-09 18:46:44'),(33,'Hershel','Brown','sporer.enrico@example.com','07110033387',1,'1982-06-04 23:54:06','2011-03-02 00:41:45'),(34,'Ahmad','Stark','xtreutel@example.com','1-609-035-7463',1,'2004-05-30 23:22:24','2020-05-09 18:46:44'),(35,'Evangeline','Fay','rquigley@example.com','925.754.5112x81847',1,'1991-05-16 18:19:35','1991-09-07 23:50:13'),(36,'Jose','Schiller','uriel.fritsch@example.net','945.267.2355x362',1,'1993-10-21 10:14:55','2020-05-09 18:46:44'),(37,'Jermaine','Crona','reva.stroman@example.net','+93(1)0528461849',1,'1985-05-29 09:56:41','2020-05-09 18:46:44'),(38,'Paul','Bradtke','naomi.runolfsson@example.org','05189894871',1,'2007-10-16 10:39:46','2020-05-09 18:46:44'),(39,'Chadd','Brekke','qhartmann@example.net','708-910-7563x300',1,'1982-01-07 13:46:21','2004-05-07 04:50:21'),(40,'Donnell','Zieme','richmond.mckenzie@example.net','(665)280-7553',1,'1998-09-16 06:38:52','2020-05-09 18:46:44'),(41,'Akeem','McGlynn','aliyah81@example.net','(084)995-4024x42798',1,'1977-07-03 15:38:41','2008-12-02 08:59:39'),(42,'Angelica','Klein','rosinski@example.net','1-308-207-0752x195',1,'1985-04-20 23:50:30','2011-05-15 08:37:37'),(43,'Jaden','Bogisich','mireille.adams@example.com','+49(5)9265934915',1,'2010-06-18 19:45:47','2020-05-09 18:46:44'),(44,'Dortha','Greenholt','adeline24@example.com','095.563.7696x04816',1,'1973-09-22 17:59:32','2001-01-28 12:38:00'),(45,'Alexanne','Quigley','fay.ulices@example.com','(506)249-1893',1,'1987-04-30 20:39:53','1993-07-17 15:58:14'),(46,'Theresa','Conn','evan00@example.net','(489)334-2750x10135',1,'2019-10-27 14:15:16','2020-05-09 18:46:44'),(47,'Carey','Oberbrunner','terrill.rippin@example.org','(572)021-1239',1,'1985-04-09 18:58:23','2017-02-05 16:14:49'),(48,'Maymie','O\'Hara','eichmann.monique@example.com','+93(3)0389784074',1,'2006-02-22 01:18:24','2012-05-30 10:56:28'),(49,'Haley','Parker','jarvis29@example.org','+22(9)2897659916',1,'1980-07-24 13:56:02','2020-05-09 18:46:44'),(50,'Alexis','Okuneva','fharber@example.net','238.775.9479x737',1,'1980-09-24 02:08:30','2019-10-26 07:25:08'),(51,'Barton','Ratke','neichmann@example.org','1-371-993-9925x83472',1,'1973-08-27 23:21:51','2007-10-23 09:48:59'),(52,'Rhoda','Mante','markus15@example.net','1-814-907-1741',1,'2019-05-26 06:37:55','2020-05-09 18:46:44'),(53,'Kayden','Ullrich','wmorar@example.org','371.438.6181x87238',1,'2014-10-11 04:06:19','2020-05-09 18:46:44'),(54,'Pamela','Lesch','nraynor@example.org','+23(6)2810311570',1,'1975-11-01 12:02:51','2012-04-05 08:33:52'),(55,'Millie','Kris','keara21@example.com','1-374-579-9793x64355',1,'2006-04-27 00:02:39','2020-05-09 18:46:44'),(56,'Lane','Powlowski','kub.louisa@example.com','(345)031-6850x4738',1,'2019-06-30 01:36:05','2020-05-09 18:46:44'),(57,'Roberto','Rogahn','xgreen@example.org','1-921-041-3939',1,'1983-08-12 23:32:09','2020-05-09 18:46:44'),(58,'Juvenal','Boyer','uyost@example.net','858-949-5474',1,'1993-10-05 14:03:02','2020-05-09 18:46:44'),(59,'Cindy','Murray','alivia68@example.org','1-976-247-6119x052',1,'2000-06-25 11:25:52','2020-05-09 18:46:44'),(60,'Maybelle','Hegmann','francesca62@example.org','592.395.6830x221',1,'1972-01-30 12:57:00','2012-12-28 22:54:42'),(61,'Eriberto','Swaniawski','tillman.stroman@example.com','(013)925-6160x83284',1,'2012-07-29 14:28:15','2020-05-09 18:46:44'),(62,'Susana','Hyatt','clara00@example.com','1-233-354-0296x9598',1,'2011-04-14 22:25:44','2020-05-09 18:46:44'),(63,'Georgianna','Fay','xschmidt@example.org','710-941-3589',1,'2020-03-28 15:14:31','2020-05-09 18:46:44'),(64,'Amparo','Kulas','amos.wolf@example.org','569-468-4704',1,'1985-11-14 14:32:57','1992-08-11 23:36:09'),(65,'Guillermo','Rice','wisoky.winston@example.org','06775054512',1,'1984-07-06 18:12:54','1993-09-21 04:02:02'),(66,'Ashlynn','Predovic','maye.dietrich@example.org','(610)570-3269x9381',1,'2010-04-11 02:49:08','2020-05-09 18:46:44'),(67,'Avis','Kertzmann','dee82@example.com','01710834351',1,'2020-01-26 18:59:15','2020-05-09 18:46:44'),(68,'Mireille','Prohaska','audra20@example.com','527.368.0447x576',1,'2008-01-02 12:52:45','2020-05-09 18:46:44'),(69,'Ford','Braun','vnikolaus@example.com','(818)896-4739',1,'1994-12-25 01:41:00','2020-05-09 18:46:44'),(70,'Keegan','Dooley','tlemke@example.net','608.048.4227x33341',1,'1978-08-03 08:03:19','2013-08-01 15:37:01'),(71,'Tara','Langworth','hermiston.gia@example.net','1-765-137-5719',1,'2014-08-26 20:01:02','2020-05-09 18:46:44'),(72,'Myrtis','Conroy','wheathcote@example.net','511.054.8125',1,'2002-04-20 22:12:55','2010-06-10 11:54:27'),(73,'Vilma','Hackett','frami.armando@example.com','(094)308-9818x291',1,'2012-07-24 08:13:18','2018-08-30 11:02:31'),(74,'Karl','Altenwerth','hboehm@example.org','475.529.7825x9570',1,'2006-11-12 10:13:25','2020-05-09 18:46:44'),(75,'Michelle','Kilback','ara.conroy@example.net','967-944-9660x3871',1,'1981-06-08 22:16:09','1987-06-11 03:27:11'),(76,'Jose','Buckridge','bode.shannon@example.com','(342)252-1080x308',1,'2015-07-11 12:53:10','2020-05-09 18:46:44'),(77,'Celestine','Monahan','cassidy12@example.org','(922)217-3025x760',1,'2007-10-05 02:07:56','2020-05-09 18:46:44'),(78,'Rashad','Gutkowski','lowe.emely@example.net','(111)961-5254x164',1,'1978-11-24 12:49:53','2003-08-09 22:27:37'),(79,'Myriam','Tremblay','icorwin@example.org','961-197-6996x326',1,'1978-08-29 04:36:21','2007-05-24 13:36:49'),(80,'Alf','Cassin','litzy.purdy@example.org','971-384-9624x5777',1,'2009-03-18 00:20:49','2020-05-09 18:46:44'),(81,'Jovan','Gerhold','kcummings@example.org','(139)054-7809',1,'1995-05-27 09:40:01','2013-01-28 05:19:22'),(82,'Anibal','Quitzon','nolan.roob@example.com','1-639-665-8555x928',1,'1995-02-24 22:25:10','2019-09-27 03:00:29'),(83,'Clarissa','VonRueden','maverick27@example.com','(608)912-3544',1,'1999-01-15 17:16:03','2018-06-03 23:02:03'),(84,'Marge','Kunze','reynolds.ezra@example.com','05433653069',1,'2014-09-06 18:52:31','2020-05-09 18:46:44'),(85,'Alexie','Lind','tgerlach@example.org','1-957-547-4983',1,'2016-06-02 18:52:03','2020-05-09 18:46:44'),(86,'Rubye','Kunze','jhoppe@example.com','00092675397',1,'1989-01-23 15:45:19','2017-09-25 19:09:01'),(87,'May','Hermiston','funk.janiya@example.com','625-583-8065x0044',1,'2000-09-07 03:54:05','2008-06-22 00:04:15'),(88,'Salma','Will','cremin.angie@example.org','+39(9)9661040935',1,'2004-05-07 22:10:15','2020-05-09 18:46:44'),(89,'Scarlett','Price','beryl.streich@example.org','814.717.0770x654',1,'2000-01-11 13:48:08','2020-05-09 18:46:44'),(90,'Sabrina','Wyman','beatty.concepcion@example.net','1-336-590-3664',1,'1991-12-01 06:58:21','2020-05-09 18:46:44'),(91,'Austin','Cole','jazmyne.klein@example.net','298-368-9488x62922',1,'1998-12-31 11:14:39','2020-05-09 18:46:44'),(92,'Itzel','Welch','murray.ryleigh@example.com','1-280-404-0166x4136',1,'2009-06-25 02:17:28','2020-05-09 18:46:44'),(93,'Tracey','Hand','elliott.kilback@example.org','757-640-3001x6783',1,'1994-03-05 08:41:54','2020-05-09 18:46:44'),(94,'Alice','Mosciski','missouri.kub@example.org','08033669582',1,'2007-07-31 22:09:11','2020-05-09 18:46:44'),(95,'Donato','Fisher','gwendolyn10@example.net','01283009451',1,'2018-06-08 01:29:40','2020-05-09 18:46:44'),(96,'Aaron','Rippin','kassulke.gennaro@example.org','789-859-8314',1,'1979-12-04 12:38:32','1996-02-19 22:47:30'),(97,'Angelica','Mayert','strosin.kristin@example.org','07491456811',1,'2018-04-28 21:50:06','2020-05-09 18:46:44'),(98,'Remington','Hand','miracle.watsica@example.net','1-129-715-4888',1,'1979-11-22 06:14:34','2006-01-26 06:00:28'),(99,'Cleo','Kuhlman','reyes.mclaughlin@example.com','1-476-403-4252x297',1,'2016-10-05 10:32:43','2020-05-09 18:46:44'),(100,'Shaina','O\'Keefe','axel.bergstrom@example.org','05346983048',1,'2005-07-30 20:08:27','2020-05-09 18:46:44');
/*!40000 ALTER TABLE `users` ENABLE KEYS */;
UNLOCK TABLES;

--
-- Dumping routines for database 'vk'
--
/*!40103 SET TIME_ZONE=@OLD_TIME_ZONE */;

/*!40101 SET SQL_MODE=@OLD_SQL_MODE */;
/*!40014 SET FOREIGN_KEY_CHECKS=@OLD_FOREIGN_KEY_CHECKS */;
/*!40014 SET UNIQUE_CHECKS=@OLD_UNIQUE_CHECKS */;
/*!40101 SET CHARACTER_SET_CLIENT=@OLD_CHARACTER_SET_CLIENT */;
/*!40101 SET CHARACTER_SET_RESULTS=@OLD_CHARACTER_SET_RESULTS */;
/*!40101 SET COLLATION_CONNECTION=@OLD_COLLATION_CONNECTION */;
/*!40111 SET SQL_NOTES=@OLD_SQL_NOTES */;

-- Dump completed on 2020-06-23  9:28:53
